user_id,transaction_count,total_transaction_value,average_transaction_amount
U04461,27,6345.38,235.01
U04702,23,6644.35,288.88
U02095,22,6336.07,288
U03397,22,6950.79,315.95
U04163,21,5514.48,262.59
U00428,21,9589.09,456.62
U00245,21,6886.91,327.95
U04303,21,4809.35,229.02
U01417,21,3851.48,183.4
U03796,20,4482.36,224.12
U04933,20,5310.66,265.53
U03125,20,7243.35,362.17
U00895,20,3975.94,198.8
U03691,20,4852.98,242.65
U03477,20,4072.59,203.63
U02997,20,4983.79,249.19
U01657,20,6640.02,332
U03543,20,7930.82,396.54
U01001,20,4544.67,227.23
U01192,19,5721.32,301.12
U00226,19,5961.33,313.75
U04521,19,6412.88,337.52
U03946,19,4569.72,240.51
U00687,19,5276.02,277.69
U03493,19,4565.12,240.27
U00293,19,5193.05,273.32
U03786,19,4523.02,238.05
U01514,19,7587.81,399.36
U04102,19,5012.22,263.8
U02978,19,4063.03,213.84
U02464,19,5061.01,266.37
U01876,19,3577.63,188.3
U04050,19,5006.79,263.52
U01903,19,7765.88,408.73
U01104,19,7980.56,420.03
U00128,19,3867.79,203.57
U00409,19,4957.72,260.93
U02893,19,5221.29,274.8
U00178,19,5074.23,267.06
U01542,19,5618.35,295.7
U03698,19,6125.55,322.4
U02942,19,4079.87,214.73
U03813,19,5261.35,276.91
U03905,19,5754.03,302.84
U04114,19,4844.76,254.99
U03766,19,4623.35,243.33
U01124,19,5255.14,276.59
U03175,19,6174.45,324.97
U02896,18,4394.04,244.11
U04690,18,4386.67,243.7
U00697,18,5971.25,331.74
U01627,18,4329.73,240.54
U04295,18,4475.49,248.64
U00007,18,4502.82,250.16
U04221,18,3391.91,188.44
U03087,18,6411.47,356.19
U04447,18,6333.7,351.87
U02501,18,4062.29,225.68
U04795,18,4498.01,249.89
U00582,18,6628.98,368.28
U01362,18,3267.09,181.51
U03234,18,4718.84,262.16
U04705,18,3677.96,204.33
U00435,18,2921.77,162.32
U03544,18,6833.31,379.63
U03870,18,2659.19,147.73
U00596,18,8298.79,461.04
U01983,18,5197.66,288.76
U02812,18,6284.27,349.13
U02149,18,5054.13,280.79
U03029,18,3925.85,218.1
U03930,18,5839.21,324.4
U01442,18,8966.9,498.16
U02218,18,4475.43,248.64
U03431,18,4529.95,251.66
U04334,17,3933.86,231.4
U02057,17,3955.49,232.68
U00912,17,4980.39,292.96
U01035,17,6417.2,377.48
U02017,17,4561.33,268.31
U02221,17,5362.38,315.43
U01279,17,7815.06,459.71
U01376,17,4925.65,289.74
U01522,17,5384.19,316.72
U04071,17,3350.16,197.07
U01839,17,4850.58,285.33
U02381,17,4644.89,273.23
U02863,17,4467.28,262.78
U02271,17,4775.15,280.89
U04697,17,5383.72,316.69
U02776,17,4588.72,269.92
U00615,17,6048.02,355.77
U02334,17,5750.84,338.28
U01494,17,3931.67,231.27
U02347,17,9232.21,543.07
U01736,17,6199.68,364.69
U02177,17,4138.1,243.42
U00531,17,8194.09,482.01
U02982,17,6306.36,370.96
U01398,17,5760.24,338.84
U00386,17,3409.3,200.55
U02808,17,4607.67,271.04
U04993,17,6663.54,391.97
U00953,17,12141.7,714.22
U03877,17,4821.9,283.64
U04043,17,4053.99,238.47
U01207,17,3513.31,206.67
U03549,17,5386.53,316.85
U03794,17,7475.17,439.72
U00312,17,6846.48,402.73
U04536,17,4201.92,247.17
U04519,17,4860.47,285.91
U04575,17,4492.63,264.27
U00184,17,5647.94,332.23
U04859,17,7206.85,423.93
U03843,17,3968.89,233.46
U01896,17,4691.81,275.99
U00421,17,6312.84,371.34
U01500,17,3777.59,222.21
U00225,17,3249.75,191.16
U03195,17,3409.69,200.57
U04127,17,4181.24,245.96
U04486,17,4852.94,285.47
U03355,17,3401.81,200.11
U03065,17,4062,238.94
U00512,17,5460.43,321.2
U01086,17,4178.45,245.79
U03596,17,4867.61,286.33
U00046,17,4146.13,243.89
U03086,17,4425.39,260.32
U03206,17,4331.98,254.82
U04943,17,4186.15,246.24
U03826,17,4793.01,281.94
U04649,17,4632.08,272.48
U00789,16,3729.5,233.09
U02825,16,4014.3,250.89
U02628,16,2146.41,134.15
U04300,16,6985.63,436.6
U01138,16,3681.38,230.09
U02179,16,4822.62,301.41
U02339,16,5922.17,370.14
U04969,16,5685.82,355.36
U03719,16,4469.01,279.31
U03441,16,3248.84,203.05
U03724,16,2742.01,171.38
U00836,16,5745.25,359.08
U04539,16,3813.98,238.37
U03316,16,3801.03,237.56
U01947,16,3956.25,247.27
U00543,16,5756.59,359.79
U04294,16,4009.03,250.56
U04243,16,4169.43,260.59
U04716,16,4372.31,273.27
U03815,16,4732.73,295.8
U03213,16,3771.69,235.73
U00030,16,4195.97,262.25
U02523,16,4074.42,254.65
U03611,16,4141.2,258.83
U01778,16,4221.9,263.87
U04838,16,3995.41,249.71
U00002,16,8681.58,542.6
U03636,16,6615.45,413.47
U04544,16,4967.77,310.49
U04276,16,4425.71,276.61
U02677,16,4470.99,279.44
U00448,16,5882.2,367.64
U01496,16,4361.86,272.62
U04328,16,4689.86,293.12
U01139,16,5025.82,314.11
U04798,16,6135.82,383.49
U00078,16,6042.06,377.63
U04831,16,3588.46,224.28
U01986,16,2560.01,160
U02491,16,3568.2,223.01
U04250,16,5158.06,322.38
U02693,16,4938.31,308.64
U01112,16,4768.32,298.02
U00276,16,5060.08,316.26
U02082,16,3751.61,234.48
U03040,16,4151.4,259.46
U01126,16,3382.14,211.38
U00899,16,4836.22,302.26
U03341,16,5171.05,323.19
U00273,16,2375.27,148.45
U02443,16,5003.88,312.74
U04394,16,4731.15,295.7
U00674,16,4941.59,308.85
U02078,16,4049.57,253.1
U02517,16,5335.19,333.45
U02963,16,3020.29,188.77
U04874,16,2200.33,137.52
U02130,16,2511.39,156.96
U04104,16,3702.46,231.4
U02404,16,3381.59,211.35
U02696,16,3920.8,245.05
U03706,16,4999.83,312.49
U02019,16,3233.71,202.11
U01507,16,3265.56,204.1
U02877,16,3812.68,238.29
U02120,16,4643.17,290.2
U01611,16,5044.49,315.28
U03380,16,4939.2,308.7
U00387,16,6106.48,381.66
U01861,16,5043.43,315.21
U02568,16,4650.05,290.63
U04417,16,4738.04,296.13
U03784,16,5013.94,313.37
U04101,16,4975.55,310.97
U02108,16,4477.07,279.82
U02722,16,4098.28,256.14
U00027,16,4679.1,292.44
U03039,16,4432.77,277.05
U03782,16,4727.81,295.49
U02024,16,4879.12,304.95
U02538,16,3419.22,213.7
U02964,16,3391.03,211.94
U03645,16,3476.5,217.28
U03829,16,4824.19,301.51
U01128,16,3187.34,199.21
U04807,16,5118.64,319.92
U00306,16,3636.32,227.27
U00654,16,3424.48,214.03
U02758,16,6829.09,426.82
U04476,16,4377.14,273.57
U01285,16,5901.23,368.83
U02512,16,5145.95,321.62
U04856,16,4301.09,268.82
U02032,16,3367.96,210.5
U02989,16,4196.91,262.31
U04756,16,4358.99,272.44
U02729,16,6854.54,428.41
U03169,16,3884.48,242.78
U00262,16,4263.92,266.5
U02526,16,3343.2,208.95
U03519,16,9610.71,600.67
U03575,16,3697.11,231.07
U03665,16,6636.74,414.8
U03012,16,3796.84,237.3
U04453,16,4252.63,265.79
U04754,16,3422.75,213.92
U03430,16,4196.32,262.27
U00388,16,6166.84,385.43
U03298,16,4414.33,275.9
U03953,15,5798.81,386.59
U03478,15,5038.78,335.92
U00288,15,3402.44,226.83
U02921,15,2867.95,191.2
U02087,15,6180.71,412.05
U01252,15,5714.48,380.97
U01294,15,5661.31,377.42
U00057,15,4620.98,308.07
U00672,15,5766.04,384.4
U02029,15,4881.85,325.46
U04567,15,4957.35,330.49
U02330,15,4953.38,330.23
U00847,15,4269.87,284.66
U02056,15,2730.77,182.05
U00817,15,3502.16,233.48
U00150,15,4224.11,281.61
U00828,15,3711.17,247.41
U02692,15,5069.68,337.98
U03997,15,3505.59,233.71
U00767,15,4365.34,291.02
U04046,15,3338.32,222.55
U03633,15,4916.67,327.78
U04833,15,5080.75,338.72
U03487,15,4361.37,290.76
U03695,15,4940.28,329.35
U01195,15,4124.41,274.96
U04503,15,4881.46,325.43
U00786,15,3319.99,221.33
U02569,15,4368.51,291.23
U01677,15,6609.22,440.61
U04774,15,4157.04,277.14
U04985,15,3297.47,219.83
U03113,15,5346.19,356.41
U00831,15,4411.07,294.07
U04627,15,2902.56,193.5
U04632,15,2746.66,183.11
U00561,15,4943.26,329.55
U04834,15,4686.15,312.41
U00712,15,2629.02,175.27
U01668,15,3692.83,246.19
U03739,15,3729.73,248.65
U03155,15,2489.23,165.95
U01586,15,3695.63,246.38
U02325,15,3652.14,243.48
U04144,15,4095.25,273.02
U04603,15,3881.31,258.75
U02433,15,3183.56,212.24
U01241,15,3378.64,225.24
U04313,15,7015.66,467.71
U01575,15,3129.66,208.64
U02596,15,2918.22,194.55
U02506,15,3525.76,235.05
U03520,15,5104.69,340.31
U00481,15,4868.07,324.54
U03114,15,6597.27,439.82
U02759,15,4442.57,296.17
U00800,15,3619.2,241.28
U04513,15,5401.4,360.09
U03236,15,2917.16,194.48
U03090,15,4173.74,278.25
U02834,15,4139.86,275.99
U01316,15,3993.79,266.25
U03160,15,3951.42,263.43
U01516,15,3624.27,241.62
U04442,15,4352.6,290.17
U02466,15,4581.1,305.41
U01322,15,4767.15,317.81
U01712,15,7149.31,476.62
U04817,15,4523.58,301.57
U02520,15,4665.47,311.03
U03172,15,4409.9,293.99
U03238,15,4845.3,323.02
U03282,15,5716.77,381.12
U01267,15,6077.27,405.15
U03089,15,3833.14,255.54
U01585,15,4182.19,278.81
U01622,15,6571.91,438.13
U04220,15,5427.57,361.84
U01998,15,3801.38,253.43
U03728,15,4057.7,270.51
U02189,15,4002.32,266.82
U00718,15,4428.39,295.23
U04494,15,5691.3,379.42
U03026,15,4253.19,283.55
U04138,15,3179.27,211.95
U03336,15,3113.87,207.59
U03279,15,2849.21,189.95
U02432,15,4549.25,303.28
U03890,15,6532.79,435.52
U00189,15,5319.26,354.62
U01715,15,2809.7,187.31
U04207,15,2136.28,142.42
U01010,15,3430.55,228.7
U04904,15,2347.85,156.52
U04397,15,4026.83,268.46
U00559,15,5285.63,352.38
U00446,15,5303.77,353.58
U03124,15,4085.52,272.37
U00021,15,4736.13,315.74
U03251,15,3350.02,223.33
U04055,15,3719.95,248
U01553,15,4843.48,322.9
U01332,15,4213.81,280.92
U03133,15,4090.81,272.72
U02456,15,3293.13,219.54
U04319,15,4578.22,305.21
U04866,15,5043.77,336.25
U01780,15,4562.28,304.15
U01855,15,3791.92,252.79
U02786,15,4769.79,317.99
U01813,15,4475.24,298.35
U02707,15,5249.53,349.97
U01578,15,2489.06,165.94
U00809,15,4481.67,298.78
U04963,15,3646.61,243.11
U03383,15,3119.84,207.99
U04208,15,4137.08,275.81
U02289,15,5309.94,354
U02158,15,5751.84,383.46
U01766,15,5018.72,334.58
U02441,15,3472.57,231.5
U02742,15,4677.23,311.82
U03880,15,6451.85,430.12
U02336,15,2982.89,198.86
U02318,15,3613.81,240.92
U03903,15,3084.09,205.61
U02589,15,3431.49,228.77
U04444,15,4395.11,293.01
U01221,15,2319.49,154.63
U04896,15,4497.28,299.82
U00414,15,3969.93,264.66
U00810,15,4094.02,272.93
U03354,15,3436.37,229.09
U04913,15,4383.88,292.26
U02943,15,4486.44,299.1
U00827,15,4969.56,331.3
U02479,15,3663.23,244.22
U04789,15,3446.14,229.74
U02075,15,3649.21,243.28
U00251,15,5491.44,366.1
U00188,15,6226.44,415.1
U04999,15,2770.4,184.69
U03027,15,4512.18,300.81
U00552,15,3629.85,241.99
U01674,15,4740.64,316.04
U04229,15,2455.08,163.67
U02850,15,3556.98,237.13
U00581,15,3942.94,262.86
U03151,15,5122.85,341.52
U02416,15,3867.56,257.84
U01652,15,5202.74,346.85
U02341,15,3327.51,221.83
U00284,15,3965.43,264.36
U02519,15,3006.09,200.41
U01673,15,2333.83,155.59
U04168,15,2966.12,197.74
U03806,15,4705.05,313.67
U03876,15,3819.03,254.6
U02533,15,3207.9,213.86
U04612,15,3257.67,217.18
U00695,15,4683.05,312.2
U04338,15,4866.11,324.41
U04614,15,5387.7,359.18
U00949,15,5677.57,378.5
U04925,15,2906.45,193.76
U02756,15,5200.51,346.7
U03963,15,7107.3,473.82
U04720,15,3439.88,229.33
U03962,15,4087.71,272.51
U04427,14,6592.09,470.86
U00873,14,4092.59,292.33
U02148,14,3900.6,278.61
U00741,14,5446.71,389.05
U04959,14,3844.72,274.62
U00656,14,4021.44,287.25
U02910,14,2121.35,151.53
U03751,14,2634.59,188.19
U03756,14,4705.3,336.09
U03961,14,2354.86,168.2
U04339,14,4503.3,321.66
U00056,14,2889.56,206.4
U02966,14,6701.03,478.65
U03227,14,3310.72,236.48
U03006,14,3072.46,219.46
U01555,14,6709.33,479.24
U00420,14,4813.59,343.83
U02644,14,3204.18,228.87
U00465,14,3063.96,218.85
U02442,14,3455.16,246.8
U03320,14,4256.96,304.07
U02844,14,3962.99,283.07
U04105,14,4610.51,329.32
U00787,14,3977.85,284.13
U00053,14,3373.47,240.96
U00930,14,4392.55,313.75
U00023,14,6160.51,440.04
U04510,14,2432.98,173.78
U00210,14,3192.29,228.02
U00815,14,3330.24,237.87
U00724,14,3052.07,218.01
U03769,14,3690.24,263.59
U03057,14,3934.07,281.01
U01927,14,4000.18,285.73
U01213,14,4270.73,305.05
U02207,14,3585.96,256.14
U02733,14,3930.02,280.72
U04164,14,4752.08,339.43
U01005,14,3299.37,235.67
U03605,14,3112.45,222.32
U03199,14,2352.25,168.02
U04780,14,3612.76,258.05
U04408,14,4625.7,330.41
U04204,14,5776.04,412.57
U00019,14,2573.76,183.84
U02096,14,4431.92,316.57
U04342,14,3323.49,237.39
U03507,14,3043.67,217.41
U00579,14,2895.75,206.84
U00484,14,3157.88,225.56
U02999,14,5723.12,408.79
U02230,14,3827.85,273.42
U03697,14,4075.13,291.08
U01270,14,5716.81,408.34
U04557,14,2967.97,212
U03527,14,3097.57,221.26
U03283,14,6101.02,435.79
U00572,14,3112.7,222.34
U02621,14,5207.08,371.93
U00869,14,3770.08,269.29
U02162,14,2216.55,158.33
U03200,14,3163.76,225.98
U03664,14,4712.73,336.62
U00939,14,5672.5,405.18
U00109,14,3721.7,265.84
U01504,14,5177.6,369.83
U01931,14,3222.07,230.15
U01461,14,3694.64,263.9
U04775,14,4566.45,326.18
U03988,14,4607.73,329.12
U01240,14,5642.58,403.04
U03839,14,4473.78,319.56
U00016,14,3560.49,254.32
U00035,14,8349.24,596.37
U04871,14,3433.61,245.26
U02879,14,5100.43,364.32
U04026,14,4228.54,302.04
U02891,14,5253.13,375.22
U03926,14,4532.41,323.74
U02068,14,2253.19,160.94
U03861,14,3396.38,242.6
U02402,14,3887.64,277.69
U02465,14,2801.21,200.09
U01883,14,4614.81,329.63
U04635,14,5333.78,380.98
U01714,14,3469.16,247.8
U01900,14,4918.95,351.35
U00555,14,3674.98,262.5
U01145,14,3825.98,273.28
U00482,14,3204.56,228.9
U01727,14,3837.49,274.11
U04500,14,3785.93,270.42
U04264,14,3313.39,236.67
U00894,14,3334.7,238.19
U03264,14,4528.07,323.43
U03126,14,5011.6,357.97
U04236,14,3722.47,265.89
U03486,14,4227.78,301.98
U01486,14,3095.37,221.1
U02367,14,4732.06,338
U01721,14,3344.51,238.89
U04724,14,2855.72,203.98
U04132,14,4504.35,321.74
U02079,14,4082.81,291.63
U02918,14,3156.96,225.5
U03976,14,4036.58,288.33
U02928,14,5423.55,387.4
U03828,14,3583.35,255.95
U00148,14,3880.01,277.14
U03666,14,3376.55,241.18
U00294,14,3800.67,271.48
U04477,14,4529.23,323.52
U01552,14,5097.34,364.1
U02985,14,4043.84,288.85
U00574,14,6288.5,449.18
U03965,14,4550.73,325.05
U03761,14,3435.57,245.4
U00305,14,3719.87,265.71
U03063,14,3981.22,284.37
U02026,14,6420.82,458.63
U04176,14,2370.96,169.35
U01584,14,3652.49,260.89
U00693,14,4211.91,300.85
U03284,14,3991.47,285.11
U02245,14,2930.75,209.34
U00364,14,4936.28,352.59
U01588,14,4231.3,302.24
U02768,14,3668.05,262
U01925,14,3049.12,217.79
U00963,14,3581.38,255.81
U02907,14,2015.73,143.98
U03936,14,3072.24,219.45
U04093,14,4332.31,309.45
U04740,14,5614.25,401.02
U00522,14,6132.66,438.05
U00900,14,3591.73,256.55
U03073,14,3107.78,221.98
U03901,14,5522.44,394.46
U03081,14,4135.1,295.36
U03454,14,2003.03,143.07
U01479,14,4604.29,328.88
U04739,14,5654.58,403.9
U04366,14,3479.26,248.52
U02127,14,4204.11,300.29
U02283,14,4269.6,304.97
U03343,14,4285.19,306.09
U00331,14,3040.01,217.14
U01583,14,4091.79,292.27
U04908,14,2982.23,213.02
U04368,14,5031.77,359.41
U03442,14,3797.42,271.24
U04470,14,3503.48,250.25
U02954,14,2467.24,176.23
U03465,14,4543.85,324.56
U03511,14,5804.91,414.64
U03592,14,4712.14,336.58
U01364,14,2144.94,153.21
U03586,14,5074.11,362.44
U00022,14,3983.22,284.52
U01901,14,3572.73,255.2
U00781,14,3955.91,282.57
U03030,14,3357.76,239.84
U01063,14,5217.05,372.65
U01729,14,5089.49,363.54
U03260,14,5480.58,391.47
U00527,14,5596.29,399.74
U00650,14,4297.39,306.96
U02652,14,3328.62,237.76
U01825,14,4069.32,290.67
U00960,14,3906.79,279.06
U01154,14,2906.87,207.63
U02343,14,3252.11,232.29
U02074,14,2437.06,174.08
U02992,14,3038.68,217.05
U00261,14,4465.14,318.94
U04957,14,6162.29,440.16
U04005,14,4927.31,351.95
U01682,14,5132.72,366.62
U02751,14,4549.43,324.96
U00441,14,4315.59,308.26
U00814,14,7075.04,505.36
U03582,14,3969.22,283.52
U00929,14,4161.27,297.23
U00489,14,3614.96,258.21
U03772,14,4252.42,303.74
U04568,14,3276.82,234.06
U01172,14,3447.58,246.26
U00204,14,5306.65,379.05
U03606,14,4069.08,290.65
U02746,14,3533.29,252.38
U03669,14,3873.73,276.7
U04994,14,4409.71,314.98
U03337,14,3217.33,229.81
U00516,14,4936.2,352.59
U04064,14,2571.08,183.65
U00886,14,2783.46,198.82
U03390,14,4866.3,347.59
U01602,14,3314.37,236.74
U00107,14,3205.3,228.95
U04337,14,5920.66,422.9
U01363,14,4555.93,325.42
U04573,14,4561.52,325.82
U01153,14,3085.36,220.38
U04884,14,4199.09,299.94
U04869,14,3464.88,247.49
U00521,14,4211.02,300.79
U02946,14,7322.79,523.06
U01375,14,3172.19,226.59
U04934,14,3191.37,227.96
U03032,14,3496.12,249.72
U03024,14,5601.63,400.12
U02895,14,4926.01,351.86
U00171,14,5672.08,405.15
U02813,14,6051.47,432.25
U03912,14,2875.94,205.42
U00194,14,5503.32,393.09
U04572,14,4130.48,295.03
U03869,14,2640.42,188.6
U02010,14,2659.98,190
U00747,14,4800.53,342.9
U01277,14,4000.22,285.73
U04382,14,4909.66,350.69
U00938,14,4437.82,316.99
U04741,14,3243.2,231.66
U00635,14,4729.86,337.85
U02384,14,5305.03,378.93
U03015,14,3283.26,234.52
U04282,14,4510.14,322.15
U03395,14,6510.66,465.05
U02414,14,2691.39,192.24
U02299,14,4934.35,352.45
U02152,14,3895.32,278.24
U00373,14,4426.37,316.17
U03286,14,6747.89,481.99
U04876,14,3043.03,217.36
U04200,14,5390.78,385.06
U00296,14,5187.41,370.53
U04049,14,2113.78,150.98
U04743,14,3245.25,231.8
U04279,14,3528.88,252.06
U00509,14,4917.97,351.28
U00659,14,3357.12,239.79
U00116,14,3169.61,226.4
U02161,14,4178.85,298.49
U01826,14,2776,198.29
U03736,14,3758.81,268.49
U04400,13,2149.68,165.36
U01735,13,3886.37,298.95
U02468,13,5447.04,419
U03647,13,4171.26,320.87
U03038,13,2283.36,175.64
U01916,13,4940.58,380.04
U02392,13,3116.6,239.74
U01767,13,2115.58,162.74
U03422,13,7426.82,571.29
U03679,13,3172.88,244.07
U02507,13,3667.88,282.14
U02377,13,3168.49,243.73
U04835,13,4136.71,318.21
U04255,13,4101.6,315.51
U00931,13,5303.23,407.94
U03396,13,5171.92,397.84
U01157,13,3994.62,307.28
U01464,13,4440.17,341.55
U01137,13,3033.09,233.31
U02200,13,3788.34,291.41
U00547,13,3348.81,257.6
U00855,13,4215.28,324.25
U02386,13,3347.54,257.5
U04527,13,3430.98,263.92
U03524,13,3671.87,282.45
U01828,13,2957.34,227.49
U00098,13,4765.55,366.58
U00749,13,4019.44,309.19
U02136,13,2620.52,201.58
U01275,13,3383.44,260.26
U01811,13,3793.48,291.81
U03857,13,3745.4,288.11
U02166,13,2915,224.23
U00523,13,3578.66,275.28
U02871,13,2620.72,201.59
U00646,13,3890.99,299.31
U01557,13,4604.66,354.2
U00461,13,3422.4,263.26
U04489,13,7305.27,561.94
U02485,13,4726.35,363.57
U00253,13,3527.1,271.32
U01831,13,2520.01,193.85
U01571,13,4522.47,347.88
U03820,13,5214.95,401.15
U00326,13,3126.66,240.51
U01379,13,4008.99,308.38
U03270,13,2947.48,226.73
U02110,13,2841.11,218.55
U01282,13,4481.47,344.73
U01823,13,6021.82,463.22
U05000,13,2740.15,210.78
U01784,13,1978.49,152.19
U02958,13,3427.55,263.66
U04332,13,7172.35,551.72
U01858,13,2493.54,191.81
U02434,13,3296.55,253.58
U00808,13,2577.07,198.24
U02319,13,3403.84,261.83
U04609,13,4494.67,345.74
U04728,13,3296.17,253.55
U00231,13,2333.41,179.49
U04700,13,4361.93,335.53
U02052,13,4686.96,360.54
U04331,13,5477.36,421.34
U01862,13,5416.03,416.62
U04545,13,4216.63,324.36
U01884,13,2066.25,158.94
U04129,13,2714.81,208.83
U04052,13,4289.07,329.93
U04680,13,3498.68,269.13
U03159,13,2512.51,193.27
U01776,13,4297.91,330.61
U03674,13,2710.28,208.48
U01568,13,2976.76,228.98
U00211,13,3756.45,288.96
U03423,13,3428.53,263.73
U03252,13,3724.6,286.51
U03516,13,3108.65,239.13
U00094,13,4235.45,325.8
U02216,13,4319.98,332.31
U01147,13,2099.3,161.48
U02675,13,4209.28,323.79
U02828,13,4875.26,375.02
U01393,13,2517.23,193.63
U00091,13,3343.16,257.17
U03838,13,3347.75,257.52
U01756,13,4403.33,338.72
U00662,13,2701.71,207.82
U01357,13,3359.36,258.41
U04426,13,2468.73,189.9
U00274,13,4431.93,340.92
U04685,13,1935.5,148.88
U02689,13,3734.34,287.26
U02040,13,3996.13,307.39
U02349,13,3946.18,303.55
U01763,13,4955.69,381.21
U03165,13,2985.2,229.63
U00773,13,3480.2,267.71
U04056,13,4692.98,361
U02945,13,3198.99,246.08
U00308,13,2181.53,167.81
U03276,13,3940.59,303.12
U04940,13,2837.66,218.28
U01924,13,4805.29,369.64
U02461,13,2506.7,192.82
U01224,13,2978.13,229.09
U01097,13,3029.02,233
U03970,13,3255.97,250.46
U03096,13,4714.25,362.63
U04585,13,1937.44,149.03
U00761,13,4053.68,311.82
U04541,13,4048.65,311.43
U00431,13,3672.95,282.53
U04682,13,2370.15,182.32
U00289,13,3359.36,258.41
U00974,13,5026.54,386.66
U01731,13,2906.42,223.57
U03532,13,3308.29,254.48
U02295,13,3619.55,278.43
U04936,13,3204.47,246.5
U00606,13,2944.81,226.52
U02673,13,4786.58,368.2
U03445,13,4028.41,309.88
U01293,13,3000.91,230.84
U02190,13,3824.88,294.22
U04161,13,2980.54,229.27
U02643,13,5189.34,399.18
U03788,13,3412.23,262.48
U04520,13,3344.6,257.28
U02682,13,4702.64,361.74
U01146,13,3371.59,259.35
U03050,13,4561.43,350.88
U03741,13,2687.08,206.7
U00548,13,2637.95,202.92
U03076,13,2905.35,223.49
U00607,13,2707.24,208.25
U01717,13,2523.69,194.13
U04309,13,2510.68,193.13
U00320,13,3180.24,244.63
U02160,13,3527.94,271.38
U01537,13,4166.6,320.51
U01529,13,3110.21,239.25
U04693,13,3807.94,292.92
U02342,13,3051.24,234.71
U04358,13,3339.57,256.89
U02310,13,4558.23,350.63
U04776,13,2964.18,228.01
U04037,13,2492.67,191.74
U00641,13,3356.18,258.17
U04254,13,3286.31,252.79
U00841,13,3173.11,244.09
U01655,13,3708.47,285.27
U02723,13,3321.42,255.49
U02422,13,2126.81,163.6
U02247,13,3673.84,282.6
U01875,13,3596.22,276.63
U03790,13,6463.14,497.16
U01330,13,3313.44,254.88
U00268,13,3715.04,285.77
U03612,13,2879.94,221.53
U04385,13,2054.06,158
U00728,13,3151.6,242.43
U01648,13,2477.95,190.61
U03700,13,4724.03,363.39
U02626,13,5193.17,399.47
U00147,13,2761.72,212.44
U03991,13,3963.72,304.9
U04336,13,2905.41,223.49
U02253,13,4613.48,354.88
U03421,13,4496.66,345.9
U03675,13,4308.87,331.45
U03365,13,2815.71,216.59
U02670,13,4348.97,334.54
U00297,13,3329,256.08
U01036,13,2859.58,219.97
U03488,13,3607.55,277.5
U02375,13,4391.69,337.82
U01661,13,3652.92,280.99
U02704,13,5158.95,396.84
U02900,13,2827.38,217.49
U01113,13,5327.77,409.83
U02276,13,6546.54,503.58
U04944,13,4734.52,364.19
U03560,13,3358.89,258.38
U01223,13,3156.14,242.78
U03748,13,2472.62,190.2
U03494,13,3308.93,254.53
U00345,13,2927.83,225.22
U04351,13,2548.98,196.08
U02913,13,3592.81,276.37
U03978,13,3634.73,279.59
U03702,13,4043.93,311.07
U00370,13,2812.47,216.34
U03568,13,4215.72,324.29
U04852,13,2825.62,217.36
U03512,13,4319.32,332.26
U04878,13,3229.92,248.46
U03898,13,3218.55,247.58
U03574,13,2339.8,179.98
U02424,13,4004.14,308.01
U02843,13,3676.14,282.78
U04644,13,4818.85,370.68
U02350,13,2998.11,230.62
U04128,13,5042.2,387.86
U00036,13,3730.41,286.95
U03908,13,3426.92,263.61
U03917,13,3077.11,236.7
U01936,13,5250.86,403.91
U04297,13,1728.54,132.96
U00652,13,2341.62,180.12
U02847,13,5738.94,441.46
U03386,13,3117.71,239.82
U02604,13,4804.87,369.61
U00955,13,2659.88,204.61
U04072,13,3723.4,286.42
U01429,13,3380.25,260.02
U02505,13,3374.65,259.59
U04808,13,2777.37,213.64
U02123,13,2991.3,230.1
U00120,13,4882.17,375.55
U01055,13,2938.72,226.06
U00933,13,3501.69,269.36
U00777,13,4442.25,341.71
U00584,13,6228.7,479.13
U01278,13,2923.21,224.86
U01572,13,3136.87,241.3
U04315,13,2463.05,189.47
U04178,13,4539.58,349.2
U03536,13,2027.23,155.94
U03293,13,2631.18,202.4
U00813,13,3434.36,264.18
U04666,13,3989.51,306.89
U03816,13,2292.68,176.36
U03960,13,3072.01,236.31
U04070,13,2948.61,226.82
U00816,13,2809.9,216.15
U03630,13,3199.39,246.11
U03168,13,5564.37,428.03
U04067,13,5830.19,448.48
U04911,13,3685.53,283.5
U01788,13,3430.43,263.88
U04899,13,4168.24,320.63
U02248,13,3814.93,293.46
U02196,13,3469.89,266.91
U04596,13,2904.41,223.42
U04039,13,1958.85,150.68
U03562,13,6720.96,517
U00366,13,4465.45,343.5
U01807,13,4329.72,333.06
U00519,13,4823.98,371.08
U01851,13,4457.32,342.87
U00715,13,2366.09,182.01
U01345,13,3599.51,276.89
U03177,13,2712.12,208.62
U03427,13,3378.14,259.86
U04142,13,2887.85,222.14
U01451,13,4617.97,355.23
U02741,13,4065.36,312.72
U01543,13,2740.81,210.83
U01418,13,3460.09,266.16
U01910,13,2945.51,226.58
U00471,13,2599.69,199.98
U00450,13,6768.53,520.66
U03777,13,5837.81,449.06
U02403,13,2877.26,221.33
U03915,13,3287.07,252.85
U03840,13,4147.55,319.04
U00540,13,5006.39,385.11
U00029,13,3617.01,278.23
U04152,13,3773.58,290.28
U03721,13,3773.12,290.24
U00470,13,4209.14,323.78
U03366,13,4099.06,315.31
U02236,13,4574.79,351.91
U02168,13,3468.89,266.84
U00918,13,2525.21,194.25
U02277,13,4434.29,341.1
U03312,13,6982.35,537.1
U02053,13,3876.76,298.21
U02789,13,5071.06,390.08
U03555,13,2206.92,169.76
U04058,13,3252.02,250.16
U02711,13,5954.93,458.07
U00498,13,3039.88,233.84
U01933,13,3503.73,269.52
U00390,13,4882.09,375.55
U03995,13,4134.85,318.07
U00394,13,3028.39,232.95
U04758,13,2003.69,154.13
U01483,13,3255.48,250.42
U01549,13,2539.27,195.33
U01264,13,2726.25,209.71
U04290,13,6841.86,526.3
U04377,13,4556.41,350.49
U02818,13,4434.89,341.15
U02659,13,3753.73,288.75
U03837,13,4346.19,334.32
U00072,13,2436.61,187.43
U03317,13,4375.71,336.59
U01441,13,2851.13,219.32
U02360,13,2387.79,183.68
U00205,13,2743.27,211.02
U03190,13,2582.13,198.63
U04916,13,4487.23,345.17
U02265,13,3697.88,284.45
U04723,13,3539.14,272.24
U01707,13,2462.38,189.41
U00425,13,2542.05,195.54
U03326,13,3664.73,281.9
U00510,13,2304.31,177.25
U03873,13,2362.66,181.74
U00043,13,3279.76,252.29
U00162,13,3172.64,244.05
U01383,13,3787.54,291.35
U01708,13,4248.55,326.81
U00077,13,3339.02,256.85
U01350,13,5421.44,417.03
U02354,13,4456.15,342.78
U01193,13,1995.84,153.53
U00987,13,3520.18,270.78
U02291,13,5196.6,399.74
U00255,13,3203.92,246.46
U00101,13,3681.58,283.2
U00732,13,6618.61,509.12
U01360,13,3375.75,259.67
U04636,13,4074.06,313.39
U04615,13,5226.16,402.01
U00999,13,2758.53,212.19
U03528,13,3579.3,275.33
U02391,13,2894.86,222.68
U03474,13,5433.49,417.96
U02962,13,3459.75,266.13
U02385,13,3012.92,231.76
U02409,13,4304.42,331.11
U00532,13,3867.01,297.46
U00738,13,4659.25,358.4
U02051,13,5925.08,455.78
U00385,13,2643.7,203.36
U00041,13,4518.1,347.55
U00980,13,3489.79,268.45
U04231,13,3713.8,285.68
U00222,13,4952.38,380.95
U01556,13,2698.24,207.56
U01804,13,2914.97,224.23
U04735,13,3859.39,296.88
U02039,13,3756.42,288.96
U00337,13,5088.16,391.4
U00454,13,1535.58,118.12
U00126,13,3286.1,252.78
U01028,13,3710.23,285.4
U01237,13,5290.94,407
U01747,13,4428.41,340.65
U01686,13,3578.74,275.29
U02220,13,4208.97,323.77
U03550,13,4716.32,362.79
U02953,13,5016.23,385.86
U01574,13,5148.84,396.06
U03112,13,2944.78,226.52
U02427,13,8174.95,628.84
U01016,13,5002.1,384.78
U01106,13,3059.83,235.37
U03942,13,4833.13,371.78
U03305,13,3714.75,285.75
U03535,13,2947.63,226.74
U00860,13,2286.58,175.89
U03533,13,3348.87,257.61
U03530,13,2823.73,217.21
U00832,13,3705.95,285.07
U00318,13,3122.18,240.17
U01800,13,3556.29,273.56
U03389,13,6362.29,489.41
U03807,13,4289.02,329.92
U04018,13,4219.72,324.59
U01290,13,3563.55,274.12
U00341,13,3706.51,285.12
U02301,13,3417.62,262.89
U02066,13,4425.61,340.43
U03367,13,3201.49,246.27
U04877,13,5131.95,394.77
U00740,13,3451.98,265.54
U04025,13,3902.8,300.22
U01368,13,3136.52,241.27
U00186,13,4095.78,315.06
U02706,13,3385.8,260.45
U03041,13,5580.1,429.24
U01726,13,3997.51,307.5
U00303,13,3354.09,258.01
U01412,13,2580.84,198.53
U00766,13,2618.52,201.42
U03735,13,4753.91,365.69
U04307,13,4483.16,344.86
U02446,13,4498.88,346.07
U04066,12,2734.73,227.89
U01443,12,3298.4,274.87
U00325,12,3716.28,309.69
U00164,12,2200.53,183.38
U04288,12,2585.87,215.49
U01645,12,4011.51,334.29
U03785,12,4616.55,384.71
U04509,12,2950.56,245.88
U03045,12,3319.24,276.6
U00707,12,4090.7,340.89
U02489,12,3129.99,260.83
U04577,12,1696.49,141.37
U03891,12,2893.29,241.11
U00271,12,1998.97,166.58
U02731,12,3561.21,296.77
U01327,12,2300.97,191.75
U02912,12,2894.94,241.25
U00117,12,4417.95,368.16
U04860,12,3823.55,318.63
U02085,12,3819.64,318.3
U04475,12,3053.76,254.48
U02631,12,6293.12,524.43
U00556,12,2372.92,197.74
U00317,12,3091.89,257.66
U02083,12,4110.96,342.58
U01678,12,3506.53,292.21
U00095,12,2253.34,187.78
U04399,12,3187.76,265.65
U03122,12,3990.13,332.51
U02965,12,4561.89,380.16
U00541,12,3584.6,298.72
U04654,12,3835.25,319.6
U01915,12,2554.97,212.91
U02524,12,3179.33,264.94
U00989,12,2797.54,233.13
U03450,12,3941.22,328.44
U02494,12,1593.04,132.75
U03887,12,3612.41,301.03
U04177,12,4043.61,336.97
U03566,12,2861.31,238.44
U01177,12,2307.68,192.31
U02562,12,2053.09,171.09
U03708,12,3649.77,304.15
U03557,12,1876.06,156.34
U02430,12,3904.28,325.36
U02167,12,2900.56,241.71
U04786,12,5629.82,469.15
U01456,12,2125.04,177.09
U04853,12,3627.1,302.26
U03425,12,3048.18,254.02
U01725,12,2047.74,170.65
U03363,12,3183.76,265.31
U01108,12,3267.82,272.32
U00595,12,3616.38,301.37
U03361,12,3344.12,278.68
U00780,12,2596.67,216.39
U02820,12,2292.37,191.03
U02592,12,2292.38,191.03
U00812,12,2901.75,241.81
U00888,12,3625.24,302.1
U02129,12,2660.04,221.67
U04401,12,2368.82,197.4
U02332,12,3062.19,255.18
U03056,12,2451.85,204.32
U01890,12,3910.32,325.86
U04564,12,2436.23,203.02
U00706,12,2062.61,171.88
U04837,12,3549.67,295.81
U00937,12,2197.71,183.14
U01300,12,2866.47,238.87
U00588,12,4061.58,338.47
U02713,12,2946.58,245.55
U02459,12,3373.84,281.15
U01374,12,3360,280
U04246,12,4156.21,346.35
U02623,12,5957.53,496.46
U02447,12,1982.5,165.21
U00551,12,2743.69,228.64
U01305,12,2479.92,206.66
U04854,12,4189.21,349.1
U02436,12,2197.62,183.14
U00647,12,4875.09,406.26
U03556,12,2930.61,244.22
U00961,12,2468.1,205.68
U03018,12,2276.97,189.75
U01260,12,5338.71,444.89
U01114,12,3733.26,311.11
U00837,12,5408.08,450.67
U03913,12,2992.19,249.35
U02070,12,3402.15,283.51
U00517,12,3597.18,299.77
U03021,12,2803.03,233.59
U02578,12,4893.9,407.83
U04574,12,2866.98,238.92
U01976,12,3176.45,264.7
U04595,12,3332.77,277.73
U04090,12,4072.66,339.39
U02302,12,3649.45,304.12
U04543,12,3392.36,282.7
U01592,12,2472.29,206.02
U01215,12,3989.08,332.42
U02199,12,2945.29,245.44
U04131,12,2850.39,237.53
U02156,12,5816.59,484.72
U04175,12,3205.83,267.15
U04057,12,3323.95,277
U04495,12,3455.18,287.93
U01131,12,3251.73,270.98
U02906,12,3548.64,295.72
U04804,12,2870.25,239.19
U00039,12,3206.22,267.19
U04956,12,1774.66,147.89
U02739,12,3210.22,267.52
U00731,12,4037.24,336.44
U02111,12,4291.12,357.59
U02901,12,2086.27,173.86
U02065,12,3758.21,313.18
U01704,12,3930.79,327.57
U02113,12,1702.41,141.87
U00890,12,2488.45,207.37
U00354,12,5142.96,428.58
U03435,12,4190.89,349.24
U03294,12,3955.23,329.6
U03955,12,2018.74,168.23
U00158,12,6414.32,534.53
U04184,12,4516.66,376.39
U04156,12,2760.58,230.05
U03231,12,1552.47,129.37
U03031,12,3507,292.25
U00417,12,5865.61,488.8
U00080,12,5043.23,420.27
U04772,12,4469.25,372.44
U01597,12,2770.18,230.85
U00212,12,3762.34,313.53
U01513,12,3619.9,301.66
U04931,12,4114.82,342.9
U04341,12,3776.84,314.74
U04864,12,2449.52,204.13
U02803,12,3718.13,309.84
U02059,12,6742.14,561.85
U01530,12,3619.86,301.66
U03686,12,3233.24,269.44
U04125,12,3147.68,262.31
U04432,12,3801.04,316.75
U00891,12,4259.73,354.98
U03600,12,4294.55,357.88
U04962,12,3611.17,300.93
U00677,12,5160.07,430.01
U00119,12,3089.67,257.47
U03542,12,3272.48,272.71
U03310,12,6782.67,565.22
U02753,12,2794.92,232.91
U00071,12,2156.71,179.73
U02244,12,3417.56,284.8
U04388,12,2881.62,240.14
U01599,12,5820.44,485.04
U02150,12,4526.62,377.22
U02736,12,2146.47,178.87
U02735,12,2416.74,201.4
U02281,12,2810.49,234.21
U02107,12,2782.32,231.86
U03680,12,4196.6,349.72
U04124,12,3106.66,258.89
U00703,12,3959.05,329.92
U00452,12,3231.07,269.26
U02822,12,3223.14,268.6
U02215,12,3390.69,282.56
U03479,12,3092.06,257.67
U00959,12,5061.41,421.78
U01981,12,2081.05,173.42
U04726,12,3610.24,300.85
U01796,12,2756,229.67
U04678,12,3972.55,331.05
U00067,12,3328.72,277.39
U02570,12,2547.64,212.3
U04816,12,6123.01,510.25
U04280,12,2721.73,226.81
U04263,12,3751.28,312.61
U02003,12,3797.97,316.5
U01061,12,1874.58,156.22
U01088,12,2104.17,175.35
U02151,12,3371.48,280.96
U04150,12,3639.43,303.29
U03500,12,3070.31,255.86
U00001,12,4035.42,336.29
U01865,12,5125.13,427.09
U02322,12,3435.48,286.29
U01092,12,4670.05,389.17
U03314,12,3329.9,277.49
U04439,12,1974.2,164.52
U02173,12,2993.58,249.47
U01651,12,4052.73,337.73
U04912,12,6052.7,504.39
U00678,12,3806.82,317.24
U01284,12,2241.32,186.78
U03602,12,4755.45,396.29
U04112,12,4786.51,398.88
U00216,12,2991.87,249.32
U00811,12,5162.31,430.19
U01848,12,3462.95,288.58
U02754,12,6676.22,556.35
U01337,12,3687.31,307.28
U00064,12,3025.88,252.16
U04369,12,2342.76,195.23
U00524,12,3014.41,251.2
U01955,12,2287.85,190.65
U04684,12,2349.21,195.77
U04474,12,3529.14,294.1
U02060,12,3296.26,274.69
U00263,12,3110.71,259.23
U03232,12,2455.31,204.61
U00923,12,3030.1,252.51
U04483,12,2957.01,246.42
U02916,12,2445.02,203.75
U04443,12,2788.8,232.4
U02980,12,3396.93,283.08
U01824,12,2808.57,234.05
U04390,12,2612.18,217.68
U01650,12,3230.41,269.2
U00061,12,2858.26,238.19
U01696,12,4328.52,360.71
U03248,12,3803.59,316.97
U02371,12,2949.57,245.8
U01690,12,4260.1,355.01
U03677,12,2789.91,232.49
U04438,12,2177.7,181.48
U02174,12,2718.13,226.51
U03793,12,2168.16,180.68
U01527,12,6141.13,511.76
U03271,12,3766.15,313.85
U03257,12,2308.67,192.39
U03764,12,2237.86,186.49
U00762,12,3200.44,266.7
U02790,12,2528.25,210.69
U02777,12,3260.88,271.74
U01827,12,3968.86,330.74
U00192,12,2789.22,232.44
U01046,12,3409.74,284.15
U01764,12,3100.74,258.4
U04217,12,2150.95,179.25
U00093,12,3478.79,289.9
U01219,12,2859.68,238.31
U03402,12,3574.39,297.87
U03344,12,3185.84,265.49
U00575,12,2502.38,208.53
U00996,12,3194.58,266.22
U04029,12,4388.74,365.73
U03852,12,4614.57,384.55
U03491,12,3230.41,269.2
U01758,12,2235.2,186.27
U02005,12,4734.48,394.54
U03221,12,4586.83,382.24
U03433,12,1994.17,166.18
U04238,12,3749.58,312.47
U02807,12,4429.64,369.14
U01039,12,2916.4,243.03
U04186,12,3556.79,296.4
U04825,12,2875.34,239.61
U04225,12,3371.63,280.97
U04674,12,2770.51,230.88
U01000,12,4881.79,406.82
U01447,12,3667.62,305.64
U00779,12,2937.27,244.77
U00544,12,3542.1,295.18
U02088,12,3011.5,250.96
U03079,12,3033.57,252.8
U02933,12,2187.53,182.29
U03812,12,4465.87,372.16
U00518,12,3412.25,284.35
U00324,12,3609.09,300.76
U01152,12,1379.65,114.97
U02002,12,3056.3,254.69
U00557,12,1945.58,162.13
U02885,12,4336.53,361.38
U00898,12,3110.46,259.21
U04182,12,3541.71,295.14
U01860,12,2426.76,202.23
U03357,12,4223.64,351.97
U04699,12,2161.31,180.11
U00359,12,2184.28,182.02
U01217,12,2940.11,245.01
U04304,12,3426.37,285.53
U01026,12,3806.53,317.21
U02564,12,5519.68,459.97
U04734,12,2731.87,227.66
U03924,12,2667.4,222.28
U04116,12,2565.45,213.79
U01841,12,1808.35,150.7
U04747,12,2393.17,199.43
U04266,12,4282.86,356.91
U01365,12,5378.66,448.22
U00146,12,2666.6,222.22
U04514,12,3167.74,263.98
U03642,12,3297.21,274.77
U04563,12,3832.15,319.35
U00829,12,3130.71,260.89
U00485,12,2922.58,243.55
U01454,12,4120.83,343.4
U00316,12,2850.34,237.53
U02425,12,5043.1,420.26
U01292,12,2372.45,197.7
U02412,12,4686.31,390.53
U02708,12,2897.15,241.43
U04436,12,3364.15,280.35
U01380,12,3270.94,272.58
U04106,12,4786.1,398.84
U04830,12,2997.91,249.83
U02640,12,3368.19,280.68
U02594,12,2601.6,216.8
U02201,12,3915.85,326.32
U02728,12,4495.92,374.66
U00256,12,5875.12,489.59
U03954,12,3162.92,263.58
U00259,12,4236.09,353.01
U04618,12,3869.36,322.45
U02457,12,3308.14,275.68
U03521,12,3638.38,303.2
U02314,12,3140.67,261.72
U00310,12,4506.73,375.56
U04897,12,2093.5,174.46
U01434,12,4702.13,391.84
U04460,12,3644.14,303.68
U04277,12,5443.22,453.6
U00419,12,6936.26,578.02
U03696,12,3113.07,259.42
U02043,12,3721.24,310.1
U03347,12,2970.26,247.52
U04552,12,3600.22,300.02
U04118,12,3401.89,283.49
U02194,12,4402.46,366.87
U00238,12,3134.81,261.23
U03115,12,4512.47,376.04
U02854,12,2673.73,222.81
U02462,12,3677.35,306.45
U01964,12,3465.56,288.8
U04631,12,4489.35,374.11
U02197,12,4074.17,339.51
U04376,12,3185.26,265.44
U01203,12,3064,255.33
U01977,12,3077.75,256.48
U03051,12,2025.83,168.82
U02804,12,2471.73,205.98
U04694,12,4063.84,338.65
U04900,12,7033.4,586.12
U00125,12,3592.89,299.41
U03054,12,2006.61,167.22
U03109,12,4077.02,339.75
U03979,12,3856.89,321.41
U00909,12,3348.91,279.08
U04301,12,4401.21,366.77
U03704,12,3313.91,276.16
U03956,12,4677.4,389.78
U02316,12,5049.41,420.78
U01783,12,3313.09,276.09
U03831,12,4794.74,399.56
U03374,12,3888.4,324.03
U01641,12,2704.58,225.38
U02364,12,3777.48,314.79
U02097,12,3712.81,309.4
U04677,12,2534.88,211.24
U04373,12,4571.62,380.97
U04181,12,3212.48,267.71
U03138,12,3665.03,305.42
U01068,12,3827.08,318.92
U01688,12,1897.11,158.09
U01849,12,4135.36,344.61
U02007,12,4090.25,340.85
U00353,12,5070.78,422.57
U02773,12,2225.7,185.48
U02154,12,3521.97,293.5
U02671,12,4855.58,404.63
U01554,12,2766.17,230.51
U02983,12,3666.71,305.56
U03832,12,3069.57,255.8
U01774,12,2564.62,213.72
U04855,12,3892.16,324.35
U00479,12,2593.85,216.15
U02930,12,2889,240.75
U01052,12,4856.6,404.72
U03211,12,4636.45,386.37
U02206,12,5212.13,434.34
U02155,12,6117.64,509.8
U00849,12,5240.74,436.73
U03182,12,2861.62,238.47
U04437,12,2815.42,234.62
U03094,12,2693.58,224.47
U00599,12,3503.24,291.94
U03580,12,2216.76,184.73
U01989,12,2578.67,214.89
U04616,12,2888.09,240.67
U03863,12,4878.96,406.58
U03505,12,2710.48,225.87
U02819,12,3385.13,282.09
U02284,12,3962.91,330.24
U02581,12,3851.76,320.98
U02986,12,2012.29,167.69
U02855,12,3134.77,261.23
U03571,12,4078.3,339.86
U01519,12,2856.22,238.02
U00380,12,2567.34,213.95
U00466,12,2363.51,196.96
U00694,12,2812.82,234.4
U03003,12,3953.03,329.42
U02824,12,2730.9,227.58
U01867,12,3514.1,292.84
U04737,12,1376.92,114.74
U00882,12,3205.26,267.11
U03597,12,4796.88,399.74
U00105,12,3453.11,287.76
U03900,12,3832.42,319.37
U00404,12,2568.16,214.01
U03000,12,2874.06,239.51
U03755,12,5317.1,443.09
U03035,12,2555.62,212.97
U02624,12,4995.22,416.27
U04991,12,4679.28,389.94
U00190,12,2593.2,216.1
U00389,12,2207.14,183.93
U04611,12,1934.93,161.24
U04589,12,3759.01,313.25
U04970,12,40911.84,3409.32
U02157,12,3947.03,328.92
U02755,12,3561.44,296.79
U00948,12,3710.11,309.18
U03373,12,2832.3,236.03
U04019,12,3816.42,318.04
U03564,12,2342.48,195.21
U00069,12,3021.65,251.8
U01156,12,4258.79,354.9
U03475,12,3180.69,265.06
U03137,12,3064.99,255.42
U03418,12,2360.74,196.73
U01007,12,2045.37,170.45
U02915,12,4292.84,357.74
U02312,12,2061.2,171.77
U04076,12,4276.57,356.38
U03859,12,1536.16,128.01
U02701,12,2361.3,196.78
U01432,12,2647.1,220.59
U04892,12,4121.43,343.45
U02308,12,3461.22,288.44
U00213,12,3496.51,291.38
U04532,12,4571.89,380.99
U01478,12,4469.43,372.45
U02559,12,3416.41,284.7
U03742,12,3174.92,264.58
U03353,12,3790.83,315.9
U00655,12,5223.01,435.25
U03446,12,3989.58,332.47
U00085,12,1874.09,156.17
U01961,12,2607.13,217.26
U00144,12,2745.83,228.82
U03984,12,2929.12,244.09
U03274,12,4584.74,382.06
U03883,12,5744.38,478.7
U04923,12,2819.62,234.97
U04457,12,3603.18,300.27
U02936,11,4997.81,454.35
U02598,11,2260.65,205.51
U01011,11,2189.25,199.02
U03774,11,3251.74,295.61
U01194,11,2090.03,190
U02558,11,3385.75,307.8
U01394,11,2996.05,272.37
U01251,11,1923.72,174.88
U04240,11,3095.06,281.37
U02521,11,3699.13,336.28
U01151,11,1908.6,173.51
U01843,11,4750.13,431.83
U03152,11,3017.18,274.29
U04275,11,3998.57,363.51
U02797,11,2075.08,188.64
U03720,11,2510.92,228.27
U00625,11,3636.99,330.64
U03563,11,3174.49,288.59
U01135,11,2303.82,209.44
U04915,11,3557.2,323.38
U00657,11,3167.98,288
U03599,11,3096.84,281.53
U01982,11,2705.02,245.91
U02920,11,4819.48,438.13
U00673,11,3504.52,318.59
U03713,11,2726.08,247.83
U04308,11,1981.47,180.13
U02765,11,3005.72,273.25
U03143,11,1786.43,162.4
U04607,11,6152.62,559.33
U01979,11,3599.74,327.25
U02104,11,2532.29,230.21
U02398,11,2081.85,189.26
U00155,11,2658.18,241.65
U00170,11,2896.9,263.35
U02380,11,2295.37,208.67
U01962,11,2233.8,203.07
U01307,11,2612.76,237.52
U00280,11,1998.63,181.69
U02941,11,2150.6,195.51
U02927,11,2918.05,265.28
U04504,11,3337.29,303.39
U03084,11,2474.4,224.95
U00902,11,3621.54,329.23
U03482,11,2851.82,259.26
U00546,11,2449.56,222.69
U04060,11,2007.28,182.48
U00491,11,2792.14,253.83
U03043,11,3306.33,300.58
U04502,11,3797.52,345.23
U02080,11,2592.66,235.7
U01613,11,3332.12,302.92
U03607,11,2742.03,249.28
U01352,11,3118.93,283.54
U03335,11,3253.57,295.78
U02641,11,3397.69,308.88
U02889,11,1731.22,157.38
U00530,11,3035.06,275.91
U03055,11,3125.61,284.15
U01790,11,2238.44,203.49
U03095,11,4502.1,409.28
U00637,11,3735.65,339.6
U03181,11,3800,345.45
U04062,11,2698.26,245.3
U00025,11,1803.84,163.99
U00193,11,3196.67,290.61
U01161,11,3106.05,282.37
U00840,11,3640.72,330.97
U00528,11,4003.27,363.93
U04004,11,3409.03,309.91
U02181,11,3893.45,353.95
U04122,11,3706.01,336.91
U02071,11,2058.37,187.12
U03499,11,3736.61,339.69
U00604,11,3142.12,285.65
U03362,11,4290.99,390.09
U00883,11,3124.28,284.03
U04951,11,3562.12,323.83
U02178,11,2116.61,192.42
U02169,11,2718.23,247.11
U00563,11,3091.95,281.09
U03468,11,3103.31,282.12
U02195,11,2650.88,240.99
U01163,11,1876.6,170.6
U02463,11,1551.22,141.02
U00696,11,4548.84,413.53
U00776,11,3386.11,307.83
U01246,11,3112.83,282.98
U00529,11,2412.77,219.34
U00265,11,2551.86,231.99
U02373,11,3716.19,337.84
U01386,11,2873.21,261.2
U03949,11,3997.76,363.43
U01205,11,2184,198.55
U02306,11,2637.73,239.79
U00051,11,3909.29,355.39
U03603,11,3607.97,328
U04865,11,2371.66,215.61
U04047,11,3233.12,293.92
U00127,11,2351.41,213.76
U00927,11,4689.42,426.31
U00432,11,2937.83,267.08
U01591,11,6861.98,623.82
U04997,11,3856.15,350.56
U03381,11,3364.38,305.85
U01178,11,2461.18,223.74
U00684,11,3015.41,274.13
U02176,11,2856.45,259.68
U00586,11,2943.43,267.58
U04201,11,2951.79,268.34
U02960,11,2514.46,228.59
U03589,11,1891.08,171.92
U00764,11,2230.47,202.77
U01787,11,4710.63,428.24
U03358,11,2282.54,207.5
U01852,11,3323.23,302.11
U00113,11,3364,305.82
U03280,11,3520.2,320.02
U01164,11,4600.1,418.19
U00538,11,3086.34,280.58
U01801,11,2164.84,196.8
U04968,11,5037.78,457.98
U00862,11,4237.99,385.27
U02984,11,1550.91,140.99
U02540,11,2663.07,242.1
U00090,11,2653.41,241.22
U04848,11,3678.2,334.38
U00624,11,2589.63,235.42
U03297,11,3324.84,302.26
U02781,11,4717.08,428.83
U01945,11,2382.29,216.57
U01062,11,3106.98,282.45
U02542,11,4295.06,390.46
U03690,11,1532.85,139.35
U00576,11,2184.17,198.56
U02890,11,4249.87,386.35
U04462,11,5496.5,499.68
U04392,11,1826.95,166.09
U03332,11,7058.25,641.66
U04133,11,3765.22,342.29
U00946,11,2092.67,190.24
U00661,11,3344.33,304.03
U03147,11,2418.5,219.86
U02067,11,2828.95,257.18
U00315,11,2464.18,224.02
U04836,11,3972.89,361.17
U03727,11,5925.38,538.67
U02593,11,1889.4,171.76
U02254,11,3059.61,278.15
U03518,11,5343.44,485.77
U01296,11,2363.61,214.87
U01396,11,4602.05,418.37
U04370,11,2290.32,208.21
U00793,11,2998.25,272.57
U01234,11,2352.79,213.89
U01218,11,2699.58,245.42
U03909,11,4568.46,415.31
U04605,11,2589.01,235.36
U02368,11,2876.51,261.5
U00040,11,5164.51,469.5
U03879,11,2985.18,271.38
U04407,11,3110.86,282.81
U01423,11,2431.48,221.04
U01351,11,2902.24,263.84
U01886,11,3176.66,288.79
U00692,11,4030.42,366.4
U04576,11,3395.45,308.68
U02454,11,2389.34,217.21
U01795,11,2598.62,236.24
U04322,11,3371.85,306.53
U04861,11,3310.48,300.95
U04335,11,3384.33,307.67
U01967,11,4201.33,381.94
U01302,11,4155.49,377.77
U02321,11,3731.72,339.25
U00978,11,5042.95,458.45
U00782,11,3138.34,285.3
U02718,11,2069.41,188.13
U00803,11,2539.41,230.86
U02315,11,2867.13,260.65
U04766,11,2328.77,211.71
U04526,11,4810.81,437.35
U03510,11,1802.66,163.88
U03416,11,2829.19,257.2
U01373,11,2273.88,206.72
U03567,11,3851.88,350.17
U00725,11,1536.91,139.72
U02680,11,2266.18,206.02
U03127,11,2000.73,181.88
U02810,11,4423.47,402.13
U03656,11,2781.77,252.89
U04329,11,1851.11,168.28
U02482,11,1970.8,179.16
U04413,11,4108.97,373.54
U03725,11,3471.88,315.63
U04223,11,5004.43,454.95
U00426,11,3154.69,286.79
U02658,11,2353.63,213.97
U02411,11,3405.84,309.62
U04199,11,3231.87,293.81
U03438,11,2466.97,224.27
U00769,11,5598.77,508.98
U00349,11,1642.29,149.3
U01425,11,4057.97,368.91
U02618,11,2462.63,223.88
U02490,11,3666.59,333.33
U03871,11,2817.05,256.1
U00839,11,3939.85,358.17
U01988,11,4426.48,402.41
U00649,11,2517.59,228.87
U00302,11,2579.72,234.52
U02089,11,3579.16,325.38
U01693,11,2331.87,211.99
U04327,11,3804.58,345.87
U01298,11,3844.06,349.46
U01331,11,3427.14,311.56
U04490,11,3317.27,301.57
U01992,11,3322.03,302
U01167,11,3132.21,284.75
U00264,11,2953.39,268.49
U02957,11,3197.06,290.64
U00252,11,2186.66,198.79
U04782,11,4765.85,433.26
U02407,11,2139.88,194.53
U01719,11,2436.97,221.54
U04420,11,6497.44,590.68
U01397,11,2043.41,185.76
U02726,11,2768.51,251.68
U03983,11,3230.31,293.66
U02583,11,2045.37,185.94
U01070,11,3215.76,292.34
U02651,11,2496.23,226.93
U02903,11,3343.15,303.92
U03654,11,2405.18,218.65
U02875,11,3640.77,330.98
U01679,11,4139.5,376.32
U03171,11,1798.21,163.47
U04642,11,4800.46,436.41
U04715,11,3914.48,355.86
U01015,11,2804.06,254.91
U02672,11,3218.38,292.58
U01671,11,3038.27,276.21
U01772,11,5467.97,497.09
U00367,11,3520.38,320.03
U00329,11,4529.33,411.76
U03658,11,2782.34,252.94
U04170,11,4674.6,424.96
U01074,11,3385.3,307.75
U01799,11,1667.25,151.57
U03062,11,1950.68,177.33
U00020,11,2756.38,250.58
U00763,11,2963.52,269.41
U00328,11,4151.15,377.38
U02529,11,2420.15,220.01
U01808,11,2457.48,223.41
U04314,11,2961.99,269.27
U02576,11,3743.93,340.36
U04162,11,1974.75,179.52
U02872,11,1694.97,154.09
U00260,11,4342.09,394.74
U01863,11,4561.46,414.68
U04197,11,2919.44,265.4
U00995,11,3234.67,294.06
U01266,11,3856.97,350.63
U03986,11,3794.24,344.93
U01232,11,4039.28,367.21
U03426,11,4235.48,385.04
U03459,11,2568.13,233.47
U02504,11,4415,401.36
U00339,11,1695.45,154.13
U00028,11,3895.04,354.09
U00074,11,3765.51,342.32
U02795,11,3370.61,306.42
U03628,11,4225.79,384.16
U02764,11,2899.71,263.61
U01056,11,2053.13,186.65
U01387,11,2855.16,259.56
U03989,11,2841.75,258.34
U00360,11,3830.2,348.2
U02286,11,3798.65,345.33
U04613,11,5096.16,463.29
U02359,11,4614.45,419.5
U01388,11,1657.18,150.65
U01616,11,1911.25,173.75
U00857,11,8118.52,738.05
U04343,11,2321.69,211.06
U02725,11,2200.36,200.03
U02730,11,4364.17,396.74
U04463,11,1780.3,161.85
U03210,11,2413.95,219.45
U02987,11,2961.42,269.22
U00969,11,2094.67,190.42
U04584,11,2189.32,199.03
U03452,11,3944.47,358.59
U01710,11,3031.9,275.63
U00494,11,2844.47,258.59
U04637,11,3034.9,275.9
U04524,11,3840.54,349.14
U04749,11,4390.85,399.17
U02544,11,4022.01,365.64
U03164,11,1736.86,157.9
U03318,11,1884.64,171.33
U04347,11,2123.44,193.04
U01148,11,2684.89,244.08
U02146,11,2397.32,217.94
U01508,11,2963.67,269.42
U01078,11,2639.76,239.98
U03897,11,5558.04,505.28
U00418,11,3340.78,303.71
U00733,11,2365.19,215.02
U04028,11,2252.64,204.79
U03844,11,2571.32,233.76
U01587,11,2133.84,193.99
U01144,11,2716.84,246.99
U01008,11,4190.33,380.94
U00473,11,3590.84,326.44
U02204,11,2918.21,265.29
U02571,11,4180.66,380.06
U01096,11,1581.04,143.73
U01920,11,3551.07,322.82
U03523,11,3919.11,356.28
U00822,11,3534.3,321.3
U02013,11,4939.74,449.07
U01427,11,2288.16,208.01
U01470,11,2618.04,238
U00115,11,3025.56,275.05
U00137,11,4761.65,432.88
U01984,11,4158.75,378.07
U03225,11,3641.4,331.04
U03196,11,2240.02,203.64
U01353,11,3470.57,315.51
U02069,11,1620.35,147.3
U00453,11,3548.88,322.63
U01706,11,2307.9,209.81
U03201,11,4787.73,435.25
U02396,11,3589.92,326.36
U00920,11,2581.4,234.67
U00099,11,2856.53,259.68
U04788,11,3699.55,336.32
U04198,11,3049.55,277.23
U02238,11,1915.47,174.13
U04040,11,2196.64,199.69
U04036,11,2625.99,238.73
U00323,11,3283.67,298.52
U02036,11,3057.48,277.95
U01541,11,1969.11,179.01
U03718,11,2443.42,222.13
U04840,11,3573.13,324.83
U04608,11,2421.84,220.17
U00820,11,2544.76,231.34
U03841,11,1958.02,178
U01635,11,3666.07,333.28
U00492,11,3709.53,337.23
U00626,11,2948.21,268.02
U04662,11,3581.97,325.63
U00375,11,3710.73,337.34
U00919,11,2919.15,265.38
U02809,11,2856.91,259.72
U04688,11,3075.86,279.62
U01095,11,2289.05,208.1
U02285,11,4506.65,409.7
U01404,11,3549.93,322.72
U04059,11,2664.7,242.25
U04820,11,2767.27,251.57
U02134,11,2945.36,267.76
U00940,11,3610.98,328.27
U03118,11,2427.49,220.68
U00108,11,4456.12,405.1
U04593,11,1983.31,180.3
U02988,11,3312.19,301.11
U00102,11,2022.67,183.88
U03734,11,6383.09,580.28
U01405,11,2574.36,234.03
U03411,11,3284.34,298.58
U02356,11,2054.69,186.79
U00358,11,3109.76,282.71
U04630,11,2111.57,191.96
U02611,11,2995.75,272.34
U03319,11,2604.25,236.75
U04591,11,4266.04,387.82
U01528,11,2273.21,206.66
U03004,11,5902.21,536.56
U02858,11,4287.51,389.77
U00954,11,3139.89,285.44
U00042,11,4507.89,409.81
U03131,11,2814.82,255.89
U03379,11,2751.74,250.16
U02575,11,1583.07,143.92
U00477,11,3496.56,317.87
U04242,11,4019.18,365.38
U01969,11,2334.9,212.26
U04406,11,2022.38,183.85
U03730,11,2499.47,227.22
U01072,11,2436.27,221.48
U01692,11,3338.99,303.54
U04089,11,3877.34,352.49
U01838,11,2612.43,237.49
U04767,11,5833.57,530.32
U04232,11,2811.57,255.6
U00070,11,3773.24,343.02
U04480,11,3201.56,291.05
U04045,11,2816.7,256.06
U03626,11,2959.39,269.04
U02727,11,2099.82,190.89
U02853,11,2178.47,198.04
U04299,11,2372.02,215.64
U03753,11,2695.5,245.05
U03285,11,4086.36,371.49
U02374,11,4211.86,382.9
U02408,11,5053.11,459.37
U03588,11,3672.77,333.89
U04195,11,4514.99,410.45
U02278,11,5338.09,485.28
U04257,11,2576.38,234.22
U02165,11,4149.06,377.19
U04354,11,2581.86,234.71
U04410,11,2467.62,224.33
U02697,11,2511.04,228.28
U04155,11,2078.22,188.93
U00173,11,3480.91,316.45
U03233,11,3613.62,328.51
U00680,11,8859.85,805.44
U00243,11,3793.52,344.87
U01482,11,1878.35,170.76
U02715,11,1930.62,175.51
U04233,11,6094.06,554.01
U02656,11,3840.99,349.18
U02035,11,3594.8,326.8
U02034,11,2036.07,185.1
U00241,11,2715.03,246.82
U04769,11,3335.04,303.19
U04858,11,3107.7,282.52
U01094,11,2609.91,237.26
U03162,11,2937.09,267.01
U00281,11,2503.86,227.62
U04549,11,3026.59,275.14
U02193,11,3351.83,304.71
U01846,11,2909.11,264.46
U01276,11,2332.79,212.07
U03701,11,1893.08,172.1
U03350,11,3811.11,346.46
U01474,11,3050.05,277.28
U04372,11,4325.98,393.27
U01987,11,3455.59,314.14
U01024,11,4139.58,376.33
U02868,11,3892.12,353.83
U04245,11,2366.96,215.18
U01143,11,2610.95,237.36
U04657,11,4607.15,418.83
U00456,11,2704.51,245.86
U02981,11,5705.05,518.64
U04022,11,2422.3,220.21
U00236,11,3026.89,275.17
U00864,11,2489.42,226.31
U04771,11,2768.53,251.68
U03329,11,2675.02,243.18
U00224,11,2179.25,198.11
U03424,11,3087.23,280.66
U00460,11,1321.6,120.15
U04465,11,3512.22,319.29
U04074,11,3527.96,320.72
U02509,11,1798.57,163.51
U01832,11,2364.8,214.98
U03836,11,2961.72,269.25
U02766,11,4406.21,400.56
U00602,11,3287.61,298.87
U01083,11,3738.48,339.86
U01019,11,3064.09,278.55
U03650,11,2452.82,222.98
U03513,11,2410.82,219.17
U02864,11,3392.49,308.41
U03854,11,2246.56,204.23
U03830,11,3448.5,313.5
U00499,11,5680.65,516.42
U01209,11,2345.36,213.21
U04986,11,3652.74,332.07
U03635,11,5351.2,486.47
U00457,11,1998.62,181.69
U01042,11,4430.22,402.75
U04267,11,2231.24,202.84
U02717,11,4333.71,393.97
U04455,11,3605.78,327.8
U03044,11,4147.9,377.08
U00640,11,3841.41,349.22
U04115,11,2468.18,224.38
U04851,11,3533.06,321.19
U03440,11,6940.02,630.91
U01750,11,3325.94,302.36
U01324,11,4131.49,375.59
U04783,11,3597.06,327.01
U04316,11,6331.54,575.59
U00689,11,3612.69,328.43
U04655,11,3998.61,363.51
U04458,11,3183.11,289.37
U03058,11,4746.79,431.53
U02536,11,2355.98,214.18
U00964,11,2441.61,221.96
U03059,11,3280.08,298.19
U00988,11,3621.58,329.23
U01457,11,4995.11,454.1
U03683,11,3342.95,303.9
U03245,11,3002.55,272.96
U03508,11,2480.35,225.49
U00234,11,3561.26,323.75
U04742,11,3002.57,272.96
U03710,11,4619.41,419.95
U04203,11,2669.55,242.69
U02062,11,2773.28,252.12
U04920,11,3084.91,280.45
U00852,11,3281.01,298.27
U03140,11,4229.25,384.48
U02676,11,1749.88,159.08
U04015,11,3044.33,276.76
U03932,11,3761.65,341.97
U02311,11,2605.61,236.87
U01165,11,4130.16,375.47
U03818,11,2147.16,195.2
U02390,11,2186.21,198.75
U01021,11,2052.71,186.61
U03328,11,2456.01,223.27
U03948,11,3152.8,286.62
U03943,11,2351.42,213.77
U04107,11,2749.48,249.95
U03463,11,3783.29,343.94
U00911,11,2154.44,195.86
U00629,11,2499.66,227.24
U04140,11,2015.71,183.25
U03325,11,2296.07,208.73
U00486,11,3784.6,344.05
U04553,11,2422.15,220.2
U00992,11,2902.5,263.86
U00805,11,2771.31,251.94
U02636,11,3857.95,350.72
U02674,11,1709.94,155.45
U00348,11,1971.04,179.19
U01031,11,2349.87,213.62
U03385,11,2401.47,218.32
U04827,11,4199.36,381.76
U00287,11,1690.96,153.72
U01723,11,3739.95,340
U01793,11,2514.26,228.57
U04559,11,2738.21,248.93
U00008,11,2592.4,235.67
U03593,11,4886.87,444.26
U02351,11,2927.32,266.12
U02686,11,2445.63,222.33
U04924,11,2887.45,262.5
U03864,11,3673.56,333.96
U01430,11,3185.42,289.58
U00377,11,2329.75,211.8
U04565,11,2985.49,271.41
U04883,11,2364.75,214.98
U00066,11,4463.49,405.77
U04687,11,2420.85,220.08
U00436,11,3740.44,340.04
U04935,11,2530.85,230.08
U03896,11,2513.07,228.46
U01830,11,1694.88,154.08
U00660,11,5611.7,510.15
U02772,11,3273.96,297.63
U00203,11,3635.36,330.49
U00633,11,3085.29,280.48
U02225,11,2816.26,256.02
U00945,11,2906.02,264.18
U00985,11,5558.12,505.28
U03525,11,3229.37,293.58
U04762,11,3075.43,279.58
U01475,11,3019.24,274.48
U02274,11,3262.94,296.63
U01703,11,3909.04,355.37
U01132,11,2337.65,212.51
U04113,11,3299.67,299.97
U03300,11,7354.92,668.63
U01310,11,4211.38,382.85
U03392,11,3025.47,275.04
U00079,11,3166.15,287.83
U02785,11,2873.03,261.18
U03145,11,3766.54,342.41
U02724,11,2516.18,228.74
U02048,11,2589.68,235.43
U04964,11,3569.32,324.48
U02058,11,2346.04,213.28
U00658,11,2649.83,240.89
U04566,11,3337.7,303.43
U02444,11,2635.31,239.57
U00936,11,1717.32,156.12
U02649,11,2235.42,203.22
U00914,11,3660.06,332.73
U00405,10,2359.61,235.96
U02878,10,2887.46,288.75
U00928,10,4431.62,443.16
U00611,10,4245.73,424.57
U03466,10,2908.29,290.83
U03185,10,3109.91,310.99
U00609,10,2311.03,231.1
U01974,10,1758.32,175.83
U01261,10,2865.97,286.6
U03070,10,2698.23,269.82
U03672,10,4315.7,431.57
U03616,10,4366.47,436.65
U03348,10,5019.94,501.99
U03161,10,1623.17,162.32
U00430,10,4260.08,426.01
U01450,10,2732.44,273.24
U01503,10,2396.36,239.64
U03253,10,2214.85,221.49
U03364,10,1727.37,172.74
U00073,10,1909.53,190.95
U03795,10,1718.71,171.87
U01023,10,2161.06,216.11
U04752,10,2368.36,236.84
U04108,10,2745.35,274.54
U02782,10,4801.3,480.13
U04516,10,1938.7,193.87
U03049,10,2338.41,233.84
U03321,10,3797.47,379.75
U00313,10,2127.16,212.72
U00952,10,1855.31,185.53
U01617,10,3709.51,370.95
U02970,10,1757.8,175.78
U02566,10,2181.45,218.15
U02233,10,2188.64,218.86
U03307,10,4199.4,419.94
U04599,10,3481.43,348.14
U00092,10,4559.38,455.94
U03668,10,3495.52,349.55
U01299,10,3331.07,333.11
U04033,10,1591.12,159.11
U03643,10,2613.71,261.37
U01460,10,2450.73,245.07
U01286,10,4424.76,442.48
U01812,10,3351.15,335.12
U03313,10,5474,547.4
U02610,10,2196.44,219.64
U02170,10,1770.15,177.02
U01972,10,2668.16,266.82
U02951,10,2678.1,267.81
U02021,10,2555.23,255.52
U03091,10,2119.15,211.92
U02232,10,2714.72,271.47
U02340,10,2445.53,244.55
U03093,10,1276.93,127.69
U04681,10,2238.67,223.87
U02939,10,4238.64,423.86
U02783,10,4207.16,420.72
U00129,10,1672.41,167.24
U04310,10,2544.51,254.45
U03106,10,2177.8,217.78
U00951,10,3397.27,339.73
U04326,10,2929.91,292.99
U00943,10,1961.02,196.1
U01702,10,1502.65,150.27
U00790,10,3721.05,372.11
U04434,10,1795.19,179.52
U04435,10,3857.35,385.74
U01308,10,2242.99,224.3
U00157,10,2415.97,241.6
U01134,10,3200.41,320.04
U04597,10,3051.44,305.14
U02153,10,1422.28,142.23
U01231,10,2331.22,233.12
U00922,10,3417.49,341.75
U01159,10,1645.7,164.57
U00631,10,2843.04,284.3
U02270,10,5160.93,516.09
U01050,10,2363.49,236.35
U00286,10,2999.38,299.94
U00145,10,2684.89,268.49
U04604,10,2174.23,217.42
U00573,10,2911.64,291.16
U03765,10,2228.4,222.84
U02209,10,7221.45,722.15
U01949,10,4680.83,468.08
U02389,10,2840.8,284.08
U03370,10,3282.08,328.21
U04643,10,2448.16,244.82
U00617,10,2056.79,205.68
U01149,10,3098.44,309.84
U01816,10,3590.79,359.08
U00941,10,3254.77,325.48
U02732,10,2630.93,263.09
U01623,10,2856.58,285.66
U03583,10,3165.12,316.51
U04910,10,2025.89,202.59
U02541,10,2470.39,247.04
U03178,10,1861.61,186.16
U02378,10,2852.27,285.23
U04448,10,2565.32,256.53
U02669,10,1742.8,174.28
U00118,10,2192.49,219.25
U03546,10,1854.52,185.45
U04147,10,2251.3,225.13
U01199,10,2092.75,209.28
U02775,10,3491.66,349.17
U00663,10,2701.95,270.2
U01971,10,2485.49,248.55
U03102,10,2230.26,223.03
U00384,10,4102.5,410.25
U00476,10,2595.65,259.57
U04192,10,2001.92,200.19
U01179,10,2859.98,286
U00440,10,4211.92,421.19
U04082,10,2778.39,277.84
U02862,10,2566.2,256.62
U03139,10,2601.64,260.16
U00745,10,2592.61,259.26
U01603,10,1879.01,187.9
U04320,10,1220.11,122.01
U04318,10,2265.5,226.55
U01473,10,5338.2,533.82
U03020,10,1632.4,163.24
U00875,10,2331.88,233.19
U04673,10,2365.36,236.54
U03652,10,2969.71,296.97
U04396,10,4683.49,468.35
U00017,10,3750.54,375.05
U02242,10,3406.46,340.65
U01304,10,2973.87,297.39
U01356,10,2232.48,223.25
U01239,10,3324.44,332.44
U01133,10,1924.63,192.46
U00140,10,2767.18,276.72
U04750,10,2251.19,225.12
U01343,10,2274.22,227.42
U04578,10,2129.17,212.92
U01287,10,2447.46,244.75
U01885,10,1944.28,194.43
U04424,10,2511.11,251.11
U00792,10,2177.63,217.76
U00590,10,3929.43,392.94
U03856,10,2635.46,263.55
U00257,10,4081.21,408.12
U00445,10,3594.7,359.47
U04027,10,2485.91,248.59
U00511,10,2321.03,232.1
U03352,10,3284.51,328.45
U04248,10,3163.11,316.31
U00285,10,2327.66,232.77
U04010,10,1054.2,105.42
U03088,10,1699.26,169.93
U03110,10,3072.07,307.21
U01449,10,2678.85,267.89
U04867,10,2579.18,257.92
U01562,10,1958.42,195.84
U03075,10,1904.37,190.44
U04508,10,1465.03,146.5
U01699,10,2299.86,229.99
U01814,10,1504.95,150.5
U02599,10,2082.29,208.23
U01990,10,3598.31,359.83
U00970,10,3660.53,366.05
U04646,10,4126.77,412.68
U02780,10,2907.94,290.79
U02046,10,2030.63,203.06
U03707,10,3288.44,328.84
U03849,10,3717.33,371.73
U02944,10,2906.76,290.68
U01480,10,4636.09,463.61
U03068,10,2662.8,266.28
U02004,10,2294.96,229.5
U00060,10,5185.89,518.59
U02760,10,12698.39,1269.84
U04805,10,2174.47,217.45
U00807,10,3506.55,350.66
U03099,10,3032.67,303.27
U03711,10,2199.08,219.91
U00220,10,3629.42,362.94
U03119,10,2793.34,279.33
U01325,10,2401.04,240.1
U00122,10,2748.21,274.82
U04110,10,2277.58,227.76
U02126,10,1838.26,183.83
U01190,10,2574.1,257.41
U01288,10,4286.36,428.64
U02326,10,3051.14,305.11
U03977,10,2613.45,261.35
U01333,10,3054.4,305.44
U02860,10,3656.22,365.62
U03098,10,2742.53,274.25
U02831,10,2626.41,262.64
U01158,10,2469.34,246.93
U04241,10,1912.91,191.29
U04571,10,3343.44,334.34
U02415,10,1558.06,155.81
U00796,10,1564.39,156.44
U02211,10,1662.9,166.29
U01110,10,3529.18,352.92
U02452,10,1609.05,160.91
U02602,10,1193.03,119.3
U00402,10,3366.78,336.68
U01431,10,2524.47,252.45
U04879,10,3149.03,314.9
U04422,10,3384.58,338.46
U04703,10,5016.32,501.63
U04011,10,2591.03,259.1
U02344,10,3703.79,370.38
U03144,10,3378.04,337.8
U01045,10,2879.09,287.91
U02320,10,2179.28,217.93
U03130,10,2107.77,210.78
U03387,10,2431.37,243.14
U04661,10,2771.28,277.13
U02535,10,2722.59,272.26
U02235,10,2233.98,223.4
U04247,10,2692.3,269.23
U01384,10,2998.03,299.8
U00037,10,3489.7,348.97
U04727,10,3375.81,337.58
U02510,10,2924.79,292.48
U03682,10,2970.4,297.04
U02874,10,1101.59,110.16
U04640,10,1929.88,192.99
U03240,10,1737.57,173.76
U04219,10,4303.84,430.38
U00032,10,2264.49,226.45
U04730,10,3841.18,384.12
U01289,10,2341.12,234.11
U01348,10,3922.98,392.3
U01794,10,3694.08,369.41
U03303,10,1835.39,183.54
U04542,10,2658.75,265.88
U02839,10,3610.81,361.08
U02977,10,5011.91,501.19
U00926,10,2241.66,224.17
U04556,10,1595.43,159.54
U00449,10,2792.86,279.29
U03678,10,2010.18,201.02
U02410,10,4881.59,488.16
U00982,10,2759.39,275.94
U02646,10,1717.43,171.74
U01644,10,2413.11,241.31
U02145,10,3339,333.9
U00853,10,3626.32,362.63
U02142,10,2008.85,200.89
U01755,10,2033.91,203.39
U03967,10,2698.37,269.84
U00379,10,2304.07,230.41
U04972,10,4284.96,428.5
U02714,10,1762.75,176.28
U04704,10,3764.11,376.41
U01739,10,4777.22,477.72
U01975,10,2458.65,245.87
U04645,10,1853.42,185.34
U00794,10,2477.33,247.73
U01985,10,1572.6,157.26
U00934,10,2368.61,236.86
U01399,10,3228.17,322.82
U00177,10,1373.5,137.35
U02684,10,3301.23,330.12
U00311,10,3577.66,357.77
U00616,10,4807.86,480.79
U02492,10,1533.68,153.37
U04792,10,5175.38,517.54
U03120,10,4497.82,449.78
U02630,10,4922.86,492.29
U00653,10,2789.13,278.91
U03950,10,2731.86,273.19
U02304,10,2926.24,292.62
U01476,10,4185.08,418.51
U00723,10,2686.7,268.67
U00757,10,1798.57,179.86
U00917,10,4843.31,484.33
U03740,10,4755.32,475.53
U03278,10,2484.47,248.45
U00569,10,2270.95,227.1
U03895,10,5208.5,520.85
U04976,10,3443.99,344.4
U03375,10,1205.9,120.59
U03729,10,3816.68,381.67
U04810,10,3534.56,353.46
U02814,10,3018.72,301.87
U02513,10,1906.38,190.64
U04298,10,3899.29,389.93
U01524,10,3813.76,381.38
U04145,10,2199.46,219.95
U02690,10,3798.21,379.82
U04895,10,3845.45,384.55
U01395,10,4714.16,471.42
U00944,10,4121.91,412.19
U03412,10,2819.9,281.99
U01436,10,3047.78,304.78
U01960,10,2508.76,250.88
U02358,10,2631.38,263.14
U02268,10,2980.89,298.09
U00956,10,1796.94,179.69
U01897,10,2577.27,257.73
U04367,10,1775.23,177.52
U00081,10,2446.34,244.63
U01950,10,2444.51,244.45
U04355,10,3008.65,300.87
U00433,10,2337.43,233.74
U02940,10,3287.49,328.75
U04748,10,2223.12,222.31
U04379,10,3241.16,324.12
U02439,10,2223.81,222.38
U00770,10,2490.54,249.05
U01488,10,3669.94,366.99
U02750,10,3854.1,385.41
U00823,10,1897.69,189.77
U04764,10,2586.94,258.69
U02445,10,3019.92,301.99
U02833,10,2263.23,226.32
U01689,10,3462.86,346.29
U01768,10,3204.63,320.46
U02313,10,2226.1,222.61
U00350,10,1432.26,143.23
U01403,10,2421.33,242.13
U00181,10,2270.43,227.04
U01378,10,2412.63,241.26
U03922,10,4941,494.1
U03022,10,2356.74,235.67
U03929,10,1783.95,178.4
U00904,10,3081.16,308.12
U01951,10,3371.42,337.14
U02584,10,2692.29,269.23
U02620,10,2753.26,275.33
U04068,10,1588.92,158.89
U04671,10,2686.99,268.7
U02119,10,1904.91,190.49
U02063,10,2943.63,294.36
U00719,10,2014.67,201.47
U00713,10,2764.58,276.46
U03405,10,1533.78,153.38
U03339,10,2510.72,251.07
U03886,10,3649.75,364.98
U03406,10,2054.18,205.42
U00031,10,3491.87,349.19
U00065,10,1447.8,144.78
U00233,10,2538.66,253.87
U02909,10,3041.91,304.19
U01222,10,2026.52,202.65
U03598,10,1574.86,157.49
U01067,10,1932.48,193.25
U02972,10,1878.7,187.87
U02925,10,2846.1,284.61
U01414,10,3426.53,342.65
U03570,10,2807.23,280.72
U02128,10,2543.79,254.38
U03189,10,4140.23,414.02
U04893,10,3305.54,330.55
U01183,10,2076.99,207.7
U01314,10,2851.37,285.14
U04226,10,2591.13,259.11
U03184,10,3585.52,358.55
U03621,10,1850.52,185.05
U00429,10,3275.3,327.53
U00824,10,2010.37,201.04
U03443,10,5187.24,518.72
U01638,10,4589.19,458.92
U00400,10,3815.54,381.55
U01907,10,2564.63,256.46
U03693,10,2263.57,226.36
U03733,10,2327.84,232.78
U04103,10,1624,162.4
U04403,10,1910.9,191.09
U00469,10,2559.13,255.91
U01433,10,3743.76,374.38
U03272,10,3327.15,332.72
U01775,10,4158.66,415.87
U00397,10,2461.96,246.2
U01116,10,2942.32,294.23
U00846,10,2402.97,240.3
U00716,10,1724.59,172.46
U01262,10,3007.88,300.79
U01625,10,2297.26,229.73
U03376,10,1303.26,130.33
U01765,10,2601.49,260.15
U03692,10,4895.41,489.54
U04306,10,2642.83,264.28
U01245,10,3294.32,329.43
U04189,10,2768.57,276.86
U02979,10,6376.04,637.6
U00536,10,2775.54,277.55
U03670,10,4195.32,419.53
U04941,10,3423.07,342.31
U03517,10,2398.34,239.83
U02263,10,2250.74,225.07
U01319,10,4004.62,400.46
U00086,10,1668.21,166.82
U01914,10,2001.81,200.18
U02333,10,3009.62,300.96
U01958,10,2124.16,212.42
U03173,10,2040.66,204.07
U00232,10,5238.76,523.88
U04977,10,1918.09,191.81
U01621,10,2587.84,258.78
U01422,10,1945.99,194.6
U02382,10,1784.22,178.42
U02908,10,2574.43,257.44
U03010,10,2584.91,258.49
U01141,10,1843.95,184.4
U03351,10,1420.82,142.08
U01624,10,2909.87,290.99
U01210,10,2690.38,269.04
U03709,10,3131.92,313.19
U04109,10,2757.08,275.71
U00298,10,1942.19,194.22
U01880,10,4699.14,469.91
U01937,10,1841.07,184.11
U01204,10,1917.74,191.77
U03404,10,3063.41,306.34
U03002,10,1998.33,199.83
U01243,10,4123.84,412.38
U04707,10,2345.52,234.55
U01272,10,4500.94,450.09
U03243,10,2808.04,280.8
U04293,10,3041.25,304.13
U00209,10,1907.7,190.77
U03539,10,5258.72,525.87
U02788,10,1954.83,195.48
U02883,10,5145.12,514.51
U01168,10,4481.28,448.13
U01211,10,2082.49,208.25
U03661,10,2467.97,246.8
U03768,10,3250.46,325.05
U00577,10,4074.88,407.49
U00603,10,2941.63,294.16
U03906,10,2811.64,281.16
U04540,10,4688.8,468.88
U00235,10,5626.8,562.68
U00783,10,1932.6,193.26
U01235,10,2575.91,257.59
U00206,10,3293.53,329.35
U00191,10,3072.39,307.24
U02565,10,2300.49,230.05
U02255,10,1757.55,175.76
U00591,10,2502.46,250.25
U03980,10,3683.29,368.33
U02961,10,1578.98,157.9
U02762,10,1659.03,165.9
U03356,10,4167.91,416.79
U03688,10,5886.14,588.61
U02397,10,1826.43,182.64
U00134,10,6517.06,651.71
U02365,10,2191.97,219.2
U03638,10,2975.7,297.57
U01683,10,3762.55,376.26
U01465,10,1855.77,185.58
U01280,10,4465.33,446.53
U02366,10,1387.74,138.77
U04811,10,2706.42,270.64
U04287,10,4127.09,412.71
U03928,10,2041.93,204.19
U03622,10,2598.52,259.85
U00478,10,2177.67,217.77
U03290,10,2870.46,287.05
U01978,10,3565.68,356.57
U03436,10,1670.38,167.04
U01249,10,3329.13,332.91
U04967,10,2756.84,275.68
U03302,10,2942.86,294.29
U04445,10,2048.17,204.82
U00309,10,1992.91,199.29
U02552,10,2603.31,260.33
U00412,10,4651.57,465.16
U04708,10,2233.19,223.32
U03939,10,1745.79,174.58
U02837,10,3637.42,363.74
U03242,10,1948.12,194.81
U03457,10,2129.64,212.96
U02241,10,2231.9,223.19
U03681,10,2431.07,243.11
U04286,10,4712.52,471.25
U04044,10,1500.44,150.04
U03649,10,4457.83,445.78
U00784,10,3104.87,310.49
U01738,10,2699.42,269.94
U01705,10,3323.62,332.36
U01162,10,4263.19,426.32
U03273,10,1918.65,191.87
U04515,10,2169.78,216.98
U03197,10,3872.51,387.25
U00076,10,2923.53,292.35
U02030,10,1644.66,164.47
U02102,10,3418.16,341.82
U03941,10,3489.12,348.91
U04894,10,1619.5,161.95
U04136,10,2108.37,210.84
U03875,10,4031.5,403.15
U04857,10,3511.42,351.14
U00903,10,5877.39,587.74
U01202,10,3167.06,316.71
U01120,10,2716.08,271.61
U00868,10,2082.84,208.28
U02317,10,3549.09,354.91
U03938,10,1980.15,198.02
U01212,10,2633.26,263.33
U00722,10,1948.01,194.8
U01526,10,1852.36,185.24
U01654,10,2201.56,220.16
U04202,10,2787.71,278.77
U00050,10,2403.02,240.3
U02400,10,4398.41,439.84
U00123,10,2631.73,263.17
U04002,10,1523.26,152.33
U01887,10,1892.92,189.29
U04533,10,2100.32,210.03
U03414,10,2163.75,216.38
U03467,10,1551.06,155.11
U00166,10,2738,273.8
U00278,10,3073.07,307.31
U03263,10,2205.8,220.58
U04806,10,3041.78,304.18
U03208,10,2088.22,208.82
U02101,10,3989.5,398.95
U04235,10,3823.35,382.34
U03393,10,3517.38,351.74
U04815,10,4137.72,413.77
U00608,10,2099.89,209.99
U01505,10,2348.44,234.84
U02011,10,2884.84,288.48
U01946,10,3690.93,369.09
U00587,10,1309.71,130.97
U03074,10,3050.47,305.05
U01697,10,2506.67,250.67
U00026,10,3856.68,385.67
U02431,10,2994.24,299.42
U04481,10,3115.11,311.51
U03974,10,1975.84,197.58
U03559,10,2884.32,288.43
U02250,10,2592.63,259.26
U04975,10,4516.39,451.64
U04361,10,1552.42,155.24
U00887,10,3800.11,380.01
U04647,10,3453.44,345.34
U02292,10,2118.23,211.82
U03959,10,2859.36,285.94
U01759,10,2291.7,229.17
U00638,10,2296.83,229.68
U01472,10,4635.72,463.57
U00408,10,2218.8,221.88
U01175,10,3989.59,398.96
U00372,10,3192.64,319.26
U03779,10,2272.8,227.28
U00097,10,3755.63,375.56
U03092,10,2237.09,223.71
U02687,10,4091.68,409.17
U00459,10,3606.03,360.6
U02185,10,2824.81,282.48
U04581,10,2078.66,207.87
U01499,10,3405.4,340.54
U03689,10,2567.43,256.74
U02752,10,2875.09,287.51
U03684,10,3972.46,397.25
U02665,10,2557.09,255.71
U01829,10,2959.66,295.97
U01191,10,1823.33,182.33
U00468,10,2987.78,298.78
U01174,10,1885.07,188.51
U01281,10,2783.72,278.37
U03827,10,1537.75,153.78
U03814,10,2089.41,208.94
U02995,10,2152.16,215.22
U00797,10,5071.38,507.14
U04550,10,3675.93,367.59
U03254,10,3854.6,385.46
U01064,10,2246.86,224.69
U02666,10,2381.41,238.14
U01809,10,2882.23,288.22
U02851,10,3511.23,351.12
U02615,10,4080.28,408.03
U00006,10,2480.55,248.06
U01084,10,5105.84,510.58
U04592,10,3769.67,376.97
U00215,10,2997.32,299.73
U02613,10,3131.78,313.18
U00013,10,2341.41,234.14
U02887,10,3398.59,339.86
U04387,10,2299.57,229.96
U04909,10,2867.96,286.8
U03920,10,2610.49,261.05
U03215,10,2951.25,295.13
U04691,10,2953.4,295.34
U00172,10,1836.64,183.66
U03492,10,2730.68,273.07
U04651,10,2874.1,287.41
U02550,10,1863.19,186.32
U04660,10,3343.21,334.32
U00854,10,2675.65,267.57
U00691,10,2065.48,206.55
U04501,10,3593.68,359.37
U04499,10,2095.12,209.51
U01866,10,2551.34,255.13
U03456,10,2500.75,250.08
U04311,10,3149.57,314.96
U01737,10,1811.7,181.17
U00447,10,3281.19,328.12
U04166,10,1972.64,197.26
U02527,10,2398.87,239.89
U01525,10,2554.29,255.43
U00472,10,4941.97,494.2
U04167,10,4666.89,466.69
U03005,10,1927.04,192.7
U03858,10,2353.35,235.34
U01632,10,2573.9,257.39
U02488,9,1836.45,204.05
U04431,9,1531.99,170.22
U01259,9,2967.3,329.7
U02787,9,4414.49,490.5
U02800,9,1908.55,212.06
U03239,9,3462.83,384.76
U02591,9,2659.71,295.52
U01346,9,1615.18,179.46
U02329,9,2573.44,285.94
U02239,9,2414.02,268.22
U02683,9,2752.93,305.88
U01437,9,3295.43,366.16
U03266,9,3397.89,377.54
U03311,9,4077.31,453.03
U01820,9,3434.25,381.58
U04183,9,3123.16,347.02
U04757,9,1913.86,212.65
U04668,9,3111.84,345.76
U03301,9,2277.45,253.05
U03572,9,2079.25,231.03
U00247,9,4626.5,514.06
U03594,9,3077.52,341.95
U01335,9,3297.71,366.41
U01069,9,3599.55,399.95
U02590,9,2711.11,301.23
U03157,9,1352.03,150.23
U00357,9,3619.05,402.12
U04953,9,2282.86,253.65
U03888,9,2325.24,258.36
U02379,9,1833.06,203.67
U01291,9,2646.83,294.09
U02996,9,2784.73,309.41
U03308,9,1745.88,193.99
U04579,9,3072.28,341.36
U01822,9,2463.05,273.67
U04151,9,2333.14,259.24
U01878,9,2325.01,258.33
U04770,9,1923.14,213.68
U02099,9,1491.08,165.68
U03451,9,3613.24,401.47
U00464,9,3564.55,396.06
U01419,9,2266.49,251.83
U00319,9,3007.21,334.13
U03629,9,4767.83,529.76
U04258,9,3318.98,368.78
U04634,9,2014.62,223.85
U01618,9,2253.94,250.44
U01954,9,3700.52,411.17
U03349,9,2794.13,310.46
U01313,9,1759.22,195.47
U03235,9,4368.69,485.41
U04023,9,3063.45,340.38
U02614,9,2243.61,249.29
U04193,9,2526.25,280.69
U03801,9,2222.44,246.94
U04212,9,1794.54,199.39
U04345,9,2379.86,264.43
U00075,9,1862.07,206.9
U02657,9,3566.66,396.3
U03798,9,2761.31,306.81
U04169,9,1230.7,136.74
U00159,9,2643.23,293.69
U01892,9,2204.7,244.97
U02931,9,3515.61,390.62
U04017,9,3471.86,385.76
U04777,9,2797.7,310.86
U04032,9,1563.73,173.75
U03322,9,2491.89,276.88
U02282,9,3746.51,416.28
U03529,9,3172,352.44
U03060,9,1571.63,174.63
U01196,9,4386.15,487.35
U02229,9,1662.61,184.73
U01833,9,2351.89,261.32
U01487,9,2209.98,245.55
U03738,9,3609.24,401.03
U00874,9,2784.8,309.42
U02016,9,2832.51,314.72
U01253,9,1835.5,203.94
U01870,9,2647.16,294.13
U03685,9,1046.22,116.25
U04887,9,3070.18,341.13
U04653,9,7165.61,796.18
U04321,9,3439.82,382.2
U01695,9,2552.91,283.66
U00175,9,2416.77,268.53
U02345,9,2730.38,303.38
U01372,9,2262.9,251.43
U03180,9,2541.41,282.38
U04350,9,2429.93,269.99
U02827,9,2889.84,321.09
U02121,9,2700.21,300.02
U01401,9,4708.21,523.13
U00585,9,2849.21,316.58
U03250,9,2136.22,237.36
U02857,9,3147.75,349.75
U03641,9,1663.6,184.84
U02135,9,2377.03,264.11
U00994,9,3188.99,354.33
U02835,9,2495.73,277.3
U02395,9,3383.04,375.89
U00458,9,2903.93,322.66
U02632,9,1925.11,213.9
U04952,9,2506.63,278.51
U04729,9,1510.87,167.87
U02503,9,1992.61,221.4
U00742,9,2997.21,333.02
U01312,9,2433.67,270.41
U03249,9,2112.02,234.67
U04395,9,4450.21,494.47
U01940,9,1170.44,130.05
U04386,9,1536.2,170.69
U04021,9,1966.37,218.49
U00866,9,4116.58,457.4
U01847,9,1773.84,197.09
U04095,9,1340.66,148.96
U01760,9,4546.37,505.15
U03080,9,1832.72,203.64
U00612,9,3535.29,392.81
U04148,9,3802.53,422.5
U04554,9,2926.33,325.15
U03275,9,3326.72,369.64
U02950,9,2104.9,233.88
U03304,9,3157.4,350.82
U01326,9,2418.47,268.72
U02183,9,2415.68,268.41
U04389,9,2874.02,319.34
U00110,9,1897.44,210.83
U01741,9,2462.71,273.63
U02357,9,3332.31,370.26
U03565,9,1275.78,141.75
U01484,9,2826.19,314.02
U00843,9,2785.85,309.54
U03937,9,2029.15,225.46
U01675,9,3094.94,343.88
U01570,9,2310,256.67
U02294,9,1446.08,160.68
U01777,9,1447.11,160.79
U03804,9,3618.87,402.1
U02668,9,2195.74,243.97
U04537,9,2688.42,298.71
U02838,9,2728.85,303.21
U04449,9,4325.1,480.57
U00542,9,1972.36,219.15
U02203,9,3398.47,377.61
U04626,9,2248.54,249.84
U04842,9,2755.14,306.13
U04273,9,3761.43,417.94
U01944,9,2800.85,311.21
U03625,9,2384.81,264.98
U00708,9,2174.13,241.57
U04261,9,3080.08,342.23
U01563,9,2219.27,246.59
U03964,9,2203.9,244.88
U01466,9,2859.18,317.69
U04711,9,1791.23,199.03
U03217,9,3164.17,351.57
U01551,9,2615.04,290.56
U01254,9,2546.9,282.99
U01366,9,1431.3,159.03
U01037,9,1502.68,166.96
U00643,9,1907,211.89
U01127,9,1773.71,197.08
U03848,9,2008.76,223.2
U01791,9,1815.17,201.69
U00872,9,2839.3,315.48
U01188,9,3528.6,392.07
U03770,9,1924.58,213.84
U03331,9,1510.62,167.85
U01142,9,1704.15,189.35
U04137,9,1290.77,143.42
U04404,9,1796.12,199.57
U01535,9,1339.43,148.83
U04590,9,4224.4,469.38
U01559,9,3056.63,339.63
U03154,9,1988.14,220.9
U03246,9,2511.68,279.08
U03737,9,1771.87,196.87
U02147,9,1919.11,213.23
U04020,9,2697.18,299.69
U01817,9,2604.8,289.42
U00240,9,1943.15,215.91
U00371,9,4643.58,515.95
U02545,9,3307.92,367.55
U04984,9,2425.99,269.55
U02919,9,3139.06,348.78
U03902,9,2858,317.56
U03805,9,2284.49,253.83
U00363,9,4739.8,526.64
U00743,9,1631.63,181.29
U03993,9,1587.71,176.41
U01558,9,2580.51,286.72
U01853,9,3523.64,391.52
U02045,9,1132.55,125.84
U04363,9,3770.49,418.94
U03296,9,3491.29,387.92
U02547,9,2248.03,249.78
U00143,9,3086.93,342.99
U00277,9,2524.28,280.48
U03013,9,1495.92,166.21
U02511,9,3800.48,422.28
U04091,9,2514.13,279.35
U04881,9,2322.1,258.01
U01415,9,1650.04,183.34
U01344,9,2522.54,280.28
U01117,9,1250.65,138.96
U01169,9,3882.29,431.37
U02495,9,5191.76,576.86
U04493,9,4337.38,481.93
U03186,9,2133.76,237.08
U02202,9,2706.68,300.74
U02352,9,2768.19,307.58
U04987,9,3909.48,434.39
U04206,9,2191.75,243.53
U03306,9,1892.88,210.32
U01440,9,2633.41,292.6
U00463,9,2446.8,271.87
U03613,9,2294.63,254.96
U03619,9,3505.08,389.45
U00630,9,2121.85,235.76
U04141,9,1754.17,194.91
U00218,9,3077.08,341.9
U03778,9,1686.78,187.42
U00496,9,2564.41,284.93
U04205,9,2112.94,234.77
U00346,9,1812.74,201.42
U00014,9,2601.47,289.05
U00861,9,3669.25,407.69
U00335,9,1476.28,164.03
U02572,9,2636.61,292.96
U00114,9,2364.31,262.7
U01336,9,2524.85,280.54
U02938,9,4216.03,468.45
U02832,9,2445.97,271.77
U01229,9,1901.88,211.32
U01501,9,1845.07,205.01
U00924,9,2248.31,249.81
U01734,9,3531.45,392.38
U03340,9,1947.37,216.37
U02394,9,3736.31,415.15
U03892,9,2683.76,298.2
U03889,9,2114.94,234.99
U01458,9,2705.25,300.58
U03413,9,3408.31,378.7
U04669,9,3017.54,335.28
U01757,9,2867.28,318.59
U00047,9,1582.9,175.88
U00709,9,2253.67,250.41
U04796,9,2490.94,276.77
U03506,9,3493.57,388.17
U04209,9,1698.15,188.68
U04945,9,1816.08,201.79
U00778,9,6373.11,708.12
U01805,9,1813.52,201.5
U03025,9,1568.55,174.28
U02105,9,2026.8,225.2
U03885,9,3987.62,443.07
U02022,9,1610.44,178.94
U00248,9,2792.67,310.3
U04847,9,2235.18,248.35
U04525,9,1853.85,205.98
U03747,9,2076.73,230.75
U04958,9,1649.1,183.23
U04160,9,2592.77,288.09
U03229,9,5014.76,557.2
U04450,9,1336.42,148.49
U01075,9,2316.26,257.36
U04586,9,2148.64,238.74
U03591,9,2801.7,311.3
U04271,9,3524.79,391.64
U01590,9,2227.8,247.53
U02934,9,3492.05,388.01
U02499,9,1654.46,183.83
U02974,9,3000.7,333.41
U01533,9,4112.47,456.94
U04191,9,2353.12,261.46
U01189,9,2536.69,281.85
U00549,9,2423.28,269.25
U03198,9,2103.1,233.68
U00200,9,4180.75,464.53
U02140,9,2166.31,240.7
U00702,9,2115.75,235.08
U01065,9,1738.74,193.19
U00444,9,4085.86,453.98
U03420,9,2401.56,266.84
U04278,9,2609.73,289.97
U02260,9,2425.63,269.51
U01323,9,3007.53,334.17
U01952,9,4431.27,492.36
U03295,9,2687.16,298.57
U02642,9,2534.88,281.65
U02112,9,2810.65,312.29
U02830,9,3104.17,344.91
U01150,9,3170.99,352.33
U03036,9,1307.09,145.23
U00044,9,1623.77,180.42
U02769,9,3127.81,347.53
U04882,9,2026.8,225.2
U04512,9,1864.48,207.16
U02076,9,1791.61,199.07
U04260,9,1537.89,170.88
U03966,9,4674.96,519.44
U03579,9,2742.71,304.75
U00180,9,1723.65,191.52
U02990,9,1542,171.33
U01636,9,3439.65,382.18
U00983,9,1656.53,184.06
U02745,9,3458.11,384.23
U00644,9,1542.27,171.36
U02937,9,2805.69,311.74
U02534,9,2827.45,314.16
U01607,9,2904.09,322.68
U04096,9,4430.75,492.31
U01160,9,3149.72,349.97
U00935,9,3086.36,342.93
U04013,9,2500.69,277.85
U02898,9,3756.4,417.38
U01666,9,3228.77,358.75
U04829,9,2331.3,259.03
U01797,9,1411.72,156.86
U04960,9,2856.29,317.37
U00052,9,1373.78,152.64
U02467,9,1755.54,195.06
U00506,9,2682.86,298.1
U01919,9,2120.22,235.58
U01495,9,4109.19,456.58
U01882,9,1877.21,208.58
U04939,9,2143.06,238.12
U04992,9,1892.12,210.24
U01973,9,2500.77,277.86
U04988,9,2876.9,319.66
U03762,9,2535.31,281.7
U01658,9,1700.84,188.98
U00508,9,2033.79,225.98
U00804,9,3121.5,346.83
U04551,9,1698.5,188.72
U02435,9,1465.84,162.87
U02633,9,1642.38,182.49
U02929,9,2155.41,239.49
U00290,9,3146.74,349.64
U01546,9,2733.62,303.74
U02994,9,2304.54,256.06
U03495,9,2400.97,266.77
U01283,9,1434.85,159.43
U02305,9,2414.29,268.25
U01898,9,5399.24,599.92
U00856,9,2356.27,261.81
U01103,9,2521.83,280.2
U03129,9,2327.42,258.6
U04270,9,4142.95,460.33
U01409,9,2336.36,259.6
U03971,9,1777.2,197.47
U01123,9,2217.93,246.44
U04441,9,1920.81,213.42
U01732,9,1977.74,219.75
U02267,9,2735.44,303.94
U04080,9,4317.27,479.7
U01060,9,3883.22,431.47
U03509,9,2373.27,263.7
U01315,9,3243.08,360.34
U03781,9,2759.43,306.6
U02548,9,1905.15,211.68
U03077,9,2903.88,322.65
U03476,9,2402.84,266.98
U03202,9,1980.85,220.09
U01444,9,2287.29,254.14
U04948,9,3109.86,345.54
U01435,9,4970.57,552.29
U04946,9,2023.36,224.82
U01170,9,2230.32,247.81
U02876,9,3354.24,372.69
U04880,9,2935.31,326.15
U01928,9,2299.04,255.45
U02163,9,2671.85,296.87
U00249,9,2285.75,253.97
U03585,9,1402.87,155.87
U00009,9,1963.44,218.16
U03655,9,3007.21,334.13
U02699,9,1606.25,178.47
U04903,9,3503.85,389.32
U04794,9,1861.5,206.83
U02064,9,2628.9,292.1
U01184,9,2554.81,283.87
U03447,9,1527.94,169.77
U02287,9,3028.54,336.5
U04650,9,2048.44,227.6
U01806,9,1781.68,197.96
U04249,9,3708.63,412.07
U01228,9,3340.85,371.21
U03561,9,3295.83,366.2
U01118,9,3285.38,365.04
U02563,9,1740.7,193.41
U03255,9,1863.07,207.01
U00152,9,1619.07,179.9
U00015,9,1570.34,174.48
U02280,9,1963.76,218.2
U00848,9,1824.69,202.74
U00111,9,5285.81,587.31
U00950,9,3725.46,413.94
U02842,9,2982.2,331.36
U00403,9,2510.09,278.9
U02522,9,3155.97,350.66
U04714,9,2043.18,227.02
U04472,9,3083.74,342.64
U02054,9,2565.31,285.03
U04146,9,2136.11,237.35
U00340,9,2464.19,273.8
U02655,9,1102.33,122.48
U02042,9,3598.97,399.89
U01489,9,3797.54,421.95
U00416,9,1788.81,198.76
U03558,9,1666.57,185.17
U02498,9,1721.43,191.27
U03973,9,2752.31,305.81
U03191,9,2393.52,265.95
U03610,9,4871.12,541.24
U01453,9,2782.27,309.14
U02348,9,1618.86,179.87
U04712,9,2192.62,243.62
U01410,9,1606.22,178.47
U04813,9,2549.65,283.29
U01389,9,1336.78,148.53
U04149,9,2310.94,256.77
U03097,9,1616.56,179.62
U04418,9,3494.31,388.26
U01582,9,2920.54,324.5
U00493,9,3188.54,354.28
U02388,9,3250.53,361.17
U00179,9,2079.62,231.07
U04773,9,3630.95,403.44
U02028,9,1989.2,221.02
U01997,9,3492.46,388.05
U02116,9,3402.34,378.04
U00721,9,1836.58,204.06
U04710,9,2066.47,229.61
U02516,9,1937.86,215.32
U01653,9,3097.43,344.16
U01273,9,2381.48,264.61
U02923,9,1897.99,210.89
U03368,9,1782.01,198
U03244,9,2424.61,269.4
U01680,9,3564.07,396.01
U03927,9,2481.3,275.7
U00553,9,2008.84,223.2
U01018,9,1869.17,207.69
U01894,9,2908.24,323.14
U03925,9,4146.92,460.77
U03141,9,2345.44,260.6
U04211,9,2815.93,312.88
U04454,9,2997.9,333.1
U02240,9,2370.2,263.36
U01079,9,1842.75,204.75
U04929,9,3402.77,378.09
U04317,9,3134.4,348.27
U03134,9,1656.6,184.07
U00034,9,2795.34,310.59
U01238,9,2026.42,225.16
U03330,9,1751.5,194.61
U02009,9,1363.01,151.45
U04159,9,2180.56,242.28
U02122,9,2321.66,257.96
U03497,9,4514.69,501.63
U03847,9,2699.53,299.95
U00295,9,2289.98,254.44
U01912,9,2339.49,259.94
U03204,9,2140.59,237.84
U01459,9,2327.07,258.56
U00199,9,2328.76,258.75
U04356,9,2226.25,247.36
U01596,9,3220.9,357.88
U01970,9,1886.7,209.63
U00176,9,2763.23,307.03
U04732,9,2051.11,227.9
U02387,9,3187.01,354.11
U04902,9,3436.26,381.81
U02685,9,3209.73,356.64
U01864,9,2615.12,290.57
U00838,9,4239,471
U03247,9,3648.73,405.41
U03437,9,3713.47,412.61
U00513,9,2872.67,319.19
U00834,9,2847.05,316.34
U01057,9,2500.13,277.79
U04862,9,2330.84,258.98
U00282,9,3673.46,408.16
U04180,9,1568.33,174.26
U03047,9,2461.77,273.53
U02353,9,2900.38,322.26
U04468,9,2353.49,261.5
U01932,9,2720.65,302.29
U03216,9,2538.87,282.1
U04153,9,2201.24,244.58
U02608,9,1411.58,156.84
U00154,9,2433.76,270.42
U02478,9,3414.98,379.44
U04100,9,2191.54,243.5
U02612,9,2373.75,263.75
U04718,9,2410.51,267.83
U04787,9,2325.94,258.44
U01017,9,1873.21,208.13
U03220,9,4005.65,445.07
U00717,9,2956.38,328.49
U01515,9,1848.17,205.35
U03037,9,3706.79,411.87
U03498,9,2179.45,242.16
U01609,9,2740.01,304.45
U02801,9,4493.56,499.28
U02968,9,2687.76,298.64
U01491,9,938.33,104.26
U00977,9,2380.61,264.51
U02031,9,2073.05,230.34
U01492,9,2448.47,272.05
U01593,9,1886.74,209.64
U00979,9,2517.6,279.73
U04569,9,1782.76,198.08
U01995,9,3139.02,348.78
U03722,9,1661.27,184.59
U00664,9,2648.71,294.3
U03212,9,1969.4,218.82
U03899,9,4117.64,457.52
U02362,9,2410.93,267.88
U04429,9,2380.76,264.53
U00739,9,2769.14,307.68
U00427,9,4467.71,496.41
U04898,9,2421.23,269.03
U00859,9,4881.79,542.42
U03855,9,1418.87,157.65
U03767,9,2675.43,297.27
U00993,9,2514.94,279.44
U04081,9,1512.34,168.04
U02428,9,1265.37,140.6
U00208,9,2126.45,236.27
U03884,9,2420.09,268.9
U03117,9,3306.59,367.4
U00246,9,1792.71,199.19
U02372,9,2185.25,242.81
U04084,9,1789.26,198.81
U02417,9,3132.96,348.11
U01612,9,3316.94,368.55
U04087,9,2122.35,235.82
U00483,9,1455.66,161.74
U03464,9,3027.77,336.42
U04073,9,1043.15,115.91
U02213,9,2956.98,328.55
U03860,9,2491.86,276.87
U01233,9,1570.73,174.53
U00962,9,1663.66,184.85
U03821,9,2222.41,246.93
U04870,9,1483.27,164.81
U03878,9,1638.68,182.08
U04012,9,2561.35,284.59
U03969,9,2384.55,264.95
U00407,9,1903.5,211.5
U03292,9,3320.46,368.94
U03048,9,2237.52,248.61
U04171,9,2667.11,296.35
U02738,9,3167.06,351.9
U02530,9,2610.93,290.1
U04689,9,3095.63,343.96
U03789,9,2635.44,292.83
U00885,9,3570.48,396.72
U02556,9,1900.04,211.12
U00622,9,3691.89,410.21
U02515,9,3548.55,394.28
U02606,9,3002.14,333.57
U01647,9,1787.36,198.6
U02455,9,2957.05,328.56
U04348,9,4404.71,489.41
U01171,9,3401.14,377.9
U02451,9,3427.8,380.87
U02763,9,2310.41,256.71
U04088,9,2717.41,301.93
U02609,9,3163.46,351.5
U04469,9,4580.15,508.91
U00138,9,2562.58,284.73
U00921,9,1828.93,203.21
U00580,9,2144.64,238.29
U00258,9,3712.19,412.47
U03496,9,1840.89,204.54
U01740,9,3712.1,412.46
U03017,9,1967.74,218.64
U03136,9,2079.91,231.1
U03085,9,1813.06,201.45
U03324,9,1093.07,121.45
U02749,9,1768,196.44
U04464,9,3274.46,363.83
U04230,9,2132.44,236.94
U01550,9,3290.27,365.59
U03323,9,1444.77,160.53
U01608,9,2387.23,265.25
U01498,9,2081.76,231.31
U04583,9,3627.01,403
U04528,9,1676.35,186.26
U02574,9,1240.17,137.8
U00683,9,1990.53,221.17
U02033,9,2522.63,280.29
U03150,9,2434.17,270.46
U02324,9,1365.51,151.72
U03998,9,1757.99,195.33
U01105,9,1733.83,192.65
U02582,9,2630.02,292.22
U02453,9,2276.19,252.91
U04375,9,2656.84,295.2
U04269,9,2243.93,249.33
U03262,9,1816.12,201.79
U03400,9,2734.57,303.84
U01080,9,2146.81,238.53
U01382,9,2369.6,263.29
U00991,9,3539.31,393.26
U00270,9,3967.97,440.89
U00104,9,1642.7,182.52
U01649,9,6516.08,724.01
U00558,9,2151.82,239.09
U02493,9,2171.83,241.31
U00601,9,3299.65,366.63
U02222,9,2004.4,222.71
U02423,9,2679.46,297.72
U03458,9,3131.56,347.95
U03148,9,2014.89,223.88
U02817,9,2370.04,263.34
U03940,8,2586.78,323.35
U01891,8,3199.97,400
U04078,8,2067.47,258.43
U00269,8,2096.68,262.09
U02171,8,1974.56,246.82
U03867,8,2523.73,315.47
U01119,8,3172.64,396.58
U03968,8,2731.33,341.42
U00207,8,2287.45,285.93
U04446,8,3491.86,436.48
U04531,8,1436.93,179.62
U00744,8,2017.83,252.23
U00250,8,1555.58,194.45
U02001,8,1818.12,227.27
U00462,8,1233.46,154.18
U03853,8,1591.67,198.96
U03399,8,1472.84,184.11
U02791,8,3469.42,433.68
U02555,8,1807.81,225.98
U02198,8,1426.75,178.34
U01523,8,2589.68,323.71
U01248,8,3238.82,404.85
U00333,8,3359.02,419.88
U04099,8,1204,150.5
U00768,8,1963.24,245.41
U03462,8,4898.58,612.32
U04979,8,2243.07,280.38
U03850,8,1741.18,217.65
U01445,8,3087.35,385.92
U01631,8,2017.68,252.21
U04048,8,2998.69,374.84
U04823,8,2180.7,272.59
U04619,8,1650.11,206.26
U00639,8,1969,246.13
U00806,8,2483.81,310.48
U03581,8,1162.27,145.28
U00474,8,3742.87,467.86
U04352,8,2049.95,256.24
U02993,8,1515.99,189.5
U01198,8,2823.04,352.88
U01619,8,2223.14,277.89
U00230,8,3231.49,403.94
U02836,8,2410.66,301.33
U02449,8,1914.56,239.32
U02257,8,5297.7,662.21
U04961,8,2274.8,284.35
U03207,8,3096.78,387.1
U02975,8,2605.43,325.68
U02184,8,2456.94,307.12
U01628,8,2424.48,303.06
U02748,8,2427.73,303.47
U03554,8,2272.99,284.12
U04736,8,2172.39,271.55
U03534,8,3448.8,431.1
U04947,8,1104.12,138.02
U02635,8,3620.97,452.62
U00667,8,2002.85,250.36
U00893,8,3559.76,444.97
U02450,8,1742.13,217.77
U02845,8,2319.82,289.98
U02261,8,2269.62,283.7
U01844,8,2359.13,294.89
U02959,8,3204.43,400.55
U03256,8,1649.39,206.17
U01821,8,2997.28,374.66
U01020,8,2374.27,296.78
U03787,8,4908.57,613.57
U02740,8,1927.47,240.93
U01959,8,1400.1,175.01
U00858,8,2336.82,292.1
U02296,8,2136.04,267.01
U00202,8,1480.82,185.1
U04256,8,1298.81,162.35
U03116,8,2351.75,293.97
U01400,8,1568.17,196.02
U03910,8,3360.52,420.07
U02585,8,2540.47,317.56
U01781,8,1848.39,231.05
U04768,8,2478.51,309.81
U00905,8,3183.66,397.96
U01581,8,1999.55,249.94
U03007,8,2707.07,338.38
U01965,8,856.6,107.08
U04517,8,2680.48,335.06
U03771,8,2673.09,334.14
U04402,8,1959.39,244.92
U00124,8,2502.04,312.76
U01669,8,1265.4,158.18
U01392,8,3302.45,412.81
U04601,8,2319.93,289.99
U02922,8,1829.21,228.65
U00614,8,1800.58,225.07
U00121,8,2999.27,374.91
U01939,8,1425.29,178.16
U01893,8,1998.52,249.82
U00906,8,4153.68,519.21
U00676,8,2798.81,349.85
U03631,8,2374.41,296.8
U02796,8,2719.41,339.93
U01166,8,1795.9,224.49
U00705,8,2307.66,288.46
U01598,8,1852.94,231.62
U01477,8,2464.46,308.06
U04000,8,2761.8,345.23
U04079,8,3571.47,446.43
U03797,8,1542.93,192.87
U03453,8,2563.58,320.45
U01197,8,1781.64,222.71
U03577,8,1678.19,209.77
U02518,8,2431.78,303.97
U03480,8,2639.85,329.98
U04914,8,2025.56,253.2
U02413,8,3107.85,388.48
U03531,8,1872.93,234.12
U04901,8,2003.39,250.42
U04440,8,2192.1,274.01
U01802,8,1624.95,203.12
U04265,8,3831.7,478.96
U00228,8,1860.48,232.56
U02551,8,1086.86,135.86
U02660,8,2099.7,262.46
U00671,8,2546.95,318.37
U01762,8,2188.42,273.55
U01999,8,1100.02,137.5
U04117,8,4262.15,532.77
U00600,8,1463.68,182.96
U02139,8,2081.12,260.14
U04760,8,1506.99,188.37
U01355,8,2954.2,369.28
U01948,8,2347.25,293.41
U02393,8,1300.51,162.56
U04921,8,2289.36,286.17
U02338,8,2357.31,294.66
U02405,8,3400.6,425.08
U04054,8,2443.12,305.39
U01888,8,2379.92,297.49
U00304,8,1854.57,231.82
U01185,8,1979.54,247.44
U00392,8,2768.67,346.08
U03763,8,2918.29,364.79
U03258,8,1813.83,226.73
U02902,8,2160.41,270.05
U04698,8,2628.93,328.62
U00791,8,1617.18,202.15
U00272,8,2587.13,323.39
U00736,8,2121.53,265.19
U01244,8,1363.44,170.43
U03881,8,2115.8,264.48
U01029,8,2922.87,365.36
U04268,8,1429.3,178.66
U01041,8,3551.75,443.97
U00355,8,2590.74,323.84
U04927,8,1409.35,176.17
U01022,8,3063.56,382.95
U04038,8,1763.88,220.49
U02231,8,2891.17,361.4
U00167,8,3011.56,376.45
U01256,8,2414.81,301.85
U02429,8,2599.79,324.97
U04451,8,3265.49,408.19
U03469,8,1934.83,241.85
U03757,8,1926.79,240.85
U00986,8,1413.27,176.66
U00501,8,1849.25,231.16
U03071,8,2108.36,263.55
U03132,8,3048.91,381.11
U02227,8,2351.22,293.9
U04283,8,2009.9,251.24
U00393,8,2443.04,305.38
U04421,8,2082.33,260.29
U02605,8,4624.33,578.04
U03434,8,1392.74,174.09
U03219,8,2823.69,352.96
U00292,8,1517.83,189.73
U03615,8,2226.44,278.31
U04312,8,3172.54,396.57
U02600,8,713.82,89.23
U00947,8,3049.61,381.2
U00534,8,2685.56,335.7
U01701,8,1885.62,235.7
U04983,8,1743.18,217.9
U02124,8,1650.25,206.28
U04561,8,1954.33,244.29
U02141,8,4149.15,518.64
U04041,8,1912.83,239.1
U00488,8,1484.4,185.55
U03944,8,1552.81,194.1
U04222,8,1981.91,247.74
U04123,8,2048.74,256.09
U01589,8,1772,221.5
U00398,8,3307.93,413.49
U02935,8,1674.42,209.3
U02072,8,2263.84,282.98
U00567,8,2078.09,259.76
U01377,8,2546.66,318.33
U03548,8,1674.83,209.35
U01255,8,2233.85,279.23
U02115,8,2143.26,267.91
U04415,8,1497.88,187.24
U01540,8,1079.69,134.96
U02695,8,1385.44,173.18
U04594,8,2935.69,366.96
U00896,8,3449.93,431.24
U04701,8,3387.87,423.48
U01815,8,3837.04,479.63
U03545,8,2405.05,300.63
U00130,8,3726.63,465.83
U02475,8,2070.31,258.79
U01921,8,1345.4,168.18
U03578,8,2415.56,301.95
U00750,8,1446.48,180.81
U03158,8,1865.63,233.2
U01359,8,2411.48,301.44
U01411,8,1115.96,139.5
U03791,8,3315.69,414.46
U04428,8,1954.22,244.28
U01048,8,2640.79,330.1
U01913,8,2176.41,272.05
U03222,8,1858.15,232.27
U01869,8,3933.96,491.75
U00765,8,2567.46,320.93
U02259,8,2364.84,295.61
U04717,8,4114.7,514.34
U00845,8,3228.43,403.55
U03061,8,1512.28,189.04
U02288,8,3508.53,438.57
U01685,8,1603.45,200.43
U03732,8,4070.99,508.87
U04633,8,1966.1,245.76
U00442,8,1412.25,176.53
U00634,8,2383.69,297.96
U01303,8,1462.73,182.84
U02873,8,2641.8,330.23
U03033,8,1147.15,143.39
U04623,8,3247.24,405.91
U03872,8,1584.51,198.06
U04624,8,1888.11,236.01
U03802,8,2134.47,266.81
U00401,8,3538.07,442.26
U02866,8,1457.46,182.18
U03483,8,1812.01,226.5
U00539,8,4994.34,624.29
U03082,8,4034.42,504.3
U02086,8,2457.09,307.14
U00480,8,4113.38,514.17
U02144,8,1847.67,230.96
U04800,8,2412.54,301.57
U00455,8,1796.64,224.58
U01107,8,3037.11,379.64
U02798,8,1345.03,168.13
U03269,8,1825.23,228.15
U04210,8,1945.24,243.16
U03809,8,1914.32,239.29
U02528,8,1242.31,155.29
U00502,8,2293.65,286.71
U04289,8,1486.34,185.79
U02020,8,4055.51,506.94
U03485,8,4442.32,555.29
U03810,8,3426.93,428.37
U00818,8,2815.79,351.97
U03637,8,2601.89,325.24
U03547,8,1173.54,146.69
U02648,8,1409.23,176.15
U03218,8,2465.6,308.2
U04092,8,2025.97,253.25
U03921,8,3752.85,469.11
U00437,8,2450.89,306.36
U03918,8,1772.41,221.55
U04996,8,1248.17,156.02
U03776,8,2686.53,335.82
U02279,8,1311.08,163.89
U02784,8,2762.76,345.35
U00915,8,1834.77,229.35
U03923,8,2005.4,250.68
U03537,8,1609.66,201.21
U00368,8,1724.13,215.52
U01361,8,2212.54,276.57
U02702,8,1675.61,209.45
U04954,8,2999.86,374.98
U01295,8,3670.65,458.83
U03460,8,1945.88,243.24
U02924,8,1660.22,207.53
U02894,8,2184.79,273.1
U03945,8,2706.97,338.37
U00351,8,2578.98,322.37
U01963,8,4047.27,505.91
U04190,8,4021.14,502.64
U04126,8,2891.56,361.45
U03712,8,2642.19,330.27
U02103,8,2037.83,254.73
U01493,8,1736.27,217.03
U04374,8,2126.26,265.78
U02458,8,1598.82,199.85
U03687,8,2109.85,263.73
U01665,8,2585.22,323.15
U04802,8,899.35,112.42
U04989,8,3389.96,423.75
U04602,8,2189.45,273.68
U02952,8,2732.82,341.6
U04790,8,1840.53,230.07
U01173,8,1509.95,188.74
U04030,8,2916.62,364.58
U00475,8,1750.96,218.87
U04886,8,4956.54,619.57
U00907,8,2257.4,282.18
U04324,8,2028.68,253.59
U01182,8,2124.74,265.59
U04478,8,2546.03,318.25
U01263,8,2784.07,348.01
U00876,8,1462.58,182.82
U04918,8,4342.34,542.79
U01521,8,1897.53,237.19
U02262,8,2609,326.13
U04003,8,2410.42,301.3
U02597,8,2362.49,295.31
U03372,8,2318.36,289.8
U02737,8,1683.12,210.39
U01782,8,3915.2,489.4
U04411,8,2766.52,345.82
U00135,8,2189.24,273.66
U04154,8,2193.63,274.2
U01311,8,2637.03,329.63
U02474,8,2352.24,294.03
U04628,8,5202.23,650.28
U03522,8,3185.91,398.24
U02661,8,2252.82,281.6
U01720,8,1042.36,130.3
U04262,8,2060.13,257.52
U02109,8,3720.04,465.01
U01899,8,1728.19,216.02
U00651,8,952.58,119.07
U04380,8,1687.95,210.99
U02767,8,3608.46,451.06
U04937,8,2863.97,358
U01371,8,1412.29,176.54
U04868,8,1915.16,239.4
U03639,8,2008.54,251.07
U03315,8,3188.78,398.6
U01085,8,1125.29,140.66
U03985,8,2861.49,357.69
U03803,8,2391.6,298.95
U01905,8,2922.08,365.26
U02560,8,2982.25,372.78
U01872,8,1557.79,194.72
U00314,8,1706.67,213.33
U01038,8,3668.62,458.58
U04473,8,1614.24,201.78
U00753,8,956.77,119.6
U00156,8,2263.27,282.91
U04580,8,2314.26,289.28
U00967,8,4689.5,586.19
U03935,8,1174.46,146.81
U04746,8,2611.67,326.46
U03957,8,3745.4,468.18
U03121,8,2546.03,318.25
U01349,8,2431.82,303.98
U00605,8,1969,246.13
U00267,8,2084.64,260.58
U04120,8,2516.79,314.6
U00729,8,2182.49,272.81
U04381,8,3561.9,445.24
U03166,8,1051.1,131.39
U02802,8,3100.66,387.58
U00438,8,2819.03,352.38
U00383,8,1692.28,211.54
U00422,8,2417.66,302.21
U02376,8,2211.98,276.5
U03111,8,849.86,106.23
U04845,8,1691.35,211.42
U00863,8,1633.55,204.19
U03439,8,1460.61,182.58
U01391,8,2331.94,291.49
U04482,8,3765.85,470.73
U00399,8,2565.67,320.71
U03378,8,1112.51,139.06
U02440,8,2122.73,265.34
U02125,8,1455.34,181.92
U03842,8,1971.67,246.46
U01561,8,1967.81,245.98
U00068,8,2010.44,251.31
U04075,8,1294.19,161.77
U03194,8,2010.99,251.37
U04530,8,1762.77,220.35
U02038,8,1731.72,216.47
U02133,8,1914.91,239.36
U02012,8,2302.29,287.79
U02811,8,2318.65,289.83
U03835,8,1485.18,185.65
U00336,8,2065.83,258.23
U00830,8,1970.98,246.37
U04809,8,3653.07,456.63
U03449,8,2818.68,352.34
U02840,8,1702.87,212.86
U01595,8,3892.76,486.6
U00758,8,2605.1,325.64
U03648,8,3129.37,391.17
U00344,8,1227.99,153.5
U01510,8,2119.79,264.97
U03265,8,1937.74,242.22
U00217,8,1048.93,131.12
U01837,8,2350.59,293.82
U02637,8,1765.09,220.64
U03230,8,1336.73,167.09
U04456,8,2663.56,332.95
U04251,8,1958.92,244.87
U03503,8,2977.01,372.13
U04665,8,2658.12,332.27
U04244,8,1602.17,200.27
U01089,8,2045.52,255.69
U01957,8,1951.05,243.88
U00084,8,1951.52,243.94
U02275,8,2049.26,256.16
U03291,8,1413.63,176.7
U01749,8,2128.67,266.08
U01909,8,2238.72,279.84
U04706,8,3007.22,375.9
U01140,8,3131.95,391.49
U01956,8,2740.51,342.56
U01818,8,1775.57,221.95
U03019,8,1242.97,155.37
U01242,8,2971.34,371.42
U02328,8,3428.1,428.51
U04194,8,2201.45,275.18
U00627,8,2392.01,299
U03824,8,2374.46,296.81
U00520,8,2150.39,268.8
U00593,8,1774.93,221.87
U04227,8,1536.57,192.07
U03473,8,2260.57,282.57
U02483,8,1808.4,226.05
U03931,8,1559.48,194.94
U04237,8,1751.85,218.98
U03717,8,2657.25,332.16
U03746,8,4297.61,537.2
U01881,8,1769,221.13
U03174,8,1762.41,220.3
U04547,8,2630.68,328.84
U03409,8,2224.21,278.03
U01329,8,1495.68,186.96
U01420,8,2724.97,340.62
U00913,8,2569.82,321.23
U00760,8,1238.29,154.79
U03237,8,1579.93,197.49
U03369,8,1997.14,249.64
U04822,8,3586.05,448.26
U04135,8,2268.38,283.55
U00973,8,1261.67,157.71
U02587,8,2165.72,270.72
U00153,8,2523.71,315.46
U00734,8,1942.37,242.8
U01059,8,2786.1,348.26
U01517,8,1583.83,197.98
U03289,8,1582.65,197.83
U04919,8,3846.97,480.87
U02514,8,2854.04,356.76
U00327,8,1635.92,204.49
U03623,8,1483.7,185.46
U00227,8,2115.27,264.41
U01751,8,1906.87,238.36
U00665,8,1977.87,247.23
U01547,8,2097.24,262.16
U00507,8,1760.24,220.03
U03799,8,2439.46,304.93
U01066,8,2086.09,260.76
U03868,8,1976.47,247.06
U01902,8,1865.08,233.14
U03432,8,3482.08,435.26
U00560,8,1933.83,241.73
U03981,8,1601.05,200.13
U03100,8,3239.42,404.93
U03745,8,1284.96,160.62
U04349,8,2236.09,279.51
U01718,8,1551.51,193.94
U02084,8,5464.25,683.03
U02175,8,1558.27,194.78
U04228,8,1511.16,188.9
U00495,8,3216.71,402.09
U01834,8,1130.18,141.27
U00237,8,2046.53,255.82
U01455,8,888.9,111.11
U00976,8,1662.67,207.83
U04832,8,3118.25,389.78
U03009,8,3247.58,405.95
U03624,8,3431.9,428.99
U04274,8,2763.23,345.4
U00133,8,2593.22,324.15
U04511,8,3924.59,490.57
U01694,8,1425.3,178.16
U01125,8,2023.93,252.99
U01370,8,6079.25,759.91
U03659,8,2190.69,273.84
U01381,8,1938.99,242.37
U03865,8,1709.51,213.69
U01506,8,2560.53,320.07
U01968,8,2241.77,280.22
U00103,8,2967.61,370.95
U04016,8,1059.64,132.46
U02549,8,2604.02,325.5
U01953,8,1636.42,204.55
U00636,8,2236.59,279.57
U04497,8,2366.14,295.77
U00045,8,2053.27,256.66
U00187,8,2028.14,253.52
U01009,8,3017.22,377.15
U02525,8,1766.98,220.87
U03673,8,2453.34,306.67
U01565,8,2295,286.88
U04932,8,2060.9,257.61
U04007,8,1360.46,170.06
U00901,8,1332.14,166.52
U00819,8,2708,338.5
U03042,8,1499.18,187.4
U00410,8,2901.27,362.66
U04006,8,1197.22,149.65
U02093,8,2391.3,298.91
U04598,8,3168.92,396.12
U02486,8,1916.74,239.59
U03609,8,2442.82,305.35
U00005,8,2364.42,295.55
U02653,8,1781.84,222.73
U04292,8,4761.39,595.17
U04648,8,1153.39,144.17
U04285,8,3507.88,438.49
U02208,8,2321.71,290.21
U00685,8,2369.37,296.17
U01785,8,1792.11,224.01
U02252,8,1464.99,183.12
U01257,8,2713.44,339.18
U00597,8,2036.19,254.52
U00971,8,1808.3,226.04
U03034,8,1210.95,151.37
U02595,8,2235.2,279.4
U02246,8,2383.34,297.92
U04098,8,3052.95,381.62
U00089,8,2045.14,255.64
U01539,8,1163.58,145.45
U00751,8,1380.78,172.6
U04582,8,3564.06,445.51
U01917,8,1144.35,143.04
U03064,8,1807.63,225.95
U04761,8,2499.04,312.38
U04797,8,1034.61,129.33
U02297,8,2808.89,351.11
U04906,8,1750.66,218.83
U02663,8,2403.26,300.41
U02976,8,1715.33,214.42
U01027,8,2889.93,361.24
U04683,8,1714.5,214.31
U03419,8,2585.87,323.23
U04215,8,3820.4,477.55
U04638,8,3328.31,416.04
U00048,8,1495.42,186.93
U00198,8,2570.66,321.33
U03882,8,2577.88,322.24
U00275,8,4994.27,624.28
U01711,8,1779.01,222.38
U00583,8,1591.38,198.92
U02355,8,1854.88,231.86
U03760,8,1947.55,243.44
U00229,8,2237.14,279.64
U01268,8,1976.03,247
U03934,8,2268.93,283.62
U03334,8,2058.93,257.37
U03604,8,1981.46,247.68
U04692,8,1622.78,202.85
U00865,8,1568.01,196
U04755,8,1718.56,214.82
U00877,7,2164.35,309.19
U00771,7,3331.46,475.92
U01752,7,1762.35,251.76
U03001,7,1334.77,190.68
U04890,7,1473.24,210.46
U02098,7,2181.51,311.64
U02223,7,1462.52,208.93
U03773,7,1252.32,178.9
U03209,7,1728.63,246.95
U01538,7,1807.41,258.2
U02911,7,3025.79,432.26
U03662,7,1839.47,262.78
U03705,7,1598.93,228.42
U01309,7,2892.74,413.25
U03851,7,1318.03,188.29
U03651,7,1478.61,211.23
U02037,7,1812.97,259
U02956,7,1766.55,252.36
U02290,7,3279.97,468.57
U04281,7,1888.02,269.72
U01099,7,2339.01,334.14
U02654,7,1169.36,167.05
U04083,7,1768.19,252.6
U02219,7,1512.03,216
U00533,7,1049.99,150
U04085,7,3136.72,448.1
U00201,7,1653,236.14
U04930,7,2078.3,296.9
U00910,7,1488.73,212.68
U00610,7,1928.76,275.54
U02778,7,1350.93,192.99
U03893,7,1551,221.57
U01058,7,2343.52,334.79
U04659,7,1810.73,258.68
U04492,7,1642.35,234.62
U03644,7,3010.03,430
U00391,7,1901.35,271.62
U02091,7,1522.24,217.46
U01857,7,1725.39,246.48
U01534,7,796.48,113.78
U04971,7,2264.19,323.46
U00844,7,2164.51,309.22
U02779,7,2768.93,395.56
U03023,7,1832.6,261.8
U00011,7,2252.19,321.74
U00972,7,2163.52,309.07
U04346,7,1799.6,257.09
U01014,7,1404.05,200.58
U04425,7,1470.83,210.12
U01012,7,1954.18,279.17
U02709,7,2337.68,333.95
U04393,7,1183.23,169.03
U02370,7,2580.72,368.67
U01779,7,1279.04,182.72
U00139,7,1602.71,228.96
U03142,7,2279.59,325.66
U02947,7,2233.25,319.04
U00165,7,2625.84,375.12
U04765,7,1502.7,214.67
U02721,7,2204.53,314.93
U03743,7,1370.68,195.81
U01643,7,2022.68,288.95
U01730,7,1904.56,272.08
U04658,7,2320.37,331.48
U04179,7,2649.43,378.49
U03819,7,1817.93,259.7
U00369,7,3180.87,454.41
U01369,7,2557.72,365.39
U00239,7,2861.35,408.76
U00301,7,1255,179.29
U02269,7,1043.97,149.14
U02106,7,2378.52,339.79
U03825,7,1472.84,210.41
U04652,7,1332.61,190.37
U04606,7,1631.3,233.04
U01560,7,2349.82,335.69
U01043,7,1500.66,214.38
U00526,7,2398.39,342.63
U04570,7,2904.81,414.97
U00223,7,2764.29,394.9
U00908,7,1558.15,222.59
U01580,7,1673.54,239.08
U03657,7,3433.79,490.54
U04826,7,1799.41,257.06
U01502,7,1687.74,241.11
U04812,7,1812.37,258.91
U01567,7,1677.86,239.69
U02476,7,1976.6,282.37
U01321,7,1626.24,232.32
U04487,7,1483.39,211.91
U01934,7,2833.96,404.85
U00867,7,1559.03,222.72
U00826,7,1686.51,240.93
U01129,7,1186.61,169.52
U01033,7,1724.43,246.35
U00012,7,1784.11,254.87
U02969,7,991.96,141.71
U00054,7,2795.36,399.34
U02622,7,1415.13,202.16
U03016,7,2272.26,324.61
U03429,7,2166.05,309.44
U02617,7,4201.15,600.16
U04548,7,3379.17,482.74
U01745,7,4145.79,592.26
U03538,7,1166.39,166.63
U02856,7,2855.71,407.96
U01225,7,2469.68,352.81
U02401,7,1991.46,284.49
U04484,7,1911.11,273.02
U01633,7,1108.8,158.4
U04173,7,4514.18,644.88
U00835,7,828.75,118.39
U01684,7,1152.32,164.62
U02418,7,2093.4,299.06
U00774,7,2179.01,311.29
U04535,7,1544.64,220.66
U01230,7,2204.4,314.91
U01087,7,2030.54,290.08
U04094,7,1166.68,166.67
U03982,7,1496.76,213.82
U03277,7,864.8,123.54
U02025,7,2513.78,359.11
U00618,7,1367.38,195.34
U01868,7,2518.3,359.76
U01481,7,1639.62,234.23
U03401,7,1971.24,281.61
U03715,7,4813.57,687.65
U01577,7,2374.14,339.16
U00998,7,936.99,133.86
U04942,7,2110.95,301.56
U01659,7,1756.49,250.93
U04139,7,1214.87,173.55
U01691,7,1444.86,206.41
U01025,7,2582.83,368.98
U00219,7,2449.29,349.9
U01771,7,1149.01,164.14
U02841,7,1196.75,170.96
U03153,7,2029.12,289.87
U03758,7,1686.53,240.93
U04663,7,2589.85,369.98
U02383,7,1699.91,242.84
U00112,7,1492.17,213.17
U04821,7,1729.54,247.08
U00131,7,2346.65,335.24
U00670,7,3626.84,518.12
U04980,7,2637.75,376.82
U03281,7,1591.13,227.3
U00798,7,1511.98,216
U01722,7,3644.05,520.58
U04344,7,1869,267
U03731,7,1505.89,215.13
U00062,7,1337.11,191.02
U01206,7,1843.17,263.31
U02852,7,2375.44,339.35
U04917,7,1397.73,199.68
U00525,7,2297.49,328.21
U03576,7,2790.53,398.65
U04779,7,1696.58,242.37
U03614,7,1518.02,216.86
U04676,7,1097.25,156.75
U01051,7,2267.53,323.93
U01761,7,1524.3,217.76
U04965,7,1295.9,185.13
U04763,7,1383.97,197.71
U01407,7,1344.11,192.02
U03862,7,2232.62,318.95
U02055,7,1284.13,183.45
U04024,7,1610.38,230.05
U01071,7,1276.62,182.37
U01709,7,4084.07,583.44
U02477,7,5386.22,769.46
U01040,7,1307.49,186.78
U00332,7,1273.23,181.89
U00254,7,2715.75,387.96
U04505,7,3715.52,530.79
U00197,7,1827.41,261.06
U01842,7,2994.21,427.74
U00307,7,1106.53,158.08
U03822,7,2900.73,414.39
U02273,7,2395.63,342.23
U04185,7,1842.94,263.28
U03744,7,2255.21,322.17
U04781,7,2945.19,420.74
U01994,7,1393.76,199.11
U00981,7,1398.21,199.74
U03627,7,801.01,114.43
U02187,7,1846.98,263.85
U00365,7,1183.64,169.09
U00799,7,3133.64,447.66
U01941,7,2486.32,355.19
U01187,7,3265.28,466.47
U04974,7,1931.6,275.94
U02794,7,1762.32,251.76
U00382,7,1059.94,151.42
U00748,7,1532.8,218.97
U00356,7,1194.1,170.59
U03011,7,1786.37,255.2
U00958,7,5313.4,759.06
U01044,7,2642.23,377.46
U02015,7,1938.71,276.96
U00686,7,1468.43,209.78
U03646,7,1764.67,252.1
U04888,7,1415.96,202.28
U02826,7,1554.52,222.07
U01006,7,1392.15,198.88
U02192,7,2159.55,308.51
U00975,7,1322.28,188.9
U01115,7,1401.93,200.28
U00825,7,2300.14,328.59
U00136,7,1657.51,236.79
U01548,7,3090,441.43
U04467,7,1660.82,237.26
U02799,7,1277.99,182.57
U01004,7,2617.82,373.97
U01342,7,5249.26,749.89
U01093,7,2823.35,403.34
U01576,7,1230.76,175.82
U01347,7,1356.37,193.77
U03327,7,4512.63,644.66
U04272,7,2460.25,351.46
U03573,7,2872.35,410.34
U04560,7,1372.23,196.03
U04506,7,1848.21,264.03
U01656,7,1517.84,216.83
U00413,7,2097.06,299.58
U01512,7,1780.85,254.41
U01836,7,3033.83,433.4
U03911,7,2739.63,391.38
U01091,7,2693.46,384.78
U01698,7,2461.27,351.61
U01859,7,2774.16,396.31
U01889,7,1691.14,241.59
U00342,7,3880.65,554.38
U02579,7,1395.45,199.35
U04239,7,1337.2,191.03
U01663,7,2964.42,423.49
U04063,7,1530.3,218.61
U04562,7,1178.96,168.42
U04077,7,1960.24,280.03
U04359,7,2332.12,333.16
U01200,7,2790.41,398.63
U00504,7,2160.89,308.7
U02899,7,2359.52,337.07
U01098,7,1852.09,264.58
U00681,7,2388.39,341.2
U03699,7,3668.2,524.03
U01854,7,5179.39,739.91
U03526,7,1532.58,218.94
U04009,7,1735.68,247.95
U01664,7,2606.91,372.42
U04471,7,2356.46,336.64
U04143,7,1630.67,232.95
U04224,7,1118.38,159.77
U04725,7,2102.25,300.32
U03384,7,1798.4,256.91
U01076,7,2247.24,321.03
U03224,7,1713.59,244.8
U00598,7,1277.59,182.51
U01111,7,2463.28,351.9
U01789,7,1368.13,195.45
U04134,7,1485.53,212.22
U03214,7,2636.64,376.66
U01700,7,1869.9,267.13
U03371,7,2004.41,286.34
U01109,7,3107.98,444
U01742,7,1840.35,262.91
U00395,7,2562.6,366.09
U00141,7,2227.67,318.24
U00785,7,1918.02,274
U03501,7,3545.86,506.55
U03135,7,1159.36,165.62
U04713,7,3178.76,454.11
U01428,7,2033.63,290.52
U03601,7,980.5,140.07
U01871,7,1833.42,261.92
U03203,7,3390.28,484.33
U03261,7,2508.26,358.32
U02224,7,1209.07,172.72
U03481,7,1850.61,264.37
U03183,7,723.19,103.31
U01929,7,1799.72,257.1
U01672,7,3285.38,469.34
U02625,7,2537.1,362.44
U03952,7,1568.03,224
U01943,7,1918.17,274.02
U04353,7,3745.98,535.14
U01724,7,1771.08,253.01
U00182,7,1995.46,285.07
U01769,7,914.8,130.69
U04621,7,2019.67,288.52
U04234,7,2225.06,317.87
U01531,7,1762.94,251.85
U01082,7,2732.71,390.39
U03919,7,2720.22,388.6
U01338,7,1795.01,256.43
U02164,7,1326.93,189.56
U03052,7,1468.91,209.84
U01317,7,1514.4,216.34
U00730,7,2095.5,299.36
U04759,7,677.61,96.8
U00997,7,1643.77,234.82
U02998,7,1807.37,258.2
U00299,7,1538.02,219.72
U02829,7,1008.01,144
U03671,7,4127.5,589.64
U00735,7,1094.1,156.3
U04670,7,1629.83,232.83
U04998,7,1471.33,210.19
U04412,7,1516.46,216.64
U02210,7,1412.88,201.84
U04885,7,2115.71,302.24
U03618,7,1509.77,215.68
U00675,7,1981.9,283.13
U04785,7,1625.29,232.18
U03241,7,2135.35,305.05
U03163,7,1816.89,259.56
U03590,7,1916.27,273.75
U04738,7,1577.55,225.36
U02971,7,3638.92,519.85
U04814,7,1582.53,226.08
U02710,7,2339.75,334.25
U03595,7,1211.17,173.02
U02205,7,2460.63,351.52
U02588,7,3380.45,482.92
U02300,7,1477.19,211.03
U04784,7,3205.07,457.87
U01773,7,2100,300
U03608,7,2865.23,409.32
U04479,7,1187.26,169.61
U04252,7,1716.27,245.18
U00884,7,1753.41,250.49
U04330,7,1354.41,193.49
U00720,7,2728.61,389.8
U03676,7,2229.25,318.46
U03104,7,1369.64,195.66
U00968,7,1321.2,188.74
U04922,7,2816.06,402.29
U03620,7,1999.43,285.63
U04686,7,961.62,137.37
U02880,7,3230.48,461.5
U02090,7,2413.35,344.76
U04357,7,3013.9,430.56
U01637,7,2528.1,361.16
U03193,7,1370.26,195.75
U02249,7,1952.53,278.93
U02870,7,1632.21,233.17
U00881,7,4881.57,697.37
U04518,7,2301.24,328.75
U03338,7,2336.93,333.85
U03069,7,2004.44,286.35
U02438,7,2526.52,360.93
U01662,7,3322.05,474.58
U03587,7,815.49,116.5
U02815,7,2168.85,309.84
U02214,7,1270.29,181.47
U03632,7,1466.77,209.54
U04065,7,3322.35,474.62
U00010,7,1531.55,218.79
U03408,7,1543.48,220.5
U02793,7,1849.52,264.22
U01201,7,940.01,134.29
U04496,7,1706.75,243.82
U02734,7,1151.57,164.51
U00434,7,2254.73,322.1
U04907,7,1437.84,205.41
U03490,7,1658.46,236.92
U02256,7,2861.79,408.83
U02044,7,1824.51,260.64
U04333,7,2103.6,300.51
U01306,7,1660.77,237.25
U00106,7,2358.91,336.99
U04529,7,1961.63,280.23
U03267,7,2170.99,310.14
U03028,7,2713.72,387.67
U04846,7,2161.46,308.78
U00196,7,1548.42,221.2
U01579,7,1949.1,278.44
U00772,7,3945.58,563.65
U00003,7,969.56,138.51
U01942,7,2926.7,418.1
U01034,7,1727.19,246.74
U00514,7,2364.68,337.81
U00352,7,1279.78,182.83
U00361,7,1280.9,182.99
U02399,7,1806.89,258.13
U00195,7,1025.97,146.57
U02949,7,1413.32,201.9
U01874,7,1229.39,175.63
U02700,7,2232.32,318.9
U03907,7,4598.43,656.92
U01922,7,646.44,92.35
U02757,7,2688.61,384.09
U01991,7,2587.68,369.67
U00451,7,2061.29,294.47
U00775,7,3368.06,481.15
U04488,7,1402.96,200.42
U03391,7,1128.16,161.17
U01520,7,1060.58,151.51
U03834,7,1390.4,198.63
U01013,7,2992.3,427.47
U02905,7,1396.29,199.47
U01626,7,2769.67,395.67
U02502,7,1162.85,166.12
U02948,7,1925.07,275.01
U03410,7,971.37,138.77
U00515,7,2577.59,368.23
U03123,7,2371.25,338.75
U00870,7,721.75,103.11
U01318,7,650.36,92.91
U02050,7,2561.86,365.98
U01339,7,1699.75,242.82
U02018,7,1167.19,166.74
U01594,7,1865.28,266.47
U04667,7,2169.05,309.86
U00443,7,1326.87,189.55
U00871,7,2750.32,392.9
U02346,7,1411.2,201.6
U00711,7,1611.72,230.25
U02272,7,2228.07,318.3
U04259,7,1614.15,230.59
U00802,7,1527.66,218.24
U00880,7,2163.26,309.04
U04485,7,1859.79,265.68
U00266,7,2796.33,399.48
U01421,7,2340.78,334.4
U00564,7,2363.53,337.65
U02243,7,3075.43,439.35
U02484,7,1639.87,234.27
U01054,7,1919.11,274.16
U02006,7,2768.86,395.55
U00087,7,1340.88,191.55
U04873,7,2287.09,326.73
U00842,7,1836.94,262.42
U04384,7,2155.97,308
U02419,7,1667.98,238.28
U03083,7,1810.71,258.67
U03947,7,1224.4,174.91
U01639,7,1870.29,267.18
U02892,7,1344.89,192.13
U04157,7,2681.62,383.09
U01629,7,4705.53,672.22
U03008,7,1442.88,206.13
U00537,7,2807.28,401.04
U01136,7,1893.21,270.46
U04419,7,1202.6,171.8
U01463,7,3412.16,487.45
U00756,7,3024.18,432.03
U00788,7,942.82,134.69
U00628,7,1534.47,219.21
U01236,7,1704.04,243.43
U01930,7,3824.21,546.32
U01996,7,1549.18,221.31
U04042,7,1989.55,284.22
U03471,7,2810.4,401.49
U00055,7,1376.17,196.6
U00100,7,2030.87,290.12
U03415,7,1977.69,282.53
U03359,7,1034.69,147.81
U00161,7,2681.04,383.01
U03584,7,2817.75,402.54
U01605,7,1761.11,251.59
U03299,7,1523.99,217.71
U03223,7,2558.38,365.48
U01835,7,1512.05,216.01
U04130,7,2150.67,307.24
U00850,7,1958.43,279.78
U00668,7,1822.28,260.33
U04014,7,1308.22,186.89
U01620,7,2326.08,332.3
U01452,7,915.69,130.81
U01340,7,2498.99,357
U04522,7,1690.39,241.48
U02073,7,1119.02,159.86
U02061,7,1254.02,179.15
U02926,7,1869.94,267.13
U01938,7,1316,188
U02008,7,2550.5,364.36
U02117,6,1714,285.67
U02481,6,2457.81,409.64
U03914,6,892.21,148.7
U00049,6,1246.25,207.71
U01047,6,1692.21,282.04
U03987,6,2458.45,409.74
U00892,6,1064.82,177.47
U03388,6,2953.25,492.21
U00957,6,1757.44,292.91
U02335,6,1809.28,301.55
U03226,6,1593.39,265.57
U03188,6,1644.95,274.16
U02554,6,1904.19,317.37
U00381,6,2612.41,435.4
U04722,6,1231.33,205.22
U01518,6,2892.18,482.03
U01269,6,1718.45,286.41
U00406,6,1848.57,308.1
U01564,6,744.94,124.16
U01101,6,1619.17,269.86
U04409,6,1759.84,293.31
U02023,6,1344.97,224.16
U02607,6,797.42,132.9
U00679,6,2130.65,355.11
U03694,6,682.6,113.77
U03149,6,1357.86,226.31
U04731,6,1141.44,190.24
U03288,6,1657.51,276.25
U00619,6,1053.08,175.51
U04744,6,2377.31,396.22
U01748,6,4412.01,735.34
U04034,6,1389.47,231.58
U00878,6,1805.56,300.93
U02100,6,1685.77,280.96
U04588,6,1340.32,223.39
U00701,6,2183.57,363.93
U02131,6,2886.46,481.08
U03066,6,617.13,102.86
U04188,6,3712.55,618.76
U00700,6,916.11,152.69
U04498,6,766.61,127.77
U00096,6,1778.41,296.4
U04778,6,2548.76,424.79
U01753,6,670.88,111.81
U03660,6,943.53,157.26
U02967,6,1730.9,288.48
U00714,6,1386.33,231.06
U04841,6,1647.9,274.65
U00503,6,2545.19,424.2
U01845,6,1721.17,286.86
U04031,6,1567.62,261.27
U01320,6,2304.82,384.14
U01214,6,2866.69,477.78
U02159,6,1574.61,262.44
U00965,6,5285.68,880.95
U00688,6,758.78,126.46
U02258,6,1030.48,171.75
U04819,6,2205.68,367.61
U04622,6,1329.55,221.59
U00083,6,1675.04,279.17
U00690,6,2042.19,340.37
U01181,6,1767.19,294.53
U00632,6,1947.17,324.53
U04253,6,1285.69,214.28
U01402,6,814.05,135.68
U02744,6,1100.76,183.46
U04891,6,1848.22,308.04
U01670,6,1619,269.83
U03667,6,2112.31,352.05
U04218,6,565.96,94.33
U03894,6,2477.33,412.89
U03617,6,1640.8,273.47
U04719,6,1544.85,257.48
U00916,6,2024.5,337.42
U00338,6,2174.16,362.36
U04459,6,1362.16,227.03
U01416,6,2150.8,358.47
U00535,6,1034.59,172.43
U03540,6,1017.01,169.5
U01904,6,704.87,117.48
U02487,6,1001.79,166.97
U01186,6,1700.95,283.49
U04398,6,2038.73,339.79
U04928,6,2105.73,350.96
U01448,6,1730.59,288.43
U03346,6,1822.21,303.7
U02226,6,987.51,164.59
U02553,6,1111.65,185.28
U03569,6,1478.13,246.36
U01485,6,1748.56,291.43
U02469,6,1820.39,303.4
U02897,6,2187.78,364.63
U01733,6,1906.43,317.74
U03999,6,1625.4,270.9
U03259,6,925.1,154.18
U03345,6,1499.66,249.94
U04733,6,1445.12,240.85
U02577,6,1095.54,182.59
U01328,6,2599.68,433.28
U02567,6,542,90.33
U02298,6,2243.37,373.9
U04111,6,1455.1,242.52
U02307,6,2722.4,453.73
U02664,6,1268.53,211.42
U03502,6,4228.13,704.69
U04391,6,977.6,162.93
U01856,6,1446.27,241.05
U02323,6,1552.85,258.81
U02303,6,978.09,163.02
U02705,6,1543.03,257.17
U02118,6,2099.41,349.9
U02720,6,1592.47,265.41
U00699,6,1030.33,171.72
U00376,6,2138.39,356.4
U00334,6,1410.89,235.15
U03552,6,1798.13,299.69
U02955,6,1914.9,319.15
U04844,6,3782.53,630.42
U04523,6,2713.15,452.19
U00322,6,1408.7,234.78
U01077,6,2286.39,381.07
U02448,6,2112.96,352.16
U00059,6,2258.86,376.48
U04158,6,948.39,158.07
U00424,6,1241.16,206.86
U03205,6,1300.67,216.78
U01003,6,1356.92,226.15
U04414,6,1407.32,234.55
U04069,6,1238.67,206.45
U00932,6,2269.42,378.24
U04546,6,1844.35,307.39
U04291,6,1076.32,179.39
U01385,6,1194.55,199.09
U03515,6,1256.32,209.39
U01180,6,2179.42,363.24
U02771,6,616.25,102.71
U02716,6,2396.46,399.41
U00889,6,1549.82,258.3
U01532,6,1657.93,276.32
U00163,6,2872,478.67
U02182,6,1720.05,286.68
U03394,6,990.38,165.06
U02138,6,984.74,164.12
U04174,6,1545.87,257.65
U01966,6,960.33,160.06
U00214,6,2762.26,460.38
U03817,6,894.09,149.02
U01297,6,881.54,146.92
U02904,6,960.53,160.09
U04430,6,1099.94,183.32
U02603,6,2097.97,349.66
U01754,6,803.61,133.94
U01226,6,2201.7,366.95
U02234,6,1498.13,249.69
U03128,6,1667.09,277.85
U02638,6,1135.54,189.26
U01053,6,1955.69,325.95
U04305,6,2760.41,460.07
U03823,6,2270.97,378.5
U02094,6,1707.86,284.64
U04709,6,1110.79,185.13
U00565,6,1186.84,197.81
U03179,6,1318.5,219.75
U00088,6,2266.72,377.79
U01155,6,1586.24,264.37
U00620,6,1339.97,223.33
U01634,6,1494.17,249.03
U01471,6,1653.13,275.52
U02884,6,1289.43,214.91
U04371,6,2082.72,347.12
U02049,6,2433.1,405.52
U00411,6,1023.09,170.52
U02188,6,1680,280
U00024,6,2328.13,388.02
U01122,6,1713.21,285.54
U00562,6,1178.31,196.39
U04751,6,754.61,125.77
U00755,6,1706.81,284.47
U00160,6,2330.9,388.48
U01676,6,1081.13,180.19
U03146,6,1551.36,258.56
U03101,6,1585.71,264.29
U00554,6,1144.06,190.68
U01265,6,1196.04,199.34
U03992,6,2580.29,430.05
U01895,6,784.38,130.73
U04053,6,1888.26,314.71
U04629,6,1209.19,201.53
U04639,6,1000.76,166.79
U04966,6,1308.06,218.01
U01935,6,1320.93,220.16
U04302,6,1891.7,315.28
U00168,6,1620.56,270.09
U03461,6,2468.79,411.47
U00545,6,897.47,149.58
U03053,6,1669.96,278.33
U04828,6,1231.67,205.28
U01497,6,2086.45,347.74
U02264,6,1816.32,302.72
U03792,6,1173.07,195.51
U04507,6,1104.16,184.03
U02848,6,1275.66,212.61
U04214,6,3006.48,501.08
U00710,6,1413.51,235.59
U02421,6,2886.58,481.1
U01614,6,1075.76,179.29
U01216,6,1956.25,326.04
U01601,6,958.84,159.81
U01918,6,934.61,155.77
U04433,6,1601.56,266.93
U01413,6,1791.31,298.55
U03360,6,1728.06,288.01
U00623,6,1486.3,247.72
U00879,6,1156.77,192.8
U00033,6,1083.05,180.51
U04061,6,942.23,157.04
U00942,6,1204.92,200.82
U01728,6,1121.95,186.99
U03716,6,1758.35,293.06
U04555,6,827.99,138
U01030,6,1699.93,283.32
U02681,6,3328.8,554.8
U02865,6,1636.65,272.78
U01803,6,2499.7,416.62
U04196,6,1176.5,196.08
U04587,6,1809.29,301.55
U01744,6,1402.2,233.7
U04617,6,1012.31,168.72
U02092,6,1529.58,254.93
U03703,6,535.28,89.21
U01873,6,877.82,146.3
U00648,6,1523.59,253.93
U03309,6,702.43,117.07
U02662,6,2097.28,349.55
U00727,6,1510.28,251.71
U04753,6,1215.52,202.59
U04625,6,1134.92,189.15
U04905,6,1915.37,319.23
U01746,6,923.93,153.99
U02774,6,849.47,141.58
U04875,6,2641.35,440.23
U04843,6,1990.62,331.77
U04872,6,2316.35,386.06
U01660,6,2770.55,461.76
U03754,6,2136.91,356.15
U02629,6,1914.7,319.12
U02639,6,1776.69,296.12
U02792,6,1855.51,309.25
U03072,6,1813.33,302.22
U02747,6,1211.58,201.93
U02691,6,1623.28,270.55
U01462,6,876.74,146.12
U04452,6,2520.8,420.13
U02081,6,1256.37,209.4
U02917,6,1281.64,213.61
U04284,6,2040.45,340.08
U04955,6,1125.58,187.6
U04086,6,1138.98,189.83
U03489,6,2524.27,420.71
U02532,6,2155.47,359.25
U04538,6,2337.61,389.6
U02645,6,1689.31,281.55
U02823,6,1337.4,222.9
U04978,6,2918.55,486.43
U02679,6,1621.74,270.29
U01250,6,981.23,163.54
U01667,6,1864.51,310.75
U00330,6,1315.62,219.27
U02546,6,1857.36,309.56
U02846,6,1476.97,246.16
U02143,6,1366.85,227.81
U03975,6,2143.41,357.24
U02770,6,2070.41,345.07
U04187,6,934.35,155.73
U01906,6,1314.9,219.15
U00566,6,951.28,158.55
U03866,6,1847.16,307.86
U02361,6,2743.2,457.2
U03382,6,682.51,113.75
U04981,6,1576.98,262.83
U02743,6,1567.83,261.31
U00682,6,2193.24,365.54
U03514,6,2248.85,374.81
U03833,6,1062.88,177.15
U02480,6,1994.7,332.45
U02914,6,2062.17,343.7
U00642,6,1218.03,203.01
U02327,6,1181.34,196.89
U03553,6,1851.03,308.51
U02881,6,1801.28,300.21
U02698,6,905.73,150.96
U00415,6,3390.51,565.09
U00698,6,1561.53,260.26
U04121,6,3273.08,545.51
U02132,6,1337.71,222.95
U03170,6,1848.78,308.13
U00038,6,2412.35,402.06
U03428,6,1124.79,187.47
U04365,6,2176.12,362.69
U00801,6,917.31,152.89
U01358,6,1379.17,229.86
U01220,6,1256.33,209.39
U04850,6,3138.48,523.08
U00283,5,1242.72,248.54
U02849,5,1114.98,223
U02500,5,3559.15,711.83
U02601,5,900.08,180.02
U01081,5,1133.69,226.74
U00439,5,1826.12,365.22
U02543,5,1518.39,303.68
U04950,5,815.03,163.01
U03541,5,870.81,174.16
U03933,5,1034.53,206.91
U00151,5,1059.92,211.98
U02688,5,667.94,133.59
U02619,5,2539.35,507.87
U01770,5,1284.97,256.99
U04721,5,1115.8,223.16
U00594,5,1482.34,296.47
U02627,5,747.16,149.43
U02678,5,1172.71,234.54
U01426,5,2366.91,473.38
U04675,5,1002.23,200.45
U02309,5,1658.58,331.72
U04216,5,2025.58,405.12
U04001,5,1190.97,238.19
U01687,5,1347.63,269.53
U02172,5,1471.52,294.3
U02573,5,2003.74,400.75
U02363,5,1538.79,307.76
U00362,5,992.71,198.54
U01424,5,2056.77,411.35
U01102,5,1299.94,259.99
U01438,5,963.36,192.67
U03972,5,1117.32,223.46
U04423,5,775.42,155.08
U03268,5,2806.72,561.34
U02014,5,996.92,199.38
U03726,5,2283.3,456.66
U04696,5,1390.28,278.06
U00613,5,1542.92,308.58
U00300,5,1225.11,245.02
U01208,5,946.52,189.3
U01819,5,1141.92,228.38
U00004,5,1047.21,209.44
U01258,5,1062.26,212.45
U03105,5,1441.77,288.35
U04378,5,2283.82,456.76
U03640,5,2038.57,407.71
U01247,5,1356.41,271.28
U00621,5,1068.78,213.76
U02497,5,1769.35,353.87
U01301,5,886.8,177.36
U01615,5,1672.52,334.5
U01406,5,894.13,178.83
U04325,5,1540.18,308.04
U02293,5,943.43,188.69
U04973,5,679.99,136
U02000,5,1002.03,200.41
U00183,5,1570.75,314.15
U03749,5,1910.55,382.11
U00082,5,976.14,195.23
U02861,5,1888.48,377.7
U03780,5,979.53,195.91
U02460,5,1202.35,240.47
U04949,5,3885.42,777.08
U02719,5,2318.32,463.66
U03417,5,1061.13,212.23
U01469,5,1312.26,262.45
U02228,5,2336.06,467.21
U04839,5,875.98,175.2
U03455,5,1243.97,248.79
U03342,5,1080.9,216.18
U00500,5,1422.99,284.6
U01908,5,1360.99,272.2
U03067,5,1580.55,316.11
U04849,5,1902.66,380.53
U02859,5,1198,239.6
U03663,5,1374.6,274.92
U02406,5,2069.34,413.87
U02337,5,1416.81,283.36
U00244,5,1187.23,237.45
U02821,5,1574.23,314.85
U02369,5,2654.3,530.86
U02886,5,1058.86,211.77
U01002,5,983.98,196.8
U00966,5,1399.79,279.96
U01911,5,1523.56,304.71
U02251,5,2269.61,453.92
U03484,5,1835.58,367.12
U02180,5,845.39,169.08
U01121,5,1150.61,230.12
U01610,5,932.33,186.47
U00897,5,2488.03,497.61
U04664,5,732.75,146.55
U00487,5,1208.41,241.68
U00505,5,1559.39,311.88
U01509,5,1155.97,231.19
U02586,5,2746.33,549.27
U01341,5,853.2,170.64
U04656,5,892.1,178.42
U03107,5,677.15,135.43
U01877,5,1687.52,337.5
U01367,5,901.25,180.25
U00666,5,1016.01,203.2
U00378,5,1217.91,243.58
U04405,5,1138.55,227.71
U02217,5,1472.81,294.56
U04793,5,602.59,120.52
U02667,5,1148.2,229.64
U02531,5,1616.35,323.27
U01980,5,927.14,185.43
U00242,5,1153.87,230.77
U02077,5,3531.12,706.22
U00645,5,1332.01,266.4
U04801,5,1266.69,253.34
U04679,5,1373.93,274.79
U03403,5,1592.39,318.48
U04323,5,805.48,161.1
U01271,5,1106.89,221.38
U01569,5,1265.41,253.08
U03759,5,1531.03,306.21
U04051,5,888.41,177.68
U03377,5,965.91,193.18
U03407,5,1704.93,340.99
U02437,5,787.53,157.51
U02580,5,938.65,187.73
U02816,5,1169.59,233.92
U03103,5,771.06,154.21
U02137,5,1802.97,360.59
U00737,5,1309.85,261.97
U04791,5,992.75,198.55
U00571,5,535.99,107.2
U04600,5,2254.2,450.84
U02869,5,810.48,162.1
U04558,5,1297.62,259.52
U02991,5,1050.8,210.16
U01446,5,1307.03,261.41
U00374,5,2193.64,438.73
U04491,5,2942.18,588.44
U03228,5,1000.25,200.05
U00990,5,1039.55,207.91
U03904,5,1196.47,239.29
U04610,5,581.6,116.32
U03014,5,1634.71,326.94
U04340,5,1229.37,245.87
U02882,5,749.88,149.98
U02561,5,798.78,159.76
U04990,5,646.02,129.2
U01468,5,1498.23,299.65
U04889,5,3528.11,705.62
U02806,5,991.16,198.23
U02712,5,1495.96,299.19
U04938,5,1102,220.4
U04982,5,1189.3,237.86
U04364,5,1654.21,330.84
U01536,5,2342.15,468.43
U02805,5,996.64,199.33
U02473,5,1370.95,274.19
U00321,5,2345.57,469.11
U04926,5,2285.09,457.02
U03108,5,1052.99,210.6
U01566,5,1368.27,273.65
U04695,5,2507.31,501.46
U00592,5,415.86,83.17
U03156,5,987.22,197.44
U03192,5,707.78,141.56
U01642,5,1190.11,238.02
U01467,5,1171.7,234.34
U01716,5,566.27,113.25
U01630,5,904.33,180.87
U00343,5,850.78,170.16
U02616,5,4289.79,857.96
U01227,5,811.7,162.34
U03714,5,1908.88,381.78
U00851,5,1315.01,263
U01926,5,1071.93,214.39
U04362,5,980,196
U02237,5,1984.18,396.84
U04097,5,1016.66,203.33
U00169,5,698.03,139.61
U01681,5,847.99,169.6
U04818,5,1402.18,280.44
U04008,5,814.02,162.8
U02420,5,1311.85,262.37
U01993,5,1228.35,245.67
U00568,5,1843.13,368.63
U04213,5,2429.97,485.99
U02557,5,1319.1,263.82
U03398,5,620.19,124.04
U03752,5,1082.09,216.42
U04035,5,623.5,124.7
U02508,5,1016.17,203.23
U01390,4,1054.77,263.69
U03750,4,1455.53,363.88
U03551,4,1090.71,272.68
U03176,4,837.52,209.38
U00497,4,845.7,211.43
U00759,4,2310.61,577.65
U00833,4,1011.56,252.89
U02047,4,560.65,140.16
U03996,4,617.54,154.39
U02041,4,1501.82,375.46
U01176,4,448.77,112.19
U00396,4,367.07,91.77
U03504,4,634.36,158.59
U00550,4,821.39,205.35
U02650,4,1368.43,342.11
U04172,4,858.02,214.51
U02761,4,623.46,155.87
U02191,4,1354.17,338.54
U03333,4,1124.7,281.18
U04672,4,558.33,139.58
U04799,4,1823.98,456
U00423,4,1350.18,337.55
U04745,4,1046.5,261.63
U01511,4,1446.83,361.71
U00925,4,662.69,165.67
U01640,4,1323.41,330.85
U04165,4,978.48,244.62
U02114,4,1048.88,262.22
U04620,4,845.64,211.41
U00704,4,928.63,232.16
U02867,4,1724.35,431.09
U01743,4,768.99,192.25
U00578,4,816.78,204.2
U00279,4,805.59,201.4
U03470,4,814.55,203.64
U03187,4,1120.51,280.13
U00174,4,947.03,236.76
U01786,4,494.93,123.73
U03046,4,1103.17,275.79
U00669,4,610.13,152.53
U01130,4,2165.24,541.31
U01049,4,203.9,50.98
U02694,4,1829.75,457.44
U01850,4,1961.09,490.27
U00984,4,718.15,179.54
U00221,4,624.67,156.17
U01798,4,887.33,221.83
U00795,4,761.03,190.26
U01354,4,752.14,188.04
U00490,4,1538.82,384.71
U04824,4,498.7,124.68
U01545,4,826.81,206.7
U00142,4,725.03,181.26
U03078,4,798.24,199.56
U03811,4,1468.07,367.02
U01334,4,1876.48,469.12
U03808,4,1531.3,382.83
U00821,4,445.26,111.32
U01600,4,1353.54,338.39
U02266,4,1181.14,295.29
U03916,4,1257.32,314.33
U02888,4,1140.9,285.23
U03287,4,2161.37,540.34
U03167,4,1059.06,264.77
U03951,4,1060.89,265.22
U03634,4,1460.5,365.13
U01810,4,899.45,224.86
U01090,4,1284.85,321.21
U03958,4,491.06,122.77
U02932,4,554.86,138.72
U00291,4,790.37,197.59
U00570,4,853.5,213.38
U01544,4,1954.4,488.6
U04803,4,988.07,247.02
U02634,4,1948.14,487.04
U03800,4,1996.86,499.22
U00185,4,1319.12,329.78
U00467,4,857.29,214.32
U01879,4,661.43,165.36
U01606,4,600.65,150.16
U03653,4,1195.2,298.8
U02539,4,872.21,218.05
U01073,4,1496.03,374.01
U00752,4,1267.95,316.99
U04995,4,969.76,242.44
U00149,4,449.11,112.28
U00347,4,1631.85,407.96
U04296,4,762.04,190.51
U02470,4,2091.82,522.96
U02537,3,1018.76,339.59
U04119,3,1104.54,368.18
U02471,3,615.5,205.17
U04466,3,688,229.33
U00063,3,843.27,281.09
U02186,3,805.5,268.5
U04360,3,423.74,141.25
U00589,3,882.45,294.15
U03845,3,738.44,246.15
U02973,3,559.63,186.54
U03448,3,1531.99,510.66
U02647,3,1423.55,474.52
U00746,3,547.81,182.6
U04534,3,831.45,277.15
U01923,3,273.95,91.32
U02472,3,822.42,274.14
U04416,3,752.13,250.71
U01840,3,676.05,225.35
U01490,3,1097.53,365.84
U04383,3,621.5,207.17
U02496,3,1336.53,445.51
U01604,3,2102.17,700.72
U03775,3,997.08,332.36
U01408,3,562.15,187.38
U01439,3,649.25,216.42
U00018,3,596.6,198.87
U00132,3,374.32,124.77
U04863,3,646.09,215.36
U02703,3,774.73,258.24
U01100,3,1071.13,357.04
U02027,3,2775.88,925.29
U00726,3,1177.45,392.48
U00754,3,874.31,291.44
U02331,3,470.2,156.73
U01032,3,434.63,144.88
U04641,3,835.36,278.45
U03472,3,432.56,144.19
U01573,3,437.85,145.95
U01792,3,1129.26,376.42
U03994,3,639.71,213.24
U03874,2,411.5,205.75
U03783,2,449.11,224.56
U02426,2,812.61,406.31
U01274,2,739.01,369.51
U03444,2,371.73,185.87
U02212,2,252.02,126.01
U03846,2,658.32,329.16
U03723,2,219.86,109.93
U01646,2,281.61,140.81
U00058,1,139.62,139.62
U03990,1,103.62,103.62
U01713,1,158.57,158.57
