receiver_id,transaction_count,unique_users,total_received
M00589,41,41,12984.61
M00226,38,38,10947.61
M00429,37,37,13432.91
M00871,37,37,12354.15
M00619,36,36,10398.73
M00449,35,35,11566.64
M00469,35,35,9395.88
M00862,35,34,10666.01
M00117,34,34,8667.36
M00707,34,34,8348.70
M00389,34,34,9797.35
M01072,34,34,12157.10
M00251,33,33,12046.87
M01367,33,33,10655.82
M00949,33,33,10625.30
M00879,33,33,12935.56
M00233,33,33,8887.72
M00668,33,33,9376.31
M00837,32,32,12273.59
M01306,32,32,9620.09
M01228,32,32,8772.77
M00307,32,32,8376.29
M00866,32,32,10440.78
M00896,32,32,7746.39
M01248,32,32,6625.96
M01483,32,32,11339.59
M00419,32,32,12036.69
M00810,32,32,13675.68
M01038,32,32,9856.22
M01229,32,32,7018.66
M01388,32,32,9427.80
M01425,31,31,9613.06
M00755,31,31,11791.30
M00298,32,31,9793.95
M00178,31,31,8530.21
M01218,31,31,13517.33
M00153,31,31,6451.90
M01244,31,31,9340.63
M00216,31,31,7245.46
M01171,31,31,9909.50
M00244,31,31,12563.27
M00212,31,31,11007.79
M00446,31,31,7185.20
M00981,31,31,8118.49
M00644,31,31,9836.30
M00064,31,31,7747.33
M00490,31,31,8553.29
M00877,31,31,10105.33
M00627,31,31,9649.82
M00797,30,30,7978.64
M00697,30,30,6865.69
M01199,30,30,6775.35
M01011,30,30,7738.92
M00091,30,30,10695.60
M01211,31,30,7584.61
M01170,30,30,9121.30
M00392,30,30,6918.71
M01380,30,30,8448.44
M00838,30,30,7125.48
M00518,31,30,7107.41
M00591,30,30,7382.08
M00371,30,30,7678.29
M00049,30,30,5935.02
M00922,30,30,7379.36
M00432,30,30,7575.05
M00163,31,30,9619.98
M00795,29,29,7372.75
M00211,31,29,9625.52
M00883,29,29,9215.04
M00027,29,29,7473.07
M00624,29,29,9469.31
M01391,29,29,9053.51
M00230,29,29,7510.86
M00495,29,29,7664.74
M00526,29,29,8597.14
M00034,29,29,7934.47
M01131,29,29,11988.64
M01398,29,29,8658.65
M00283,29,29,7229.67
M00593,29,29,9433.07
M01223,29,29,14625.99
M00913,29,29,9294.68
M00517,29,29,9661.09
M01341,29,29,9540.07
M00963,29,29,7159.81
M01240,29,29,9506.59
M01455,29,29,10088.11
M00538,29,29,7986.45
M00326,29,29,7586.34
M00708,29,29,7914.88
M00515,29,29,9631.68
M00444,29,29,9300.73
M01272,29,29,6832.39
M00011,29,29,7059.73
M00501,29,29,7586.31
M01045,29,29,8687.22
M01091,29,29,7626.01
M00844,29,29,10779.95
M00827,29,29,6705.99
M01163,29,29,9346.56
M01066,29,29,11162.58
M00051,28,28,7875.65
M01304,28,28,8658.70
M01382,28,28,7901.10
M01152,28,28,14636.34
M00213,28,28,6978.57
M00934,28,28,6895.84
M00584,28,28,7284.92
M00524,28,28,9111.72
M00951,28,28,7188.56
M01362,28,28,6480.60
M00889,28,28,8162.21
M01463,28,28,7663.84
M01209,29,28,9189.85
M00221,28,28,6977.84
M00857,28,28,6915.65
M00258,28,28,5557.46
M00965,28,28,9956.63
M01333,28,28,6107.35
M01467,28,28,8759.18
M01276,28,28,5722.67
M00205,28,28,14097.67
M00701,28,28,7945.13
M00269,28,28,8856.38
M00504,28,28,6605.30
M01294,28,28,6830.33
M01451,28,28,7724.03
M00552,28,28,7395.78
M01435,28,28,9136.05
M01431,28,28,10967.57
M01429,28,28,7651.80
M00683,28,28,10031.16
M00316,28,28,8669.24
M01427,28,28,8156.11
M01049,28,28,8096.55
M00337,28,28,6613.77
M00903,28,28,6562.31
M00612,28,28,7311.04
M01415,28,28,5809.33
M00906,28,28,6192.89
M00145,28,28,7462.20
M01479,28,28,8080.62
M00375,28,28,8395.57
M00841,28,28,7977.00
M01490,28,28,10193.53
M00761,28,28,10582.97
M01109,28,28,7163.32
M00914,28,28,7484.71
M01481,29,28,10832.67
M01141,28,28,8123.58
M00767,28,28,7083.38
M00308,28,28,9195.05
M00464,27,27,7929.21
M01279,27,27,7931.79
M01488,27,27,7501.91
M00210,28,27,5963.27
M00577,27,27,7167.49
M01300,27,27,10270.16
M00747,27,27,7268.57
M00892,27,27,6701.91
M01460,27,27,7007.44
M00762,27,27,5654.09
M00920,27,27,5597.40
M00770,27,27,5221.67
M00927,27,27,9738.63
M00563,27,27,9894.06
M00928,27,27,6041.57
M00525,27,27,6467.31
M00295,27,27,5212.61
M00013,27,27,8720.18
M00816,27,27,7224.73
M01443,27,27,7981.86
M00404,27,27,8406.74
M01001,27,27,7583.69
M01013,27,27,6255.07
M00631,27,27,10500.33
M00291,27,27,6641.94
M01430,27,27,7868.76
M00172,27,27,6358.16
M01048,27,27,10117.71
M01059,27,27,4787.07
M01421,27,27,10187.93
M00617,27,27,8099.06
M00439,27,27,7460.99
M01079,27,27,7993.76
M00718,27,27,9603.72
M00710,27,27,6011.02
M00605,27,27,9710.83
M01095,27,27,6656.20
M01102,27,27,9066.79
M00498,27,27,6809.72
M00733,27,27,7994.77
M01403,27,27,5090.82
M01116,27,27,7950.97
M00734,27,27,10323.68
M00736,27,27,7012.53
M00115,27,27,7482.68
M00370,27,27,9632.34
M00369,27,27,7834.24
M01151,27,27,8130.53
M01167,27,27,5599.06
M01379,27,27,8437.68
M00063,27,27,6126.19
M01177,27,27,7524.45
M01375,27,27,9818.53
M00274,27,27,9561.74
M00227,27,27,7487.78
M00150,28,27,5679.66
M00887,27,27,8160.77
M01192,27,27,9091.34
M00704,28,27,8603.06
M01360,27,27,7245.30
M00355,27,27,8982.18
M00874,27,27,6833.83
M00077,27,27,7097.71
M00151,27,27,8739.78
M00742,27,27,7539.04
M01273,27,27,5226.45
M01320,27,27,9011.48
M01188,26,26,8194.67
M00859,26,26,10256.78
M00749,26,26,5651.83
M01441,26,26,7504.13
M00132,26,26,7882.72
M01414,26,26,6503.47
M00177,26,26,6813.46
M00496,26,26,7731.01
M01404,26,26,7101.08
M00180,26,26,7770.90
M01401,26,26,7473.88
M00182,26,26,7352.21
M00183,26,26,6211.47
M01387,27,26,7987.83
M01489,26,26,6063.41
M00329,26,26,7456.41
M01361,26,26,10458.22
M00105,26,26,7436.21
M01323,26,26,7793.06
M01316,26,26,6860.93
M01307,27,26,7000.91
M00574,26,26,9869.35
M00510,26,26,7277.84
M01282,26,26,5885.41
M00579,26,26,5653.49
M01261,26,26,7911.92
M01255,27,26,9954.25
M01500,26,26,6755.10
M01245,26,26,7454.69
M01219,26,26,8067.33
M00072,26,26,8110.03
M00069,26,26,6938.05
M01182,26,26,5906.40
M01172,26,26,6106.84
M00309,26,26,9389.92
M01480,26,26,6922.73
M01129,26,26,6716.08
M01119,26,26,5769.84
M00452,26,26,6343.16
M00165,26,26,5612.92
M00611,26,26,7543.70
M00618,26,26,6075.79
M01055,26,26,7010.76
M01017,26,26,8813.67
M00638,26,26,7154.79
M01016,26,26,9483.93
M00996,26,26,5903.48
M00966,26,26,6232.71
M00303,26,26,8426.37
M00141,26,26,8496.87
M01458,27,26,10430.13
M00717,26,26,8971.07
M01412,25,25,6458.02
M01105,25,25,6735.94
M00362,25,25,4409.33
M01402,25,25,5092.13
M00445,25,25,8751.23
M00052,25,25,7105.40
M00732,25,25,7374.74
M00284,25,25,5937.07
M01135,25,25,8157.16
M01377,25,25,6800.68
M01392,25,25,6963.95
M00415,25,25,5830.59
M00237,25,25,9828.16
M00325,25,25,8760.58
M01169,25,25,7010.68
M01168,25,25,8084.24
M01378,25,25,8554.63
M00590,25,25,7096.80
M00366,25,25,7003.84
M00365,25,25,8230.14
M01162,26,25,5368.39
M00456,25,25,10469.55
M00082,25,25,6163.21
M00097,25,25,8436.20
M00101,25,25,5680.65
M00952,25,25,7408.88
M00494,25,25,4962.34
M01266,25,25,6037.37
M00529,25,25,6255.37
M00819,25,25,5824.70
M00808,25,25,5585.40
M00196,25,25,7145.56
M00090,25,25,4524.04
M01262,25,25,7486.14
M00851,25,25,5342.43
M00855,25,25,6566.62
M01496,25,25,7514.11
M00648,25,25,7024.71
M00400,25,25,6503.53
M00399,25,25,8196.26
M00423,26,25,8666.61
M00215,25,25,7358.69
M00641,25,25,6907.60
M01009,25,25,5166.38
M00025,25,25,5655.01
M00394,25,25,6410.00
M00635,25,25,7729.84
M00254,25,25,7058.80
M01023,25,25,7606.18
M01034,25,25,7385.43
M00630,25,25,7810.50
M00521,25,25,8802.96
M00289,25,25,6464.03
M00482,26,25,10142.83
M01472,25,25,7427.46
M00470,25,25,6192.66
M00539,25,25,6795.99
M01281,25,25,5918.08
M01352,25,25,7264.79
M00890,25,25,5788.36
M00858,25,25,8425.08
M00493,25,25,4989.47
M00702,25,25,5553.79
M01290,25,25,5629.88
M01050,25,25,6698.30
M01353,25,25,9132.91
M01426,25,25,6644.74
M01354,25,25,11849.81
M00541,25,25,9081.99
M01205,25,25,5919.35
M01450,25,25,9048.05
M00383,25,25,5888.53
M01424,25,25,10147.52
M01474,25,25,5398.74
M00382,25,25,6526.82
M01194,25,25,7240.13
M01364,25,25,7646.91
M01423,25,25,6473.93
M01291,25,25,9196.61
M00130,25,25,7278.20
M00175,25,25,5929.59
M01368,25,25,6325.17
M01298,25,25,8538.44
M01478,26,25,6943.33
M00686,25,25,6376.48
M00483,25,25,5753.99
M00096,26,25,7404.72
M00247,25,25,7002.22
M00900,25,25,8700.75
M01069,25,25,6084.24
M00613,25,25,7017.42
M01186,25,25,7481.19
M00067,26,25,8059.04
M00842,25,25,6675.33
M00835,25,25,4658.15
M00412,25,25,6225.94
M00884,25,25,7115.93
M01077,25,25,6299.34
M01181,25,25,8145.08
M01416,25,25,6182.34
M00045,25,25,7845.40
M00087,25,25,8741.01
M00775,25,25,7615.30
M00311,25,25,6140.89
M00571,25,25,9606.09
M00973,24,24,8076.73
M01313,24,24,7281.02
M01274,24,24,5633.30
M00259,24,24,4470.58
M00580,24,24,6849.82
M01253,24,24,7473.66
M01220,24,24,7896.30
M00219,24,24,6529.23
M00106,24,24,5241.60
M00489,24,24,5696.53
M00228,24,24,7673.34
M00068,24,24,7207.02
M00583,24,24,6455.46
M01371,24,24,7688.87
M01374,24,24,5814.14
M01185,24,24,8832.82
M00327,25,24,6971.36
M00189,24,24,6685.19
M00004,24,24,14121.83
M00148,24,24,6515.82
M00491,24,24,6147.23
M01157,24,24,9005.52
M00548,24,24,10499.45
M01146,24,24,5743.75
M00305,24,24,6576.48
M01140,24,24,6894.01
M01139,24,24,9905.15
M01125,24,24,6013.56
M01123,25,24,9171.50
M00885,24,24,7476.16
M01111,24,24,8461.23
M01108,24,24,6618.48
M00731,24,24,7457.96
M00125,24,24,6906.59
M00007,24,24,5139.35
M01089,24,24,10775.53
M00323,24,24,7488.87
M01082,24,24,5840.28
M01076,24,24,6547.73
M01073,25,24,10081.30
M00128,24,24,8181.40
M01419,25,24,8956.15
M01422,24,24,9514.32
M01065,24,24,7150.53
M00036,24,24,6454.48
M00435,24,24,10167.35
M00509,24,24,6222.71
M01051,24,24,5845.36
M01428,24,24,6621.40
M01492,24,24,7872.03
M00029,24,24,6501.67
M00171,24,24,4708.42
M01436,24,24,5155.67
M01026,24,24,7151.88
M00315,24,24,7721.34
M00480,24,24,8075.12
M01022,24,24,5573.15
M01020,24,24,7908.22
M01018,24,24,6397.49
M00882,24,24,6440.41
M00880,24,24,5033.08
M00426,24,24,7135.32
M00725,24,24,6708.80
M00803,24,24,7321.94
M01004,25,24,9462.99
M00796,24,24,7433.40
M01000,24,24,6829.04
M00992,25,24,7647.72
M00645,24,24,5517.39
M00023,24,24,8814.64
M00985,24,24,7901.77
M00022,24,24,8239.48
M00647,24,24,4423.97
M00401,24,24,8612.72
M00402,24,24,8885.34
M00969,24,24,5975.99
M00809,24,24,8621.85
M00820,24,24,6208.42
M00821,24,24,6644.27
M00824,24,24,6151.47
M00945,24,24,8332.14
M00829,24,24,5238.28
M00475,24,24,7901.33
M00655,24,24,5408.14
M00661,25,24,7731.44
M00904,24,24,6884.26
M00754,24,24,6771.62
M00901,24,24,8972.63
M00168,24,24,7234.00
M01456,24,24,5638.80
M01292,24,24,7929.47
M01283,24,24,8321.62
M00262,24,24,6002.13
M00206,24,24,8485.10
M00202,24,24,7396.46
M00342,24,24,8197.89
M00209,24,24,4377.34
M01039,23,23,6358.37
M00908,23,23,7105.97
M00065,23,23,6969.22
M00860,23,23,4912.61
M00724,23,23,9771.58
M00614,23,23,11252.39
M00667,23,23,8916.36
M00616,23,23,6762.25
M01191,23,23,5260.09
M00302,23,23,5130.46
M00730,23,23,6852.59
M00299,23,23,6209.74
M00582,23,23,7027.69
M00038,24,23,5640.46
M00703,23,23,6867.74
M00875,23,23,7084.06
M00035,23,23,8104.95
M01195,23,23,6547.66
M01355,23,23,5944.09
M00345,23,23,8922.25
M01060,23,23,5374.40
M01057,23,23,8224.66
M00573,23,23,6438.34
M00623,23,23,9448.10
M01054,23,23,4905.61
M00674,23,23,6830.23
M01212,23,23,4273.56
M01221,23,23,6798.96
M01047,23,23,7740.90
M00385,23,23,5862.87
M01224,23,23,5713.73
M01491,23,23,7113.34
M01041,23,23,5738.62
M01227,23,23,4602.26
M00272,23,23,6329.18
M00386,23,23,7021.49
M00231,23,23,5638.33
M00089,24,23,4964.47
M01434,23,23,4838.91
M01037,23,23,5294.86
M00451,24,23,4779.96
M00390,23,23,7440.87
M00431,23,23,8329.62
M01033,23,23,8258.15
M01032,23,23,7406.60
M01029,23,23,6035.81
M00681,23,23,5709.08
M01437,23,23,8191.37
M01239,23,23,7543.17
M00849,23,23,5219.16
M01339,23,23,6711.91
M00685,23,23,8848.13
M00687,23,23,5826.08
M00688,23,23,10586.45
M00447,23,23,5759.77
M00805,24,23,7895.26
M00208,23,23,6709.24
M00103,23,23,8959.11
M00207,23,23,6666.12
M00102,23,23,6457.51
M01311,23,23,6300.97
M00553,23,23,5194.50
M00350,23,23,6682.82
M00983,23,23,7033.40
M00646,23,23,8191.71
M00793,23,23,8765.52
M00567,23,23,6853.06
M01302,23,23,4881.38
M00020,23,23,4982.60
M00792,23,23,6614.85
M01310,23,23,5465.92
M00139,23,23,6712.99
M01288,23,23,8419.54
M00814,23,23,5996.02
M00015,23,23,5699.24
M00956,23,23,7331.99
M01268,23,23,6189.76
M01486,23,23,6263.86
M00944,23,23,5619.80
M01326,23,23,5901.75
M00060,23,23,7980.69
M01322,23,23,4450.38
M01156,23,23,7282.70
M01150,23,23,7259.67
M01385,23,23,7080.11
M01386,23,23,5559.98
M00771,23,23,6416.88
M00448,24,23,6246.13
M00184,23,23,4348.95
M00187,23,23,8668.98
M00739,23,23,5319.82
M00243,23,23,4408.82
M00057,23,23,5942.92
M01395,23,23,4981.47
M00737,23,23,8626.15
M01397,23,23,5387.31
M00441,23,23,4453.81
M00768,23,23,5770.91
M01117,23,23,6660.64
M01115,23,23,7548.87
M00487,23,23,7200.76
M00839,23,23,7053.43
M00122,24,23,6175.31
M00721,23,23,6898.96
M01107,23,23,5912.00
M01104,23,23,5231.93
M01405,23,23,4869.39
M01407,23,23,6677.23
M01101,23,23,6048.30
M00604,24,23,4827.12
M01099,24,23,5828.68
M00285,23,23,8235.68
M00578,23,23,4923.51
M01087,23,23,7427.56
M01086,23,23,6894.11
M01083,23,23,4594.98
M00046,23,23,7373.02
M00126,23,23,7186.04
M01252,22,22,6958.01
M00440,22,22,6439.54
M00123,22,22,4606.74
M00750,22,22,5852.85
M01295,22,22,8182.92
M00095,23,22,5493.50
M00152,22,22,9222.85
M00021,22,22,5203.91
M00083,22,22,4977.64
M00982,22,22,7942.73
M01301,22,22,7410.18
M00523,23,22,5248.22
M01394,22,22,5185.01
M00169,22,22,5291.42
M00662,22,22,7483.69
M00204,22,22,7109.07
M00043,22,22,8275.58
M00980,22,22,6610.52
M00666,23,22,7257.16
M00649,22,22,5526.99
M00978,22,22,4035.60
M00312,22,22,6525.48
M00232,22,22,6638.14
M00229,22,22,6326.91
M00760,22,22,6594.17
M00615,22,22,4916.28
M01067,22,22,9695.33
M00705,22,22,6546.27
M00492,22,22,5364.82
M00669,22,22,7048.08
M00278,22,22,4612.55
M00663,23,22,6310.44
M00040,22,22,7064.68
M01476,22,22,5971.38
M00530,22,22,7070.03
M00758,22,22,4953.72
M00727,22,22,5385.58
M00568,22,22,4508.30
M00363,22,22,5953.67
M00406,22,22,6111.90
M00788,22,22,4668.02
M00037,22,22,8077.88
M00873,22,22,7388.25
M01376,22,22,4551.90
M01359,22,22,6873.91
M00478,22,22,8261.84
M00225,22,22,8429.37
M00436,22,22,6129.32
M00815,22,22,9760.89
M00962,22,22,9515.58
M00197,22,22,4422.26
M00173,22,22,7493.08
M01264,22,22,7638.40
M01127,22,22,6601.00
M01201,22,22,4860.54
M00570,22,22,5185.05
M01485,22,22,6075.91
M00959,22,22,8559.65
M00193,22,22,5425.63
M00840,22,22,5003.80
M00194,22,22,6606.58
M00220,22,22,7171.97
M00782,22,22,7759.64
M00133,22,22,6385.54
M01124,22,22,7610.47
M01286,22,22,6590.44
M01351,22,22,5340.37
M00454,22,22,6379.69
M00343,22,22,4196.87
M00575,22,22,6052.92
M00626,22,22,5268.79
M01308,22,22,4337.03
M00916,22,22,5930.10
M00939,22,22,6654.55
M00937,23,22,5557.23
M00628,22,22,5311.78
M01449,22,22,6662.78
M00777,22,22,5156.35
M00536,22,22,5174.93
M00572,22,22,7337.89
M00848,22,22,14274.48
M01270,22,22,6292.08
M00008,22,22,5192.63
M01330,22,22,6267.89
M00503,22,22,5439.01
M00276,22,22,7226.22
M01036,22,22,10258.02
M00333,22,22,7217.70
M01230,22,22,6605.72
M01233,22,22,8503.32
M00894,22,22,7974.20
M00632,22,22,6466.06
M00120,22,22,6666.93
M01097,22,22,6683.12
M00028,22,22,6162.34
M01280,22,22,5600.86
M00893,22,22,6624.99
M00557,22,22,4767.03
M01164,22,22,6018.23
M00476,22,22,5668.13
M01384,22,22,6199.47
M01173,22,22,4259.39
M01442,22,22,5687.61
M00850,22,22,5778.67
M01457,22,22,4359.30
M00564,22,22,8320.07
M01469,22,22,4256.44
M01242,22,22,3951.60
M00367,22,22,4375.66
M00395,22,22,6469.63
M01278,22,22,5058.73
M00637,22,22,7334.89
M00833,22,22,4612.62
M00179,23,22,6133.44
M00121,22,22,8003.75
M00689,22,22,6511.56
M00293,22,22,5653.70
M00912,22,22,4584.12
M00396,22,22,7918.12
M01010,22,22,4524.15
M00700,22,22,6416.57
M01179,22,22,8403.78
M00711,22,22,6613.57
M00286,22,22,5283.10
M00891,22,22,6196.02
M00869,22,22,7043.36
M00061,22,22,6425.34
M00994,22,22,5239.24
M00472,22,22,3982.44
M00245,22,22,6045.86
M00794,22,22,5560.41
M00986,22,22,4983.17
M00752,21,21,4453.03
M00411,21,21,4623.44
M00003,21,21,4672.21
M00159,21,21,3961.01
M00565,21,21,8682.74
M00155,22,21,6279.98
M00513,21,21,5921.54
M00164,21,21,5688.91
M00149,21,21,6591.13
M00144,21,21,4082.90
M00569,21,21,6747.02
M00134,21,21,6098.16
M00321,21,21,5621.12
M00560,21,21,5037.43
M00185,21,21,7699.38
M00459,21,21,7032.89
M00110,21,21,6007.51
M00108,21,21,6084.93
M00331,21,21,5228.03
M00201,21,21,5715.76
M00268,21,21,10167.62
M00338,21,21,4605.90
M00093,21,21,6162.30
M00088,21,21,4509.74
M00463,21,21,6659.68
M00086,21,21,4406.06
M00084,21,21,6795.02
M00214,21,21,6922.71
M00080,21,21,7115.22
M00349,21,21,6121.60
M00358,21,21,4532.62
M00234,21,21,5933.98
M00235,21,21,5192.59
M00506,21,21,5907.39
M00443,21,21,7101.70
M00547,21,21,5848.31
M00054,21,21,6931.44
M00592,21,21,5887.14
M00468,21,21,5693.31
M00606,21,21,6079.03
M00607,21,21,6088.57
M00608,21,21,5367.42
M00610,21,21,6580.57
M00041,21,21,6642.73
M00039,21,21,12205.30
M00620,21,21,8121.98
M00437,21,21,4290.38
M00621,21,21,5674.44
M00433,21,21,8979.37
M00388,21,21,9413.05
M00636,21,21,5649.16
M00428,21,21,7387.32
M00650,21,21,4421.94
M00407,21,21,4958.10
M00016,21,21,3687.91
M00408,21,21,6002.16
M00409,21,21,7103.02
M00010,21,21,5438.43
M00009,21,21,6287.96
M00410,21,21,4391.58
M00658,21,21,7473.40
M00664,21,21,5308.96
M00670,21,21,4869.31
M00671,21,21,5757.10
M00684,21,21,5831.67
M00690,21,21,6525.22
M00691,21,21,4322.01
M00692,21,21,5654.34
M00694,21,21,4432.19
M00696,21,21,5896.62
M00698,21,21,5936.12
M00714,21,21,7335.33
M00745,21,21,4629.67
M00772,21,21,4740.09
M00778,21,21,5448.24
M00790,21,21,4411.12
M00813,22,21,5507.38
M00825,21,21,3871.96
M00856,21,21,5555.15
M00876,21,21,14483.42
M00886,21,21,7230.67
M00888,21,21,7820.55
M00907,21,21,6237.38
M00930,21,21,8455.85
M00938,21,21,7328.98
M00954,21,21,7174.41
M00968,21,21,8390.48
M00977,21,21,4485.82
M00984,21,21,5651.24
M00990,21,21,5406.62
M00995,21,21,7901.47
M00999,21,21,3482.86
M01006,21,21,4570.70
M01007,21,21,7628.37
M01031,21,21,6078.30
M01071,21,21,6143.26
M01075,21,21,4817.15
M01080,21,21,4995.69
M01085,21,21,4667.08
M01088,21,21,5425.31
M01094,21,21,7043.41
M01103,21,21,7287.39
M01160,21,21,7435.87
M01174,21,21,9156.11
M01176,21,21,6267.68
M01193,21,21,6445.11
M01215,21,21,4641.05
M01237,21,21,7485.41
M01238,21,21,4574.42
M00157,21,21,5959.56
M01297,21,21,6697.83
M01299,21,21,7279.70
M01317,21,21,6117.03
M01338,21,21,4729.67
M01345,21,21,7261.04
M01399,21,21,4433.23
M01409,21,21,3365.23
M01420,21,21,6539.43
M01477,21,21,6602.35
M01484,22,21,5641.41
M01497,21,21,3903.32
M00006,21,21,7752.19
M00846,20,20,5790.80
M00753,21,20,7946.94
M00748,20,20,5082.28
M00852,20,20,6907.25
M00854,20,20,8175.58
M00746,20,20,5144.76
M00743,20,20,6426.29
M00729,20,20,6132.39
M00720,20,20,9897.45
M00693,20,20,5673.63
M00895,20,20,4606.49
M00911,20,20,5599.03
M00918,20,20,6589.08
M00654,20,20,7323.17
M00921,20,20,8589.71
M00414,20,20,4808.10
M01465,20,20,4318.68
M00528,20,20,4326.61
M00474,20,20,7414.38
M00941,20,20,6843.81
M00942,20,20,3548.51
M00943,20,20,5797.36
M00953,20,20,6996.07
M00018,20,20,5665.64
M00967,20,20,5479.33
M00143,20,20,5089.80
M00403,20,20,5192.64
M00979,20,20,7720.81
M00422,20,20,6022.68
M00532,20,20,6679.52
M00993,20,20,4246.62
M00642,20,20,5551.97
M00425,20,20,6354.84
M01005,20,20,4979.71
M00397,20,20,9704.03
M01024,20,20,5992.84
M00481,20,20,3926.91
M00537,20,20,3815.79
M01053,20,20,6389.51
M00502,20,20,8675.18
M01062,20,20,6544.84
M01064,20,20,4930.40
M01068,20,20,5476.10
M00485,20,20,5302.28
M00297,20,20,6421.66
M00380,20,20,7366.68
M01081,20,20,5221.00
M00609,20,20,5866.64
M00379,20,20,5655.96
M00378,20,20,4327.03
M00376,20,20,6184.18
M01092,20,20,5432.19
M00048,20,20,8428.81
M00544,20,20,6576.94
M00147,20,20,6392.46
M00602,20,20,5092.95
M01106,20,20,5842.87
M00050,20,20,4785.58
M01112,20,20,6438.57
M00594,20,20,4457.99
M00545,20,20,5882.01
M00546,20,20,6244.53
M01132,20,20,5693.89
M01134,20,20,5852.61
M00053,20,20,6771.46
M01136,20,20,5159.69
M00055,20,20,5936.76
M00442,20,20,4390.18
M00368,20,20,4844.17
M01147,20,20,6143.45
M01148,20,20,6406.86
M00058,20,20,9672.95
M01153,20,20,4639.74
M01154,20,20,5221.15
M00239,20,20,5083.42
M01165,20,20,4619.21
M00236,20,20,5715.26
M01175,20,20,8237.17
M00156,20,20,6135.18
M00360,20,20,6199.36
M01198,20,20,3385.79
M01206,20,20,7178.10
M01214,20,20,4623.28
M00250,20,20,8431.61
M01222,20,20,4757.87
M00218,20,20,5107.48
M01225,20,20,6462.47
M00351,20,20,4596.09
M00253,20,20,4140.59
M01232,20,20,4615.36
M01236,20,20,5973.44
M00304,21,20,5004.76
M01243,20,20,6279.38
M01249,20,20,5228.70
M01257,20,20,5554.49
M01265,20,20,5079.50
M01267,20,20,5264.87
M00261,20,20,6396.51
M00500,20,20,5607.21
M00340,20,20,5182.96
M00339,20,20,6776.60
M00267,20,20,4398.13
M00336,20,20,4157.16
M00554,20,20,4468.81
M00199,20,20,4324.03
M01319,20,20,7231.97
M00270,20,20,6549.69
M01325,20,20,5124.18
M01348,20,20,6552.62
M01349,20,20,7177.32
M00332,20,20,6310.81
M01358,20,20,5178.10
M00107,20,20,6236.33
M00328,20,20,5335.51
M00558,20,20,4696.63
M00113,20,20,5172.61
M01389,20,20,6834.86
M00158,20,20,6888.27
M00119,20,20,4125.25
M00559,20,20,5094.79
M00124,20,20,6177.07
M01410,20,20,5743.66
M01413,21,20,6831.90
M00287,20,20,6460.21
M01418,20,20,7297.36
M00561,20,20,7981.03
M01499,20,20,6852.93
M00129,20,20,5213.77
M00319,20,20,5831.62
M00288,20,20,5708.36
M00292,20,20,3998.48
M01438,20,20,7266.81
M01439,20,20,4206.14
M01445,20,20,5357.59
M00314,20,20,8919.23
M00313,20,20,6703.55
M00512,20,20,5371.74
M00801,20,20,3956.44
M00798,20,20,6371.57
M00807,20,20,7908.85
M00787,20,20,5994.74
M00817,20,20,4476.91
M00779,20,20,3951.12
M00834,20,20,8434.88
M00756,20,20,7432.72
M00092,19,19,3910.73
M00266,19,19,4176.82
M00601,19,19,4671.81
M00843,19,19,6822.52
M01468,19,19,5506.31
M01383,19,19,5718.59
M01021,19,19,5309.64
M00905,19,19,6529.08
M00017,19,19,4706.45
M00260,19,19,5030.34
M00138,19,19,5749.88
M00936,19,19,8650.16
M00324,19,19,6135.33
M00114,19,19,4121.93
M00346,19,19,5938.82
M01003,19,19,3518.91
M00596,19,19,8517.07
M00551,19,19,4851.52
M00540,19,19,4048.11
M01056,19,19,5026.32
M00595,19,19,5949.08
M00473,19,19,7735.97
M01459,19,19,5892.97
M00709,19,19,4188.51
M00763,20,19,7628.24
M00764,19,19,6518.76
M00434,19,19,5857.17
M00957,19,19,7017.90
M01008,19,19,5713.64
M00828,19,19,5289.54
M00932,19,19,5633.15
M00320,19,19,6380.24
M01046,19,19,3884.53
M00723,19,19,4479.08
M00726,19,19,3983.29
M01452,19,19,5154.51
M00987,19,19,4632.20
M00421,19,19,6462.26
M00279,19,19,8430.02
M01142,19,19,6541.99
M00929,19,19,7887.08
M00098,19,19,4116.95
M00527,19,19,3891.99
M00865,19,19,7605.91
M00484,19,19,6866.55
M00830,20,19,5688.63
M00864,19,19,3679.45
M00281,19,19,7388.55
M00652,19,19,4571.01
M00924,19,19,5697.89
M00417,19,19,5445.05
M01432,19,19,6347.48
M01390,19,19,4406.78
M01074,19,19,4849.05
M00257,19,19,6652.72
M00522,19,19,5634.86
M01159,19,19,9953.33
M00497,19,19,7808.82
M01161,19,19,4008.60
M00653,19,19,6002.07
M00738,19,19,5136.53
M00861,19,19,5158.61
M00741,19,19,4934.67
M01166,19,19,7123.22
M00744,19,19,5196.85
M01293,19,19,6296.36
M01470,19,19,9248.71
M00146,19,19,4280.42
M00282,20,19,4934.97
M00012,19,19,4867.04
M00062,19,19,4942.54
M00785,19,19,4537.27
M00465,19,19,2432.20
M00972,19,19,4825.87
M00111,19,19,6545.32
M00919,19,19,4802.31
M00361,19,19,4481.92
M00341,19,19,4926.30
M01356,19,19,3752.46
M00273,20,19,5263.51
M01453,19,19,5405.90
M01331,19,19,6073.02
M01408,19,19,3905.51
M00359,19,19,5503.87
M00335,19,19,4150.45
M01234,19,19,8373.10
M01328,20,19,5992.65
M00915,19,19,4458.42
M01042,19,19,4392.22
M00357,19,19,5887.69
M00639,19,19,7118.61
M00070,19,19,5453.39
M00249,19,19,4417.22
M00353,19,19,5809.60
M00031,19,19,3647.39
M00543,19,19,5771.52
M01096,19,19,4346.79
M01200,19,19,5261.86
M00765,19,19,5119.47
M01202,19,19,6693.32
M01312,19,19,3568.40
M01204,20,19,4393.80
M00116,19,19,5155.66
M01329,19,19,4414.72
M01207,19,19,7916.33
M00836,19,19,4971.15
M00322,20,19,4079.45
M01337,19,19,4018.73
M01332,19,19,6334.61
M01440,18,18,5776.67
M01208,18,18,5366.45
M00271,18,18,4254.71
M01184,18,18,5642.92
M01327,18,18,4883.55
M00071,18,18,6250.73
M01315,18,18,3728.92
M01444,18,18,4440.93
M01226,18,18,3231.89
M00352,18,18,6801.06
M01446,18,18,4734.23
M00804,18,18,5300.49
M00384,18,18,4902.31
M01309,18,18,3505.82
M01235,18,18,4333.98
M00514,18,18,6871.24
M01303,18,18,5988.82
M00255,18,18,5393.43
M00161,18,18,3785.66
M00800,18,18,4095.29
M01493,18,18,5322.53
M00935,18,18,5282.45
M00160,18,18,4992.50
M00203,18,18,4501.36
M01258,18,18,5493.95
M01259,18,18,3911.00
M01260,18,18,4339.20
M00462,18,18,6337.18
M00550,18,18,3681.93
M01263,18,18,3747.83
M00078,18,18,5808.41
M01285,18,18,5389.81
M01284,18,18,5138.41
M01269,18,18,3663.48
M00263,18,18,6862.16
M01277,18,18,6161.39
M00166,18,18,7501.42
M00933,18,18,6255.29
M00998,18,18,4739.02
M00818,18,18,4389.19
M00931,18,18,3739.31
M00556,18,18,4646.96
M00005,18,18,2888.30
M00511,18,18,5397.12
M00044,18,18,5738.63
M01372,18,18,4597.05
M00112,18,18,6170.96
M00310,18,18,3694.53
M00780,18,18,4889.70
M00109,18,18,7758.11
M00047,18,18,4208.72
M00377,18,18,4083.26
M00657,19,18,4968.34
M00660,18,18,6775.18
M00026,18,18,6598.99
M01464,18,18,5629.78
M00672,18,18,5058.98
M01100,18,18,3027.64
M00971,18,18,5749.50
M00823,18,18,5701.97
M00127,18,18,5454.22
M00902,18,18,5820.29
M01113,18,18,4611.48
M00677,18,18,4434.78
M00897,18,18,3809.86
M00597,18,18,3557.79
M00786,18,18,6970.53
M01121,18,18,6706.54
M01462,18,18,8139.98
M00712,18,18,3683.29
M00418,18,18,4628.35
M00881,18,18,4711.40
M00776,18,18,6254.90
M01028,18,18,5477.70
M00555,18,18,5361.34
M00872,18,18,6056.27
M01366,18,18,7694.95
M00868,18,18,4697.26
M01143,18,18,4421.82
M01144,18,18,4148.13
M01145,18,18,3636.30
M00450,18,18,5202.10
M00863,18,18,6254.78
M00588,18,18,5144.73
M00587,18,18,5379.09
M00455,18,18,4576.56
M01433,18,18,4259.58
M00549,18,18,5457.47
M01158,18,18,4163.83
M00413,18,18,6075.42
M00946,18,18,3880.52
M00241,18,18,5542.19
M00460,18,18,5293.27
M00416,18,18,5727.89
M00853,18,18,3734.81
M00188,18,18,7241.29
M00330,18,18,4999.82
M01180,18,18,6656.74
M01183,18,18,3817.65
M00066,18,18,4313.52
M00940,18,18,7018.65
M00277,18,18,4510.22
M01396,18,18,4512.50
M01190,18,18,5637.97
M00195,18,18,6723.22
M01196,18,18,3973.74
M01197,18,18,4885.73
M00773,18,18,4077.41
M01043,18,18,5767.12
M00477,18,18,4333.70
M01203,18,18,4966.61
M01044,20,18,5576.16
M00542,17,17,6797.68
M00643,17,17,4642.08
M00296,17,17,4917.05
M00997,17,17,4297.52
M01473,17,17,4394.09
M00424,17,17,5318.47
M00479,17,17,4674.78
M01475,17,17,2516.10
M01393,17,17,4936.13
M01012,17,17,13196.82
M00640,17,17,2769.02
M00534,17,17,3086.40
M00181,17,17,4134.05
M00535,17,17,4958.59
M00471,17,17,3606.03
M00991,17,17,3511.49
M01058,17,17,4548.35
M00622,17,17,6168.66
M01400,17,17,4452.54
M00520,17,17,3514.66
M01070,17,17,4330.93
M00781,17,17,4267.67
M00381,17,17,3764.92
M01406,17,17,4827.32
M00505,17,17,3749.11
M00822,17,17,4562.00
M00486,17,17,3878.03
M00603,17,17,6068.85
M00600,17,17,4000.23
M00176,17,17,3783.40
M00467,17,17,6467.44
M00599,17,17,4214.31
M00598,17,17,4412.91
M01118,17,17,4663.59
M00374,17,17,4214.55
M01128,17,17,3369.33
M01130,17,17,4381.01
M01133,17,17,4398.71
M00318,17,17,7241.36
M00170,17,17,9502.42
M01155,17,17,5480.32
M00059,17,17,4825.44
M00238,18,17,4339.97
M00364,17,17,4550.57
M00457,17,17,5861.87
M00453,17,17,3807.16
M00162,17,17,4477.75
M00585,17,17,4471.64
M01187,17,17,4653.43
M00246,17,17,5790.26
M01189,17,17,4950.64
M00248,17,17,3760.31
M00224,17,17,5340.01
M00223,17,17,4191.24
M01213,17,17,3179.22
M00154,17,17,7313.45
M00073,17,17,4483.26
M01231,17,17,5232.18
M00306,17,17,4264.00
M00076,17,17,3180.07
M01247,17,17,6464.60
M01251,17,17,4759.78
M01254,17,17,5405.01
M00766,17,17,3894.20
M00294,17,17,4610.10
M00264,17,17,8086.67
M00576,17,17,4029.99
M01296,17,17,5571.44
M00200,17,17,4653.48
M01314,17,17,7063.53
M01494,17,17,6203.47
M01318,17,17,4930.01
M00806,17,17,4816.79
M01335,17,17,3277.46
M01336,17,17,4187.97
M01342,17,17,4865.05
M01343,17,17,3401.55
M01346,17,17,6118.88
M00789,17,17,7237.54
M00751,17,17,4319.44
M00191,17,17,4503.51
M00878,17,17,6396.77
M00715,17,17,4036.08
M00673,18,17,6039.22
M00665,17,17,6002.16
M00909,17,17,5620.89
M01370,17,17,3692.18
M00917,17,17,6288.90
M00925,17,17,4422.12
M00947,17,17,5607.76
M00948,17,17,5600.59
M00014,17,17,5250.81
M00958,17,17,3219.47
M00960,17,17,4731.72
M00961,17,17,3555.46
M00405,17,17,5873.74
M00019,17,17,5857.94
M00975,17,17,4102.84
M00976,17,17,3729.56
M00784,17,17,4607.93
M00989,17,17,4429.89
M00104,16,16,5725.62
M00461,16,16,2627.01
M00974,16,16,2857.21
M01256,16,16,4367.29
M00265,16,16,3836.59
M00458,16,16,4171.95
M01019,16,16,4634.38
M00499,16,16,5257.06
M01487,16,16,5526.94
M00301,16,16,4887.85
M01454,16,16,3870.26
M00192,16,16,4027.59
M00831,16,16,4372.50
M00137,16,16,3899.75
M00002,16,16,4186.55
M00398,16,16,5402.49
M00970,16,16,6294.28
M00190,16,16,2509.16
M00135,17,16,6048.69
M01271,16,16,3956.93
M00140,16,16,3037.27
M00586,16,16,5410.30
M00740,16,16,3576.42
M01305,16,16,3999.53
M00290,16,16,3378.72
M01149,16,16,5187.48
M00769,16,16,5228.54
M00867,16,16,6327.91
M00056,16,16,4777.82
M00870,16,16,4166.89
M00347,16,16,3902.80
M00633,16,16,6664.43
M00722,16,16,4486.25
M00074,16,16,5714.36
M00791,16,16,4683.63
M00373,16,16,4402.77
M01126,16,16,3209.17
M00706,16,16,4449.86
M00142,16,16,5874.25
M00695,16,16,6961.72
M01120,16,16,3158.70
M00118,16,16,6773.65
M00488,16,16,4150.41
M00629,16,16,3832.18
M00676,16,16,4429.24
M01417,16,16,4425.95
M00420,16,16,3566.65
M01498,16,16,3342.64
M00186,16,16,3149.25
M01084,16,16,3039.29
M00566,16,16,3959.60
M01373,16,16,3999.08
M01078,16,16,3221.31
M00466,16,16,4394.43
M00334,16,16,5152.85
M00393,16,16,5902.73
M00634,16,16,4817.29
M01495,16,16,2718.25
M00033,16,16,4383.95
M01471,16,16,3228.32
M00348,16,16,4283.61
M01002,16,16,4629.39
M00198,15,15,5782.96
M00910,15,15,5353.74
M01061,15,15,3554.04
M01482,15,15,3028.72
M00275,15,15,3268.57
M00438,15,15,6192.88
M00847,15,15,3863.49
M00042,15,15,5544.91
M00079,15,15,5974.68
M00926,15,15,8479.21
M01137,15,15,3532.54
M00508,15,15,2810.50
M00899,15,15,4311.61
M00507,15,15,5348.43
M00519,15,15,4081.25
M00682,15,15,3461.49
M00217,15,15,5264.47
M01324,15,15,3717.17
M01334,15,15,8995.09
M00802,15,15,4012.03
M00719,15,15,4442.47
M01250,15,15,4669.10
M00716,16,15,4868.78
M00085,15,15,4800.02
M00562,15,15,5189.00
M00222,15,15,5816.73
M00300,16,15,3874.02
M01015,15,15,4325.53
M00240,15,15,3216.90
M01030,15,15,5017.55
M01289,15,15,5699.58
M01217,15,15,5164.14
M00167,16,15,5018.07
M01035,15,15,3731.74
M01350,15,15,4106.50
M01122,15,15,3958.44
M00256,15,15,4559.76
M00832,15,15,3449.40
M00174,15,15,5249.96
M00675,15,15,3833.19
M00391,15,15,4973.12
M01357,15,15,2938.67
M00799,15,15,3856.60
M01138,16,15,3999.96
M01178,14,14,3140.39
M00252,15,14,3756.70
M00581,14,14,3283.83
M00964,14,14,5662.09
M01340,14,14,2980.98
M01347,14,14,2844.24
M00812,14,14,7113.39
M00242,14,14,3041.10
M00516,14,14,3879.79
M00735,14,14,4350.67
M00774,14,14,3485.37
M00427,14,14,4275.18
M00826,14,14,3842.41
M00680,15,14,3659.77
M00679,14,14,4212.16
M01110,14,14,2697.51
M01098,14,14,2592.95
M00757,14,14,2177.10
M01052,14,14,4277.23
M00625,14,14,3844.72
M01027,14,14,3916.08
M00094,14,14,3125.49
M01447,14,14,4403.47
M00845,14,14,4198.19
M00533,13,13,3741.67
M01063,13,13,4419.98
M01025,13,13,2939.36
M01411,13,13,4329.09
M00354,13,13,5159.65
M01040,13,13,3382.26
M01466,13,13,3727.29
M00387,13,13,3686.43
M00898,13,13,2968.37
M01369,13,13,3701.34
M00430,13,13,3560.53
M00024,13,13,3765.61
M00713,13,13,3404.02
M01461,13,13,3756.67
M00131,13,13,4988.14
M01275,13,13,3382.77
M00344,13,13,3935.43
M01365,13,13,6560.56
M00081,13,13,3271.52
M00955,13,13,4978.77
M00280,13,13,3325.44
M00136,13,13,3424.81
M01448,13,13,2469.69
M01216,13,13,3430.40
M00100,13,13,3855.15
M01321,13,13,3823.44
M00783,13,13,2690.78
M00656,14,13,2348.43
M00759,12,12,2709.74
M00678,12,12,2791.18
M00988,12,12,4528.49
M00001,12,12,3210.52
M00356,12,12,2974.80
U01074,12,12,3242.06
M00531,12,12,2448.68
M01014,12,12,5810.58
M00950,12,12,3149.66
M01344,12,12,1919.17
M00659,12,12,3010.48
M01246,12,12,3848.80
M00075,12,12,2663.52
M00728,12,12,2388.82
M00317,12,12,3108.31
M01114,12,12,2687.18
U02758,11,11,2201.84
U04423,12,11,2214.69
M01363,11,11,3223.57
U01521,11,11,4260.76
U01411,11,11,2354.14
M00811,11,11,2857.30
U02949,11,11,2541.28
M01287,11,11,3224.62
U00122,11,11,4333.52
U03044,11,11,3232.81
U04652,11,11,2167.39
M01093,11,11,2191.96
M01210,11,11,3802.09
M00099,11,11,4842.42
M00699,11,11,1752.93
M00923,11,11,2431.79
M00651,11,11,2701.52
U00746,10,10,3034.28
U00875,10,10,4204.92
U00984,10,10,5153.99
U01060,10,10,2391.71
U02822,10,10,1717.65
U04310,10,10,3414.39
M01241,10,10,5650.69
U04999,10,10,7433.07
U04931,10,10,1808.59
M00030,10,10,4754.37
M00032,11,10,3100.86
U00216,10,10,2471.79
M00372,10,10,2183.76
U01771,10,10,3673.40
U00501,10,10,4721.07
U00552,10,10,4277.88
U03098,9,9,2496.11
U02208,9,9,1715.78
U00749,9,9,2693.14
U02111,9,9,3523.38
U03825,9,9,2193.93
U00150,9,9,3775.05
U00262,9,9,2254.92
U04724,9,9,3765.51
U04393,9,9,2060.30
U01027,9,9,3234.96
U00389,9,9,3365.43
U04113,9,9,3167.11
U01052,9,9,1737.70
U01947,10,9,3521.24
U00662,9,9,2740.57
U03438,9,9,3710.24
U04293,9,9,3731.54
U00831,9,9,2452.20
U04060,9,9,2882.49
U02305,9,9,1975.20
U03335,9,9,2002.36
U04616,9,9,1848.49
U00736,9,9,2591.23
U00868,9,9,2482.28
U03121,9,9,4728.51
U00331,9,9,2671.88
U01910,9,9,6192.43
U04156,9,9,1938.67
U04201,9,9,2391.16
U03961,9,9,2564.14
U00896,9,9,3256.83
U01678,9,9,1912.25
U02200,9,9,2244.01
U02724,9,9,3342.52
U03267,9,9,2843.07
U01063,8,8,1585.23
U01672,8,8,1844.54
U02657,8,8,1940.41
U03075,8,8,2276.14
U02463,8,8,1700.25
U02514,8,8,1853.21
U00027,8,8,2050.08
U00034,8,8,2147.63
U01280,8,8,1904.90
U01653,8,8,2509.97
U04258,8,8,1334.24
U04028,8,8,2633.18
U00273,8,8,3417.82
U03439,8,8,1083.99
U02962,8,8,1511.30
U02960,8,8,2905.14
U01860,8,8,4045.98
U03431,8,8,2124.69
U00929,8,8,3074.93
U00038,8,8,2350.24
U02301,8,8,1567.94
U02619,8,8,2481.90
U01358,8,8,1959.61
U03273,8,8,2081.47
U02494,8,8,3312.72
U04037,8,8,1590.44
U00175,8,8,1567.68
U02174,8,8,1639.23
U00553,8,8,2287.79
U04639,8,8,1545.04
U01752,8,8,1873.59
M01090,8,8,2911.71
U04992,8,8,1862.15
U02363,8,8,2356.56
U00104,8,8,2505.45
U00324,8,8,2265.15
U04057,8,8,4449.19
U04622,8,8,2579.19
U02698,8,8,1714.00
U02304,8,8,2008.78
U03786,8,8,2108.85
U03662,8,8,1988.59
U00196,8,8,1764.49
U02193,8,8,1981.40
U03364,8,8,2857.92
U04474,8,8,1336.32
U01101,8,8,3052.72
U00609,8,8,2287.88
U00849,8,8,2297.35
U03152,8,8,1789.00
U01719,8,8,1823.58
U02218,8,8,1508.52
U03201,8,8,2967.80
U02279,8,8,2530.88
U02928,8,8,2079.21
U00818,8,8,3093.17
U00364,8,8,1536.42
U03362,8,8,2170.53
U00213,8,8,2320.65
U00374,8,8,2384.78
U03997,8,8,1854.07
U01054,8,8,2219.13
U01525,8,8,2497.89
U03107,8,8,2908.12
U04574,8,8,3625.00
U02290,8,8,1464.63
U00779,8,8,2058.45
U04283,8,8,1782.28
U00695,8,8,3227.45
U00699,8,8,2117.79
U03988,8,8,3408.49
U00704,8,8,1722.55
U04559,8,8,1910.99
U00766,8,8,2457.00
U02089,8,8,5883.02
U00718,8,8,3132.29
U02524,8,8,1362.95
U00758,8,8,2452.41
U03288,8,8,2205.64
U01469,8,8,1968.75
U03831,8,8,2250.15
U03094,8,8,2151.54
U03552,8,8,2476.73
U01443,7,7,2345.86
U04266,7,7,1620.57
U00536,7,7,2093.57
U02137,7,7,2875.58
U03002,7,7,1096.51
U00907,7,7,1597.63
U01163,7,7,2089.57
U04323,7,7,3329.47
U00173,7,7,919.81
U00224,7,7,1300.19
U00174,7,7,1753.31
U04271,7,7,905.30
U03403,7,7,2358.30
U03472,7,7,3017.67
U00177,7,7,1565.73
U01585,7,7,2006.15
U04313,7,7,1182.17
U01583,7,7,1507.25
U03054,7,7,2137.86
U03921,7,7,3905.28
U02875,7,7,1884.20
U03955,7,7,1879.41
U00895,7,7,2885.65
U03958,7,7,1833.67
U00100,7,7,1604.45
U04457,7,7,1173.64
U03859,7,7,2411.44
U02806,7,7,1034.11
U02950,7,7,1478.63
U03630,7,7,1823.20
U04864,7,7,2893.78
U03486,7,7,3603.54
U02233,7,7,1433.90
U03900,7,7,2460.49
U03848,7,7,2150.28
U00731,7,7,1463.54
U04845,7,7,1186.74
U01507,7,7,912.12
U00776,7,7,3224.14
U03171,7,7,1251.17
U01121,7,7,2267.60
U04751,7,7,1511.71
U00139,7,7,2918.60
U04862,7,7,3370.16
U02744,7,7,1475.45
U03710,7,7,2306.40
U00580,7,7,1366.88
U01375,7,7,1522.64
U03106,7,7,1647.28
U03319,7,7,1570.59
U02941,7,7,2320.56
U02102,7,7,1378.87
U00871,7,7,1148.58
U03514,7,7,1353.36
U03852,7,7,3014.19
U02248,7,7,2043.60
U03383,7,7,1940.09
U02194,7,7,1022.96
U02051,7,7,2204.14
U01504,7,7,1807.04
U04140,7,7,1307.07
U02701,7,7,1295.79
U01106,7,7,1595.22
U03777,7,7,2960.64
U03346,7,7,2725.00
U04471,7,7,1008.98
U02599,7,7,1965.51
U03062,7,7,1724.53
U03540,7,7,1628.35
U01393,7,7,1986.22
U01448,7,7,2705.17
U00017,7,7,996.82
U02726,7,7,2766.14
U01498,7,7,1200.73
U03972,7,7,1534.66
U04058,7,7,1270.77
U00996,7,7,2017.98
U01037,7,7,1187.67
U01556,7,7,1285.84
U03608,7,7,2116.00
U02936,7,7,1465.15
U02308,7,7,2461.39
U04746,7,7,2296.37
U00347,7,7,1825.77
U00433,7,7,1655.20
U04741,7,7,2730.59
U02817,7,7,2732.26
U03737,7,7,1903.27
U03400,7,7,3283.04
U00830,7,7,1241.09
U01545,7,7,1264.49
U01722,7,7,1510.53
U00353,7,7,2203.04
U01962,7,7,2206.71
U02708,7,7,1670.97
U01682,7,7,2540.50
U01450,7,7,2150.95
U03349,7,7,1894.90
U00636,7,7,1772.83
U01491,7,7,2131.23
U03124,7,7,2807.13
U02738,7,7,1337.51
U03205,7,7,2332.01
U00004,7,7,1324.66
U00208,7,7,1736.66
U00998,7,7,1271.14
U03083,7,7,1542.21
U01845,7,7,2392.22
U01994,7,7,1465.10
U01077,7,7,1992.15
U03666,7,7,1417.94
U04732,7,7,2516.99
U04095,7,7,2127.90
U02443,7,7,4147.24
U04176,7,7,2591.43
U01700,7,7,4343.37
U01070,7,7,1433.04
U04551,7,7,957.22
U03501,7,7,1104.24
U00071,7,7,1538.88
U04906,7,7,1620.44
U02479,7,7,1828.58
U01695,7,7,2270.33
U04401,7,7,1615.43
M01381,7,7,1515.32
U01255,7,7,1711.87
U02799,7,7,1733.08
U00667,7,7,1418.86
U02166,7,7,1369.17
U03753,7,7,2354.53
U04510,7,7,2874.96
U04702,7,7,1797.70
U01797,7,7,2690.09
U04099,7,7,2339.10
U01282,7,7,2240.29
U02080,7,7,1642.67
U04413,7,7,3787.58
U00456,7,7,1849.39
U03260,7,7,1445.07
U02583,7,7,1433.24
U02108,7,7,2264.68
U02512,7,7,1509.71
U01796,7,7,3296.32
U02672,7,7,1983.55
U01633,7,7,1787.51
U03847,7,7,1202.87
U03808,7,7,2076.65
U02728,7,7,2018.22
U00475,7,7,1385.82
U04792,7,7,1446.54
U04951,7,7,1699.75
U02263,7,7,1736.14
U02386,7,7,1661.80
U00675,7,7,1640.26
U03378,7,7,1115.50
U02359,7,7,1403.23
U01789,7,7,1289.06
U04246,7,7,1107.69
U00486,7,7,3948.82
U02103,7,7,2236.44
U01305,7,7,1412.58
U00489,7,7,1689.64
U04675,7,7,1801.16
U02011,7,7,1324.05
U03494,7,7,1169.05
U03039,7,7,1996.45
U03720,7,7,3952.09
U02421,7,7,1914.66
U01268,7,7,1786.88
U01785,7,7,1953.21
U00498,7,7,1070.67
U04158,7,7,2730.19
U00500,7,7,2853.07
U03355,7,7,1679.59
U02134,7,7,2132.55
U01313,7,7,1850.96
U00450,7,7,1938.08
U03559,7,7,1633.87
U04433,7,7,3014.59
U03675,7,7,1959.17
U04995,7,7,1456.93
U02959,7,7,1674.97
U03376,7,7,1712.15
U04434,7,7,2841.32
U00036,7,7,2576.27
U03187,7,7,3023.46
U04223,7,7,1496.48
U04218,7,7,1788.20
U04523,7,7,1798.39
U03491,7,7,1353.73
U03551,7,7,1802.51
U01339,7,7,5042.10
U00291,7,7,2292.34
U04438,7,7,2444.12
U03571,7,7,2018.71
U04771,7,7,1444.67
U02669,7,7,1995.38
U00525,7,7,1598.31
U02461,7,7,1345.58
U00740,7,7,1239.80
U02839,7,7,1005.10
U02146,7,7,1645.91
U00222,7,7,898.27
U01858,7,7,1934.09
U03270,7,7,2312.53
U03744,7,7,1936.82
U01404,6,6,1094.97
U04183,6,6,1291.98
U00825,6,6,1897.33
U02757,6,6,1787.07
U04492,6,6,2015.55
U01407,6,6,1118.03
U04071,6,6,2139.46
U04080,6,6,1672.78
U00639,6,6,2763.43
U00640,6,6,2826.48
U00817,6,6,2384.59
U00816,6,6,1582.27
U03686,6,6,1207.58
U01408,6,6,1525.14
U04178,6,6,1339.12
U03689,6,6,2369.73
U01418,6,6,1877.90
U00650,6,6,3682.17
U03705,6,6,2331.70
U00655,6,6,1184.63
U02446,6,6,1652.89
U00658,6,6,2396.83
U01428,6,6,1495.98
U02187,6,6,1776.93
U00663,6,6,1852.15
U01430,6,6,2467.16
U00796,6,6,1148.16
U01436,6,6,1380.77
U00672,6,6,1587.01
U04512,6,6,1210.86
U02720,6,6,1955.13
U04168,6,6,1564.53
U00678,6,6,2815.47
U00783,6,6,1952.16
U00681,6,6,1626.57
U00781,6,6,922.89
U04115,6,6,1264.35
U02481,6,6,2268.72
U02722,6,6,1119.02
U00689,6,6,952.97
U01447,6,6,1785.27
U01510,6,6,721.70
U02429,6,6,1262.76
U02746,6,6,949.26
U01505,6,6,2123.96
U01501,6,6,1464.71
U01496,6,6,2766.55
U04119,6,6,1871.76
U02173,6,6,1047.29
U00719,6,6,885.45
U00720,6,6,1498.76
U04533,6,6,1294.35
U01452,6,6,1221.40
U03693,6,6,1117.93
U03358,6,6,1976.62
U04133,6,6,1236.76
U04539,6,6,1933.61
U04138,6,6,3706.23
U00015,6,6,1203.80
U02570,6,6,2354.37
U04998,6,6,6183.07
U00656,6,6,1670.82
U01967,6,6,1171.12
U02575,6,6,857.85
U00028,6,6,1302.85
U03842,6,6,1308.85
U03093,6,6,2180.29
U00033,6,6,1662.33
U01983,6,6,2993.79
U00043,6,6,3105.10
U03081,6,6,2319.65
U04989,6,6,3028.11
U04985,6,6,1319.00
U03069,6,6,1181.74
U03441,6,6,1847.50
U02585,6,6,1733.26
U02427,6,6,1289.35
U03117,6,6,1268.47
U03535,6,6,1372.17
U00064,6,6,924.38
U03066,6,6,1321.96
U03823,6,6,2730.35
U02589,6,6,1277.96
U03653,6,6,1562.84
U03123,6,6,3275.94
U00077,6,6,2624.10
U02000,6,6,2049.49
U01942,6,6,2473.35
U03860,6,6,1165.44
U03862,6,6,1637.83
U02428,6,6,808.34
U04965,6,6,2740.17
U03052,6,6,1052.63
U01933,6,6,1850.22
U03048,6,6,3258.10
U01926,6,6,2443.07
U03803,6,6,2049.46
U03135,6,6,1001.11
U01919,6,6,1351.49
U04941,6,6,1450.78
U03036,6,6,1566.87
U03648,6,6,1811.09
U03138,6,6,1108.29
U03032,6,6,1213.11
U03140,6,6,2610.49
U02387,6,6,1871.30
U03028,6,6,1664.21
U03018,6,6,1394.84
U04147,6,6,2497.36
U02403,6,6,1401.63
U02552,6,6,1420.03
U02282,6,6,1569.68
U03006,6,6,2051.70
U03003,6,6,1786.27
U03547,6,6,3909.11
U01885,6,6,1489.54
U01883,6,6,2970.82
U03779,6,6,1888.59
U01879,6,6,2338.03
U02040,6,6,1103.51
U02545,6,6,1731.08
U02047,6,6,3037.73
U04893,6,6,989.02
U02374,6,6,1833.42
U03178,6,6,3510.38
U01867,6,6,1246.33
U02976,6,6,1701.81
U02456,6,6,1629.64
U00147,6,6,1206.22
U03769,6,6,2001.78
U03768,6,6,2152.99
U02058,6,6,804.98
U02059,6,6,1214.96
U02060,6,6,1330.01
U03756,6,6,1228.34
U04880,6,6,1800.17
U03186,6,6,2160.71
U02297,6,6,3560.88
U04868,6,6,1093.01
U02303,6,6,2096.28
U02945,6,6,1578.11
U01854,6,6,2256.59
U02943,6,6,1491.86
U00186,6,6,3181.26
U00187,6,6,1585.20
U00189,6,6,971.25
U03907,6,6,1141.98
U03909,6,6,1446.26
U03421,6,6,1387.60
U02537,6,6,2734.43
U00197,6,6,1059.57
U02070,6,6,2069.19
U00202,6,6,1679.62
U00205,6,6,1406.15
U00209,6,6,808.65
U03549,6,6,2223.08
U03473,6,6,1831.12
U03413,6,6,1472.79
U03754,6,6,1382.28
U00748,6,6,1092.68
U04856,6,6,1236.41
U03220,6,6,1785.60
U03482,6,6,2461.62
U02899,6,6,2244.32
U01834,6,6,1197.35
U00227,6,6,2253.52
U02092,6,6,1034.81
U02896,6,6,1042.97
U02525,6,6,2286.78
U01822,6,6,1585.00
U01819,6,6,1248.24
U03930,6,6,2435.92
U01809,6,6,1035.53
U00238,6,6,1326.02
U02629,6,6,1175.15
U02095,6,6,600.45
U02520,6,6,2435.11
U03931,6,6,1103.34
U01806,6,6,1306.29
U00251,6,6,1724.58
U04828,6,6,2287.59
U04824,6,6,709.91
U01798,6,6,1528.90
U04809,6,6,496.43
U02434,6,6,1489.61
U00260,6,6,1315.02
U04803,6,6,1480.10
U04798,6,6,1567.37
U02328,6,6,965.35
U04546,6,6,2018.14
U02112,6,6,1531.09
U02851,6,6,944.61
U02849,6,6,1367.71
U02509,6,6,1139.82
U01783,6,6,1454.78
U02508,6,6,1599.11
U03520,6,6,1909.22
U03725,6,6,2501.44
U00285,6,6,1423.51
U00286,6,6,1173.93
U03941,6,6,1342.47
U03700,6,6,1527.28
U02639,6,6,1372.72
U03947,6,6,1275.39
U04769,6,6,1319.44
U01159,6,6,1007.33
U04327,6,6,1128.43
U04765,6,6,1402.41
U00300,6,6,959.19
U04342,6,6,1193.72
U04317,6,6,713.31
U03954,6,6,2266.44
U01181,6,6,1725.62
U04348,6,6,2256.68
U04311,6,6,1871.45
U04756,6,6,2315.29
U02121,6,6,1033.61
U02643,6,6,2890.60
U01126,6,6,1855.58
U04754,6,6,1549.84
U01745,6,6,2213.18
U01122,6,6,1522.74
U01193,6,6,2099.44
U00328,6,6,592.59
U01741,6,6,1006.81
U02227,6,6,1850.04
U02336,6,6,1220.83
U04307,6,6,1515.90
U00334,6,6,2873.49
U03724,6,6,1731.22
U01201,6,6,1192.72
U01734,6,6,1989.37
U00339,6,6,2027.45
U02123,6,6,1430.65
U04363,6,6,4663.85
U01203,6,6,1546.73
U00345,6,6,1916.04
U02816,6,6,872.53
U03976,6,6,994.51
U01088,6,6,2043.55
U01712,6,6,1083.30
U02128,6,6,1818.44
U01079,6,6,969.32
U01706,6,6,649.63
U01703,6,6,1404.23
U01078,6,6,1747.61
U02339,6,6,1970.06
U01069,6,6,1455.11
U02649,6,6,1147.26
U01064,6,6,1478.97
U01227,6,6,2417.36
U01061,6,6,1653.25
U02130,6,6,1496.59
U01053,6,6,2616.91
U01050,6,6,1511.53
U00387,6,6,1456.34
U04727,6,6,2032.14
U03592,6,6,3571.77
U01241,6,6,1121.53
U00392,6,6,1296.62
U01040,7,6,1276.85
U04278,6,6,1554.00
U04375,6,6,1980.80
U00403,6,6,2355.40
U01035,6,6,3090.82
U00405,6,6,1521.43
U01033,6,6,1159.19
U00411,6,6,2625.23
U01675,6,6,1547.66
U02138,6,6,847.85
U01257,6,6,1812.00
U04267,6,6,2080.10
U01670,6,6,1224.31
U04384,6,6,770.18
U01013,6,6,2149.18
U03999,6,6,1540.64
U02210,6,6,1110.72
U03386,6,6,1750.25
U04001,6,6,2356.08
U00436,6,6,1332.69
U04005,6,6,2271.82
U01274,6,6,1963.85
U04262,6,6,2088.33
U03299,6,6,1454.83
U02668,6,6,2813.08
U04007,6,6,1568.99
U02795,6,6,1410.31
U04710,6,6,1479.70
U04708,6,6,1785.87
U00449,6,6,1047.84
U04707,6,6,1189.35
U04706,6,6,2207.85
U00454,6,6,2858.91
U04010,6,6,3103.98
U04703,6,6,1622.59
U04411,6,6,829.72
U02470,6,6,2137.09
U04698,6,6,1832.77
U04414,6,6,1432.08
U04415,6,6,868.64
U01641,6,6,2321.62
U04696,6,6,1304.44
U01630,6,6,1397.06
U04416,6,6,1843.43
U01625,6,6,1826.00
U03672,6,6,1904.05
U04027,6,6,2146.15
U00970,6,6,1639.03
U01616,6,6,1212.95
U04032,6,6,2088.42
U00491,6,6,2623.83
U01307,6,6,1976.34
U04425,6,6,1542.59
U01611,6,6,3466.26
U00499,6,6,2653.55
U01310,6,6,1301.00
U01609,6,6,795.48
U00950,6,6,1571.08
U00508,6,6,1249.54
U04670,6,6,626.62
U01325,6,6,1289.93
U04227,6,6,2928.55
U02343,6,6,2072.17
U01338,6,6,996.44
U01600,6,6,2122.85
U01599,6,6,1646.01
U01340,6,6,1373.04
U01341,6,6,1026.54
U04213,6,6,2188.79
U02684,6,6,2005.75
U00918,6,6,1079.93
U03304,6,6,1182.05
U01593,6,6,1365.67
U02148,6,6,1249.53
U01354,6,6,3212.38
U03681,6,6,1834.81
U02152,6,6,626.24
U01363,6,6,2036.64
U00542,6,6,2626.48
U00544,6,6,1562.72
U03369,6,6,880.21
U03313,6,6,1404.23
U04648,6,6,951.32
U04039,6,6,1777.93
U04205,6,6,1082.02
U04045,6,6,2609.34
U01366,6,6,1767.13
U00890,6,6,1717.26
U04046,6,6,3406.07
U04637,6,6,996.25
U01574,6,6,1740.10
U04050,6,6,1604.49
U01374,6,6,1176.33
U04460,6,6,1342.62
U02155,6,6,1376.69
U00569,6,6,904.96
U04053,6,6,2022.20
U02693,6,6,995.34
U02493,6,6,1546.00
U02492,6,6,636.66
U02358,6,6,1510.03
U00576,6,6,1442.90
U00577,6,6,1277.25
U01567,6,6,1157.20
U03708,6,6,1271.07
U00872,6,6,2519.92
U00588,6,6,2063.78
U01565,6,6,1428.56
U04469,6,6,1473.37
U03548,6,6,1915.88
U01382,6,6,1496.14
U04612,6,6,2421.04
U04190,6,6,1151.10
U03329,6,6,1206.41
U04186,6,6,2037.84
U02764,6,6,1797.69
U00610,6,6,1784.72
U00616,6,6,1466.99
U00846,6,6,1241.28
U01395,6,6,3030.97
U02488,6,6,2053.66
U04479,6,6,2321.29
U04184,6,6,2794.16
U01399,6,6,947.77
U00626,6,6,1618.22
U02417,5,5,2193.06
U02423,5,5,1249.33
U03542,5,5,849.58
U02432,5,5,981.49
U02433,6,5,1181.73
U02436,5,5,2628.42
U02438,5,5,1291.03
U02440,5,5,1333.44
U03532,5,5,896.40
U02448,5,5,1497.58
U03528,5,5,1934.26
U03510,5,5,1885.87
U03508,5,5,2121.79
U03499,5,5,1924.93
U03495,5,5,1925.14
U02505,5,5,710.37
U02513,5,5,1483.22
U03490,5,5,1185.52
U03479,5,5,649.83
U02529,5,5,2397.73
U02548,5,5,916.33
U02553,5,5,1013.48
U03466,5,5,517.54
U02562,5,5,1539.87
U03461,5,5,1569.10
U02566,5,5,2657.96
U03454,5,5,1527.04
U03447,5,5,1835.89
U02573,5,5,1054.90
U03446,5,5,461.13
U02586,5,5,1193.46
U02591,5,5,1044.71
U02595,5,5,954.88
U03436,5,5,2428.41
U03433,5,5,2323.36
U02606,5,5,1349.94
U02608,5,5,1744.52
U02618,5,5,1025.96
U03426,5,5,1382.18
U03425,5,5,859.87
U03407,5,5,951.69
U02631,5,5,597.39
U02633,5,5,1063.85
U02638,5,5,568.22
U02644,5,5,1869.21
U02654,5,5,1673.78
U02659,5,5,2360.37
U03382,5,5,1767.91
U02666,5,5,693.62
U02671,5,5,1856.00
U02676,5,5,772.74
U02692,5,5,1083.29
U03367,5,5,1189.16
U02695,5,5,559.31
U03366,5,5,1075.08
U02699,5,5,749.62
U02711,5,5,1153.45
U02715,5,5,2295.25
U02718,5,5,1152.80
U02721,5,5,384.39
U02723,5,5,1742.70
U03359,5,5,1384.06
U02727,5,5,1101.07
U02752,5,5,910.76
U02753,5,5,2466.80
U02756,5,5,1351.22
U03338,5,5,1332.26
U02762,5,5,2515.35
U03331,5,5,1037.13
U03326,5,5,481.35
U02772,5,5,1971.43
U03316,5,5,972.41
U03311,5,5,815.25
U02781,5,5,905.34
U02784,5,5,1187.70
U03301,5,5,1242.86
U03300,5,5,1946.27
U02802,5,5,2047.82
U03285,5,5,1518.57
U02809,5,5,1324.68
U03284,5,5,1972.74
U02820,5,5,855.90
U02826,5,5,1758.33
U02829,5,5,1169.37
U02833,5,5,1722.26
U02840,5,5,1861.57
U03266,5,5,984.30
U03265,5,5,965.04
U02848,5,5,1085.50
U03264,5,5,1542.10
U02858,5,5,1030.76
U03258,5,5,1648.18
U02865,5,5,1039.06
U02868,5,5,1086.60
U02871,5,5,1855.44
U02872,5,5,880.35
U03256,5,5,1222.95
U02877,5,5,1503.77
U03254,5,5,774.68
U03253,5,5,692.47
U03245,5,5,795.50
U03243,5,5,1531.88
U02894,5,5,949.82
U03229,5,5,2312.18
U03226,5,5,1283.34
U02912,5,5,931.70
U03215,5,5,1789.44
U03212,5,5,1824.66
U03211,5,5,894.11
U03208,5,5,1504.07
U03203,5,5,1359.65
U02930,5,5,1277.67
U03200,5,5,1218.69
U02937,5,5,917.00
U02939,5,5,989.44
U03198,5,5,1529.15
U02951,5,5,1439.76
U03190,5,5,1755.23
U02954,5,5,1444.50
U03188,5,5,1804.08
U02970,5,5,1205.67
U02978,5,5,802.00
U02983,5,5,1081.54
U02985,5,5,1380.11
U03177,5,5,2296.99
U03167,5,5,2387.97
U02998,5,5,1182.73
U02999,5,5,621.29
U03163,5,5,928.90
U03157,5,5,1970.82
U03013,5,5,1576.79
U03153,5,5,1132.54
U03022,5,5,1678.57
U03147,5,5,2866.73
U03137,5,5,2032.73
U03043,5,5,764.16
U03055,5,5,1176.42
U03059,5,5,1512.47
U03122,5,5,823.95
U03067,5,5,1096.34
U03073,5,5,994.39
U03076,5,5,2155.49
U03112,5,5,1275.20
U03082,5,5,1030.59
U03101,5,5,942.26
U03090,5,5,1122.45
U00003,5,5,1128.53
U00008,5,5,549.90
U00011,5,5,907.08
U00020,5,5,1226.32
U00021,5,5,1199.93
U00022,5,5,1805.13
U00025,5,5,1139.18
U00026,5,5,1914.66
U04994,5,5,1274.00
U00032,5,5,2222.79
U00042,5,5,850.88
U04991,5,5,971.84
U00046,5,5,1322.30
U00047,5,5,1544.55
U00056,5,5,2611.63
U04980,5,5,897.49
U04977,5,5,1660.53
U00060,5,5,1350.97
U00062,5,5,1636.76
U00066,5,5,661.58
U04973,5,5,976.00
U04972,5,5,1072.82
U00084,5,5,1162.64
U04957,5,5,1145.06
U04949,5,5,1220.37
U00099,5,5,1354.97
U00107,5,5,2819.06
U00108,5,5,1925.11
U00110,5,5,1178.75
U04934,5,5,1324.73
U04926,5,5,2035.52
U00117,5,5,729.34
U04918,5,5,1954.59
U04916,5,5,586.01
U00133,5,5,763.81
U00137,5,5,858.24
U04890,5,5,2019.02
U00143,5,5,2296.50
U00146,5,5,2128.41
U00151,5,5,1278.49
U00153,5,5,627.37
U04884,5,5,1323.31
U00156,5,5,1119.26
U00161,5,5,979.70
U00163,5,5,2240.34
U04874,5,5,1142.00
U04872,5,5,2236.68
U04871,5,5,1691.44
U04867,5,5,655.56
U00176,5,5,877.07
U04866,5,5,1658.08
U04865,5,5,1388.77
U00182,5,5,1744.61
U00194,5,5,985.99
U00199,5,5,575.99
U00214,5,5,1885.11
U04854,5,5,2363.25
U00232,5,5,1113.15
U04842,5,5,822.76
U00242,5,5,1893.18
U04840,5,5,739.45
U04837,5,5,1623.31
U04835,5,5,1180.87
U04831,5,5,1133.67
U04806,5,5,1269.59
U00265,5,5,1422.39
U04787,5,5,1501.03
U04779,5,5,3225.83
U00290,5,5,1213.39
U04766,5,5,1067.69
U04764,5,5,1041.20
U00307,5,5,1320.16
U00318,5,5,1009.42
U04752,5,5,2395.37
U00330,5,5,1655.19
U00344,5,5,2305.89
U04738,5,5,1080.17
U00356,5,5,1011.47
U04729,5,5,1188.77
U00379,5,5,1429.97
U00380,5,5,597.99
U00398,5,5,1829.91
U00400,5,5,1371.47
U00402,5,5,1135.10
U00407,5,5,1265.25
U04720,5,5,1314.86
U04719,5,5,1956.05
U00428,5,5,1689.07
U00429,5,5,783.25
U04714,5,5,1666.29
U00432,5,5,1027.02
U04713,5,5,1522.80
U00438,5,5,2901.82
U00439,5,5,1899.77
U00440,5,5,1804.21
U00441,5,5,1199.95
U04712,5,5,1130.52
U04709,5,5,1643.83
U00451,5,5,1242.38
U04699,5,5,1720.74
U04692,5,5,1627.27
U00477,5,5,1428.18
U04681,5,5,3154.10
U00481,5,5,1030.98
U04679,5,5,1796.41
U00507,5,5,599.26
U00510,5,5,1356.78
U00513,5,5,641.91
U00516,5,5,1422.83
U04662,5,5,2041.62
U00524,5,5,1456.29
U00526,5,5,2051.68
U04654,5,5,1327.83
U00534,5,5,857.79
U04649,5,5,2025.41
U00537,5,5,1321.26
U00538,5,5,408.24
U00545,5,5,591.17
U00546,5,5,1508.70
U04628,5,5,1645.44
U00568,5,5,1024.77
U04624,5,5,3004.12
U04623,5,5,1455.85
U04619,5,5,1982.36
U00581,5,5,1436.71
U00585,5,5,1170.38
U00590,5,5,744.75
U04618,5,5,1988.89
U00592,5,5,685.02
U00597,5,5,556.91
U00603,5,5,1406.99
U00604,5,5,1516.83
U04611,5,5,1194.88
U00625,5,5,1021.70
U04593,5,5,1015.14
U00632,5,5,1013.38
U00634,5,5,1041.71
U00645,5,5,1075.38
U00646,5,5,1827.97
U00648,5,5,664.15
U00652,5,5,926.78
U04582,5,5,583.28
U00660,5,5,1194.82
U00661,5,5,1494.17
U00666,5,5,1476.62
U00669,5,5,1947.33
U00670,5,5,1855.44
U04579,5,5,1351.93
U00687,5,5,2799.38
U04571,5,5,872.68
U00693,5,5,990.97
U04569,5,5,1686.10
U04560,5,5,1043.24
U00709,5,5,2517.24
U04556,5,5,1132.63
U00724,5,5,801.48
U00726,5,5,1701.59
U00727,5,5,1064.54
U00728,5,5,9959.13
U00743,5,5,1971.44
U04545,5,5,1670.92
U00745,5,5,2054.26
U04543,5,5,1861.93
U00750,5,5,1530.50
U00762,5,5,1107.25
U00764,5,5,1080.91
U04532,5,5,1273.99
U00770,5,5,1084.17
U04529,5,5,1324.70
U04527,5,5,1555.12
U00774,5,5,1082.79
U04524,5,5,774.83
U00784,5,5,1327.99
U04509,6,5,1029.76
U04506,5,5,1031.76
U04503,5,5,858.67
U00801,5,5,1574.75
U00802,5,5,775.05
U00804,5,5,1097.07
U00805,5,5,1370.77
U00822,5,5,1053.72
U00823,5,5,916.78
U00824,5,5,971.94
U00829,5,5,1660.76
U04487,5,5,2202.06
U00843,5,5,2204.14
U00844,5,5,1530.99
U00850,5,5,1694.09
U04476,5,5,1935.47
U00855,5,5,2272.41
U00856,5,5,677.54
U00858,5,5,1578.75
U00864,5,5,1220.12
U04467,5,5,1935.61
U00876,5,5,1120.86
U04466,5,5,748.76
U00879,5,5,2423.95
U00880,5,5,1293.99
U00882,5,5,3593.70
U00901,5,5,2216.89
U00903,5,5,967.85
U00905,5,5,971.71
U00911,5,5,1055.46
U00916,5,5,1582.78
U00917,5,5,1523.08
U04449,5,5,1822.26
U00920,5,5,2172.88
U00924,5,5,1044.17
U00935,5,5,1957.83
U04428,5,5,1889.20
U00956,5,5,936.89
U00959,5,5,2160.85
U00964,5,5,726.29
U04420,5,5,842.12
U00987,5,5,1121.89
U00988,5,5,1403.67
U04408,5,5,1157.01
U00991,5,5,1804.20
U00992,5,5,1526.85
U04405,5,5,1381.95
U04404,5,5,1878.31
U04400,5,5,2243.72
U01015,5,5,604.32
U01021,5,5,1472.45
U04379,5,5,532.06
U04378,5,5,1057.79
U01029,6,5,2440.82
U01031,5,5,1006.22
U01039,5,5,2158.00
U01044,5,5,1515.48
U01047,5,5,1632.28
U01049,5,5,1624.72
U04371,5,5,1105.44
U01055,5,5,1119.09
U04370,5,5,699.97
U01058,5,5,1070.86
U04369,5,5,1001.61
U01080,5,5,889.87
U04367,5,5,1161.32
U04364,5,5,1225.09
U01093,5,5,2302.73
U01102,5,5,1667.68
U04362,5,5,828.22
U01105,5,5,1994.41
U01109,5,5,860.74
U04361,5,5,1629.75
U04359,5,5,1309.38
U01114,5,5,2157.97
U01118,5,5,817.04
U04354,5,5,1107.76
U04353,5,5,1669.27
U04344,5,5,1736.02
U01149,5,5,1723.08
U04338,5,5,1008.86
U01151,5,5,1032.48
U04329,5,5,2079.15
U04328,5,5,450.95
U01166,5,5,1180.39
U01174,5,5,927.45
U04318,5,5,1515.98
U01180,5,5,1160.03
U04314,5,5,1414.05
U01188,5,5,1297.96
U01190,5,5,1663.89
U04309,5,5,1207.96
U01194,5,5,914.24
U01197,5,5,1114.41
U01204,5,5,1138.17
U01206,5,5,1946.35
U01207,5,5,1232.79
U04300,5,5,2380.96
U04298,5,5,1490.70
U01216,5,5,961.26
U01223,5,5,1096.97
U01225,5,5,1036.09
U01230,5,5,2959.03
U04289,5,5,1484.70
U01240,5,5,801.60
U01244,5,5,1895.34
U01247,5,5,1429.36
U01248,5,5,1176.73
U04282,5,5,1639.37
U04268,5,5,1044.78
U01266,5,5,1638.47
U04265,5,5,2319.56
U01272,5,5,453.64
U01275,5,5,1945.84
U01284,5,5,1219.21
U01287,5,5,1926.26
U01289,5,5,1073.48
U01294,5,5,487.52
U04255,5,5,1242.79
U04248,5,5,895.21
U04243,5,5,1839.92
U01321,5,5,1648.28
U04229,5,5,1347.92
U01326,5,5,956.84
U04224,5,5,753.85
U01331,5,5,2286.27
U01333,5,5,792.64
U01335,5,5,1387.48
U04210,5,5,766.46
U01353,5,5,1494.71
U01357,5,5,838.15
U04199,5,5,1916.78
U04197,5,5,801.51
U01376,5,5,2526.04
U01383,5,5,2614.44
U04189,5,5,1010.51
U04180,5,5,2894.12
U01416,5,5,2273.60
U01417,5,5,2037.10
U01420,5,5,923.06
U01425,5,5,1260.77
U04174,5,5,1161.01
U01433,5,5,1485.88
U01435,5,5,1475.20
U01440,5,5,1688.72
U04166,5,5,1209.49
U04165,5,5,877.90
U04160,5,5,1509.45
U01449,5,5,937.34
U04148,5,5,736.47
U04144,5,5,662.19
U01465,5,5,2330.17
U01467,5,5,1137.62
U04136,5,5,849.26
U04135,5,5,1692.57
U01481,5,5,1037.21
U04132,5,5,2522.28
U04129,5,5,1024.41
U04124,5,5,2011.81
U04118,5,5,970.79
U01512,5,5,1545.25
U04107,5,5,1190.45
U01524,5,5,584.16
U01531,5,5,1639.14
U01542,5,5,1734.12
U01548,5,5,1076.33
U01553,5,5,1578.86
U01555,5,5,1682.69
U01575,5,5,1066.13
U04048,5,5,1732.91
U01584,5,5,781.23
U01586,5,5,1396.30
U04041,5,5,1233.00
U04035,5,5,1843.79
U04030,5,5,576.50
U01619,5,5,1237.05
U01623,5,5,976.81
U01631,5,5,1972.18
U01635,5,5,2048.95
U01639,5,5,1025.94
U01645,5,5,2125.60
U01652,5,5,2565.76
U01656,5,5,1043.38
U01688,5,5,1255.94
U01696,5,5,663.80
U01698,5,5,1046.81
U01704,5,5,801.11
U03980,5,5,1510.23
U01713,5,5,939.89
U03974,5,5,1483.61
U03971,5,5,1517.47
U01736,5,5,1781.65
U01743,5,5,1570.54
U03964,5,5,2465.19
U01753,5,5,1133.98
U01757,5,5,750.84
U01760,5,5,932.87
U01761,5,5,1242.49
U03950,5,5,1708.99
U01766,5,5,711.09
U01775,5,5,972.64
U01776,5,5,1262.42
U01778,5,5,1622.95
U01782,5,5,1498.91
U01801,5,5,676.39
U01802,5,5,1139.08
U01804,5,5,1493.96
U01808,5,5,2211.71
U01817,5,5,2326.51
U03922,5,5,1413.00
U01821,5,5,2293.24
U03920,5,5,862.09
U01825,5,5,1367.98
U01838,5,5,1426.93
U01843,5,5,2856.34
U03901,5,5,967.79
U01874,5,5,933.09
U03895,5,5,1479.76
U01878,5,5,914.24
U01884,5,5,1365.23
U03890,5,5,596.58
U01890,5,5,810.83
U03887,5,5,927.49
U01906,5,5,1636.18
U01914,5,5,2086.81
U03876,5,5,1713.25
U01923,5,5,1306.23
U03871,5,5,846.68
U01925,5,5,1074.82
U03866,5,5,1173.13
U03864,5,5,1370.61
U01934,5,5,1407.62
U01936,5,5,3211.87
U03858,5,5,748.05
U01949,5,5,1234.37
U01953,5,5,1132.83
U03844,5,5,1255.30
U03836,5,5,1590.90
U03835,5,5,1379.88
U01973,5,5,880.04
U01974,5,5,1265.72
U03829,5,5,1990.26
U03828,5,5,1737.89
U03827,5,5,1481.79
U01989,5,5,2068.21
U03807,5,5,1138.27
U03805,5,5,658.01
U03800,5,5,1342.07
U03797,5,5,871.10
U02029,5,5,1276.48
U02034,5,5,2398.81
U02043,5,5,964.26
U02049,5,5,1229.78
U03775,5,5,1881.91
U03773,5,5,1256.34
U02056,5,5,2469.49
U03760,5,5,1059.01
U02065,5,5,1185.28
U03751,5,5,711.76
U02085,5,5,1188.81
U02087,5,5,1266.87
U03742,5,5,1981.20
U02099,5,5,813.08
U03734,5,5,1203.94
U03733,5,5,1569.03
U02105,5,5,1377.69
U02115,5,5,1016.54
U02124,5,5,1490.91
U03722,5,5,1358.95
U02131,5,5,740.31
U03717,5,5,903.28
U02147,5,5,2479.53
U02153,5,5,1389.80
U02170,5,5,1060.16
U03698,5,5,2540.90
U03697,5,5,1169.07
U02197,5,5,994.31
U03678,5,5,2095.83
U02205,5,5,883.52
U02212,5,5,886.25
U03671,5,5,2200.18
U03669,5,5,798.59
U02220,5,5,1166.97
U02222,5,5,883.30
U02223,5,5,1076.48
U02226,5,5,1335.24
U02234,5,5,493.97
U03667,5,5,795.32
U02238,5,5,568.88
U02241,5,5,1172.90
U03661,5,5,1543.93
U03654,5,5,1372.27
U02264,5,5,1001.06
U02265,5,5,879.55
U03649,5,5,1011.48
U03647,5,5,1057.04
U03646,5,5,1350.65
U02276,5,5,1267.57
U03641,5,5,1007.26
U02289,5,5,1140.42
U02300,5,5,1335.47
U02302,5,5,2340.03
U03610,5,5,1780.75
U02329,5,5,925.19
U02332,5,5,693.66
U03595,5,5,2379.68
U02337,5,5,1069.95
U03588,5,5,1719.11
U02357,5,5,1327.81
U03586,5,5,1176.26
U03576,5,5,1000.54
U03575,5,5,940.23
U03572,5,5,1473.74
U02381,5,5,569.35
U02382,5,5,1392.56
U03563,5,5,2163.90
U02384,5,5,621.12
U02385,5,5,691.05
U02388,5,5,1439.19
U02389,5,5,1805.38
U03561,5,5,968.25
U02393,5,5,1224.73
U03553,5,5,1106.83
U02396,5,5,986.40
U02400,5,5,831.40
U02401,5,5,1380.31
U02406,5,5,931.85
U02415,5,5,1767.92
U02416,5,5,1051.78
U03668,4,4,1623.69
U01413,4,4,665.45
U04494,4,4,572.36
U01415,4,4,1790.80
U03574,4,4,699.18
U02413,4,4,1792.05
U00807,4,4,1762.25
U04498,4,4,739.68
U02224,4,4,696.71
U01421,4,4,1274.46
U01422,4,4,1083.57
U00803,4,4,1260.59
U04175,4,4,1009.92
U03402,4,4,1109.86
U01426,4,4,541.94
U03523,4,4,2077.06
U00800,4,4,899.60
U04171,4,4,1527.51
U04505,4,4,596.04
U04507,4,4,947.26
U01432,4,4,1186.63
U02645,4,4,815.94
U01434,4,4,843.00
U03405,4,4,810.92
U04508,4,4,2035.33
U04511,4,4,1760.38
U04514,4,4,722.19
U04170,4,4,645.21
U02630,4,4,1110.46
U04169,4,4,1679.89
U00786,4,4,1595.88
U00780,4,4,471.81
U02230,4,4,1156.20
U03417,4,4,624.08
U02232,4,4,1493.35
U00778,4,4,877.45
U04531,4,4,769.46
U02623,4,4,834.49
U00765,4,4,1657.26
U00763,4,4,1207.82
U04534,4,4,518.34
U00759,4,4,1679.10
U04157,4,4,3772.01
U04541,4,4,824.39
U04154,4,4,588.91
U01457,4,4,1541.40
U00741,4,4,1973.71
U00739,4,4,617.49
U01460,4,4,714.01
U03524,4,4,1009.12
U00738,4,4,751.96
U04145,4,4,2486.26
U03567,4,4,1479.31
U02236,4,4,1559.33
U01466,4,4,1239.06
U02613,4,4,495.55
U04547,4,4,1359.78
U04548,4,4,646.13
U01470,4,4,948.81
U04550,4,4,672.27
U00732,4,4,798.34
U04137,4,4,1160.29
U02376,4,4,503.25
U02611,4,4,1478.98
U01476,4,4,877.58
U00730,4,4,2259.07
U04134,4,4,678.32
U00729,4,4,1689.07
U01480,4,4,1625.11
U02240,4,4,929.83
U00725,4,4,1716.80
U01483,4,4,902.53
U02377,4,4,1226.64
U01485,4,4,640.20
U00723,4,4,728.62
U04131,4,4,1481.61
U04555,4,4,565.94
U03437,4,4,2970.02
U04128,4,4,1105.12
U00716,4,4,977.07
U02597,4,4,865.68
U00715,4,4,1533.75
U04558,4,4,484.12
U02244,4,4,1093.92
U00711,4,4,951.91
U01497,4,4,570.88
U00710,4,4,753.16
U04117,4,4,942.37
U01500,4,4,1737.16
U00703,4,4,924.81
U01502,4,4,1571.86
U01503,4,4,959.33
U00702,4,4,539.40
U04561,4,4,1184.24
U04116,4,4,582.73
U00697,4,4,1189.18
U01508,4,4,544.49
U01509,4,4,895.38
U04570,4,4,1171.70
U01511,4,4,621.23
U03440,4,4,1020.17
U00685,4,4,1881.11
U00684,4,4,1256.60
U04114,4,4,2226.13
U00683,4,4,803.27
U01517,4,4,1555.34
U02582,4,4,1261.12
U04102,4,4,1115.32
U04577,4,4,847.81
U00680,4,4,721.89
U01522,4,4,1978.14
U00679,4,4,1466.28
U02580,4,4,1321.09
U04578,4,4,890.34
U00671,4,4,4313.29
U01527,4,4,585.56
U00654,4,4,1061.93
U04097,4,4,2222.25
U01530,4,4,1131.53
U03665,4,4,702.57
U00651,4,4,406.13
U04584,4,4,870.48
U04084,4,4,637.00
U00643,4,4,796.25
U00638,4,4,912.00
U01537,4,4,1517.34
U00637,4,4,2475.62
U01539,4,4,1027.89
U04586,4,4,1319.25
U04070,4,4,618.41
U03443,4,4,1250.16
U04069,4,4,948.74
U04587,4,4,432.20
U04591,4,4,748.18
U04067,4,4,1001.09
U03445,4,4,785.89
U00622,4,4,510.88
U04600,4,4,926.38
U01551,4,4,952.73
U04604,4,4,1134.27
U02378,4,4,490.77
U00618,4,4,1206.34
U02576,4,4,1520.42
U04605,4,4,829.89
U00612,4,4,946.53
U04606,4,4,655.83
U01559,4,4,743.48
U04607,4,4,684.93
U00601,4,4,910.22
U00596,4,4,1278.50
U01563,4,4,1399.81
U00594,4,4,940.83
U00589,4,4,605.00
U01566,4,4,2153.12
U00582,4,4,1477.81
U00573,4,4,609.25
U00570,4,4,810.73
U01570,4,4,878.24
U00564,4,4,299.95
U01572,4,4,3033.23
U01573,4,4,727.56
U04633,4,4,1246.34
U03453,4,4,534.23
U01576,4,4,1388.15
U03656,4,4,1188.69
U00561,4,4,999.56
U00559,4,4,713.27
U04640,4,4,1242.88
U00554,4,4,585.15
U01582,4,4,648.76
U00551,4,4,886.72
U03655,4,4,2230.98
U04642,4,4,436.21
U02257,4,4,949.37
U02258,4,4,1215.10
U04647,4,4,2513.95
U01589,4,4,1595.08
U00543,4,4,1739.31
U01591,4,4,1953.48
U01592,4,4,1338.53
U00532,4,4,1930.29
U01594,4,4,1830.32
U02379,4,4,1044.30
U04651,4,4,2070.51
U04655,4,4,749.90
U04658,4,4,651.57
U00520,4,4,721.19
U04665,4,4,1060.79
U01601,4,4,1050.58
U04666,4,4,1730.87
U00514,4,4,1664.85
U00512,4,4,654.48
U01605,4,4,2499.78
U00506,4,4,825.29
U01607,4,4,1037.69
U04673,4,4,844.26
U00504,4,4,1400.63
U04034,4,4,1507.07
U00497,4,4,335.54
U04674,4,4,1896.04
U04033,4,4,1222.66
U00487,4,4,672.42
U02260,4,4,935.93
U00484,4,4,1141.11
U01617,4,4,1007.08
U02261,4,4,600.29
U04684,4,4,1738.02
U01621,4,4,1025.21
U00478,4,4,1872.46
U02262,4,4,1217.76
U04026,4,4,1305.59
U00476,4,4,1154.81
U00474,4,4,573.71
U04024,4,4,1777.59
U04687,4,4,1598.40
U01629,4,4,1215.99
U04688,4,4,715.75
U03462,4,4,569.12
U04020,4,4,845.17
U04690,4,4,802.39
U04019,4,4,1585.66
U03565,5,4,943.17
U04018,4,4,1325.52
U04016,4,4,2392.76
U02414,4,4,1422.31
U00468,4,4,826.91
U01642,4,4,967.00
U01643,4,4,949.25
U04015,4,4,1269.39
U02561,4,4,1123.36
U01646,4,4,1876.24
U01647,4,4,2086.06
U00467,4,4,585.47
U01649,4,4,1321.82
U00463,4,4,870.84
U03463,4,4,486.18
U00462,4,4,439.13
U01654,4,4,484.84
U00461,4,4,1081.49
U03651,4,4,974.07
U01657,4,4,1103.07
U01658,4,4,1823.94
U04013,4,4,968.86
U00459,4,4,734.90
U00455,4,4,596.59
U00444,4,4,1923.17
U00437,4,4,1067.44
U01664,4,4,1432.83
U00434,4,4,541.80
U04000,4,4,2197.45
U00430,4,4,2541.26
U04715,4,4,632.91
U01669,4,4,871.28
U00420,4,4,965.96
U03998,4,4,546.40
U00416,4,4,1054.87
U00415,4,4,597.61
U04721,4,4,1703.85
U00413,4,4,2667.09
U00410,4,4,1613.70
U03995,4,4,522.24
U00409,4,4,842.33
U03993,4,4,835.73
U04722,4,4,967.65
U03991,4,4,1287.77
U00401,4,4,3110.46
U00399,4,4,1170.39
U04725,4,4,1487.52
U00393,4,4,1273.64
U03986,4,4,2516.71
U01687,4,4,657.84
U03650,4,4,492.39
U04726,4,4,1378.03
U03984,4,4,793.59
U04728,4,4,2050.80
U03983,4,4,1233.75
U00377,4,4,1553.40
U00376,4,4,820.30
U00375,4,4,442.10
U02270,4,4,1349.66
U02439,4,4,1476.84
U01699,4,4,991.32
U04730,4,4,3600.46
U00367,4,4,586.53
U03981,4,4,836.15
U00365,4,4,1027.74
U02557,4,4,1318.10
U01705,4,4,924.18
U00363,4,4,1711.19
U01707,4,4,396.92
U02273,4,4,1509.19
U03978,4,4,655.35
U00362,4,4,1447.91
U00361,4,4,1251.84
U04733,4,4,876.81
U03536,4,4,1109.49
U04734,4,4,1710.92
U03977,4,4,826.85
U01716,4,4,822.34
U00357,4,4,1157.44
U01718,4,4,1059.36
U00355,4,4,1326.65
U02435,4,4,862.17
U00354,4,4,1300.39
U04736,4,4,829.10
U01723,4,4,627.89
U03973,4,4,1052.80
U00343,4,4,803.20
U01727,4,4,1246.22
U01728,4,4,554.86
U00342,4,4,1242.63
U02418,4,4,628.78
U01731,4,4,1438.64
U01732,4,4,519.86
U00340,4,4,1889.69
U04747,4,4,1916.30
U04749,4,4,729.41
U02555,4,4,1026.71
U01737,4,4,2209.46
U04750,4,4,986.95
U03970,4,4,450.41
U03969,4,4,591.54
U00329,4,4,1399.19
U00325,4,4,507.20
U03525,4,4,2471.75
U03968,4,4,1212.39
U00321,4,4,1541.51
U03965,4,4,1213.34
U01747,4,4,1208.59
U01748,4,4,2971.60
U00319,4,4,1064.95
U02554,4,4,610.72
U00316,4,4,532.78
U00314,4,4,956.62
U03639,4,4,1208.25
U00312,4,4,2527.35
U04757,4,4,1202.59
U04758,4,4,1025.58
U02551,4,4,759.44
U04761,4,4,604.56
U00306,4,4,487.86
U02283,4,4,3277.67
U03637,4,4,1772.35
U01762,4,4,595.50
U04763,4,4,1232.03
U04768,4,4,763.77
U03635,4,4,2780.05
U02286,4,4,898.66
U00296,4,4,1766.01
U04772,4,4,567.40
U04773,4,4,586.26
U04774,4,4,681.64
U03943,4,4,1074.43
U04776,4,4,1105.13
U04777,4,4,1793.12
U02550,4,4,563.65
U03632,4,4,1207.20
U04778,4,4,691.66
U03527,4,4,794.20
U01779,4,4,840.64
U00281,4,4,719.77
U03938,4,4,3256.13
U02549,4,4,592.59
U00280,4,4,1222.57
U03936,4,4,2933.21
U04785,4,4,1128.08
U00278,4,4,340.10
U01787,4,4,801.36
U03935,4,4,1375.33
U04790,4,4,721.65
U00271,5,4,1578.75
U01791,4,4,1293.39
U01792,4,4,1130.26
U01793,4,4,780.72
U03934,4,4,645.61
U01795,4,4,844.37
U04799,4,4,1371.27
U04807,4,4,455.49
U04814,4,4,1300.80
U01799,4,4,467.96
U03933,4,4,1518.76
U03468,4,4,895.31
U03631,4,4,610.14
U04822,4,4,2488.87
U02544,4,4,1398.60
U00253,4,4,2039.36
U00248,4,4,739.12
U00246,4,4,973.37
U03469,4,4,1055.48
U04846,4,4,1307.91
U04847,4,4,1374.38
U01811,4,4,1540.82
U01812,4,4,551.46
U01813,4,4,2030.53
U01814,4,4,1271.91
U03928,4,4,508.51
U03924,4,4,543.56
U03618,4,4,932.84
U02542,4,4,663.92
U04848,4,4,2261.29
U00234,4,4,929.45
U02298,4,4,997.97
U04849,4,4,953.38
U03616,4,4,1499.39
U00231,4,4,1338.77
U02407,4,4,1552.33
U03918,4,4,943.08
U01827,4,4,819.18
U01828,4,4,1941.53
U03912,4,4,1516.27
U04851,4,4,1032.15
U00229,4,4,855.15
U03911,4,4,1953.75
U01833,4,4,2666.40
U00226,4,4,1628.52
U04853,4,4,879.31
U01836,4,4,584.62
U00223,4,4,1440.42
U03470,4,4,846.13
U01839,4,4,567.91
U01840,4,4,903.14
U00215,4,4,794.63
U01842,4,4,981.80
U03539,4,4,757.74
U00212,4,4,903.34
U04860,4,4,2583.17
U00192,4,4,1954.81
U00191,4,4,577.94
U00190,4,4,1735.98
U03903,4,4,1309.05
U01850,4,4,776.08
U02539,4,4,975.61
U01852,4,4,1925.56
U01853,4,4,910.83
U00184,4,4,1086.88
U00183,4,4,673.87
U01856,4,4,1279.29
U01857,4,4,1872.29
U00170,4,4,2164.24
U01859,4,4,930.95
U00160,4,4,1038.14
U04882,4,4,1095.96
U00157,4,4,1255.56
U00149,4,4,625.04
U01864,4,4,459.37
U00148,4,4,918.29
U00145,4,4,1576.63
U00144,4,4,1553.89
U04894,4,4,1153.63
U04897,4,4,678.82
U04899,4,4,1017.75
U03896,4,4,555.01
U01873,4,4,716.10
U02538,4,4,661.71
U02536,4,4,1525.51
U04901,4,4,1599.70
U03615,4,4,2067.87
U00131,4,4,570.55
U01881,4,4,1764.38
U01882,4,4,776.57
U04909,4,4,740.01
U02307,4,4,1398.32
U04912,4,4,775.67
U00125,4,4,1182.76
U03893,4,4,1156.36
U01888,4,4,1553.42
U02534,4,4,1317.54
U03614,4,4,2660.15
U01891,4,4,590.27
U00123,4,4,1127.33
U04920,4,4,1137.78
U04922,4,4,780.75
U00113,4,4,1578.38
U02533,4,4,921.61
U04936,4,4,2415.92
U03883,4,4,985.05
U01899,4,4,1014.60
U00106,4,4,939.75
U01901,4,4,610.95
U01902,4,4,925.98
U01903,4,4,1444.17
U03881,4,4,1109.70
U01905,4,4,986.04
U02532,4,4,916.31
U03880,4,4,653.75
U01908,4,4,1613.74
U01909,4,4,652.95
U04937,4,4,1550.40
U03878,4,4,704.97
U00103,4,4,1457.87
U01913,4,4,2066.59
U02530,4,4,2768.94
U01915,4,4,1484.30
U01916,4,4,593.04
U03877,4,4,1879.59
U00102,4,4,919.97
U04946,4,4,549.12
U04950,4,4,829.58
U04953,4,4,1666.50
U02409,4,4,2000.16
U02314,4,4,341.11
U02315,4,4,750.91
U02316,4,4,3242.84
U04955,4,4,1610.66
U03609,4,4,720.48
U03865,4,4,1260.99
U01929,4,4,1348.16
U04958,4,4,668.89
U02523,4,4,1055.11
U01932,4,4,1529.23
U04961,4,4,802.88
U03484,4,4,1244.91
U03607,4,4,670.94
U04966,4,4,1415.06
U01938,4,4,732.81
U04967,4,4,1662.50
U01940,4,4,2244.51
U00080,4,4,516.27
U04969,4,4,693.84
U00076,4,4,756.25
U00075,4,4,910.15
U03604,4,4,1795.28
U00074,4,4,2770.45
U00073,4,4,1045.50
U01948,4,4,1159.99
U02322,4,4,1020.48
U03857,4,4,538.65
U03853,4,4,988.25
U00070,4,4,804.79
U02323,4,4,464.13
U00067,4,4,856.98
U00063,4,4,1963.43
U01956,4,4,1309.83
U00057,4,4,1097.63
U02518,4,4,712.82
U01959,4,4,912.21
U04983,4,4,1332.53
U04984,4,4,2063.69
U00049,4,4,536.09
U04993,4,4,1142.67
U01964,4,4,786.84
U00030,4,4,1506.36
U02325,4,4,1737.64
U00023,4,4,634.90
U02326,4,4,760.28
U00013,4,4,1814.75
U04996,4,4,1059.22
U01971,4,4,614.47
U00009,4,4,1413.68
U03487,4,4,963.61
U02511,4,4,1859.79
U01975,4,4,883.32
U00002,4,4,715.94
U03092,4,4,1407.22
U02391,4,4,451.87
U01980,4,4,664.21
U01981,4,4,708.37
U03100,4,4,1417.49
U03104,4,4,2066.63
U02330,4,4,344.73
U03110,4,4,1731.03
U03079,4,4,791.90
U02331,4,4,1087.00
U03560,4,4,886.56
U03072,4,4,1466.68
U03114,4,4,645.73
U03064,4,4,2029.73
U03818,4,4,1125.49
U03061,4,4,776.11
U01995,4,4,1401.27
U03058,4,4,1999.53
U01998,4,4,1377.90
U01999,4,4,692.22
U03056,4,4,1018.79
U03131,4,4,1727.68
U02002,4,4,1708.99
U03811,4,4,1284.07
U03050,4,4,1127.95
U03601,4,4,1127.58
U03598,4,4,656.02
U03047,4,4,717.87
U02008,4,4,898.88
U02425,4,4,979.59
U03799,4,4,1334.31
U03046,4,4,1168.96
U02012,4,4,2603.29
U02013,4,4,950.64
U03133,4,4,685.35
U03492,4,4,910.68
U03796,4,4,1349.17
U03793,4,4,1013.03
U02018,4,4,812.52
U03134,4,4,909.00
U03792,4,4,1833.45
U03025,4,4,986.08
U02022,4,4,682.80
U03789,4,4,1011.56
U02024,4,4,2854.65
U03023,4,4,654.06
U03020,4,4,944.38
U03787,4,4,1149.58
U03149,4,4,1492.38
U02447,4,4,345.55
U03155,4,4,743.46
U03007,4,4,1503.45
U03005,4,4,1404.57
U03165,4,4,555.64
U03493,4,4,868.42
U03780,4,4,1329.46
U03169,4,4,1467.73
U02037,4,4,964.05
U03778,4,4,775.85
U02039,4,4,1982.67
U02992,4,4,1464.15
U03172,4,4,1494.62
U02502,4,4,1658.87
U02988,4,4,1563.26
U02984,4,4,2440.13
U02982,4,4,1601.33
U03776,4,4,2051.39
U03594,4,4,1505.71
U02500,4,4,851.73
U02981,4,4,1335.36
U02980,4,4,1774.16
U02499,4,4,1699.61
U03180,4,4,700.43
U02055,4,4,759.82
U02496,4,4,2475.25
U03181,4,4,1251.66
U02968,4,4,1276.74
U02966,4,4,848.05
U02965,4,4,1321.90
U03761,4,4,736.63
U03497,4,4,834.39
U02964,4,4,1595.93
U03182,4,4,928.54
U02490,4,4,982.78
U02948,4,4,559.79
U02946,4,4,700.44
U03194,4,4,743.35
U02938,4,4,706.90
U02935,4,4,966.65
U03204,4,4,1190.30
U02073,4,4,844.76
U02074,4,4,484.29
U03206,4,4,2511.93
U03216,4,4,1495.54
U03219,4,4,758.15
U02346,4,4,1133.28
U03750,4,4,1259.74
U02908,4,4,476.60
U02081,4,4,1705.37
U02082,4,4,949.97
U02084,4,4,684.85
U03500,4,4,776.83
U02086,4,4,1875.48
U02348,4,4,813.73
U03225,4,4,951.29
U03233,4,4,1107.33
U02090,4,4,848.52
U03747,4,4,1721.81
U02897,4,4,863.25
U03249,4,4,315.36
U03504,4,4,1666.41
U03252,4,4,1468.83
U03740,4,4,1026.80
U03739,4,4,607.30
U02098,4,4,1868.11
U02480,4,4,1019.31
U02885,4,4,1171.04
U02477,4,4,682.37
U02878,4,4,616.61
U02863,4,4,1071.65
U02352,4,4,886.71
U02353,4,4,552.16
U03261,4,4,949.09
U03732,4,4,974.30
U02859,4,4,1057.85
U03730,4,4,1104.81
U02110,4,4,846.21
U02853,4,4,1464.15
U02852,4,4,1029.00
U02113,4,4,1181.36
U02850,4,4,924.32
U02475,4,4,608.45
U02846,4,4,1505.85
U03728,4,4,561.89
U02118,4,4,1883.78
U02841,4,4,1620.72
U02830,4,4,963.80
U02827,4,4,1233.33
U03274,4,4,883.11
U02819,4,4,1073.74
U02474,4,4,599.97
U02125,4,4,794.95
U03723,4,4,962.32
U02127,4,4,1374.32
U03277,4,4,495.50
U02411,4,4,729.66
U02813,4,4,1549.78
U02412,4,4,730.71
U02132,4,4,1067.88
U02133,4,4,1856.03
U02810,4,4,417.96
U03286,4,4,749.18
U03287,4,4,1151.86
U03289,4,4,1100.92
U02794,4,4,1980.07
U02140,4,4,1953.95
U02141,4,4,1000.15
U02142,4,4,531.04
U02787,4,4,818.43
U03303,4,4,1259.34
U02473,4,4,480.29
U02782,4,4,990.33
U03511,4,4,880.81
U03310,4,4,955.61
U02150,4,4,574.15
U03712,4,4,1594.26
U03312,4,4,773.40
U03515,4,4,1849.68
U03315,4,4,722.44
U02774,4,4,1043.47
U03317,4,4,1804.03
U03320,4,4,1426.38
U02766,4,4,1924.72
U03707,4,4,447.66
U03339,4,4,1569.76
U03340,4,4,908.75
U02755,4,4,723.31
U03703,4,4,1159.23
U03342,4,4,616.63
U02747,4,4,563.18
U01158,4,4,837.73
U01161,4,4,1008.76
U01162,4,4,830.54
U01154,4,4,1141.53
U04324,4,4,1576.31
U01165,4,4,1159.83
U02168,4,4,1009.05
U04330,4,4,847.05
U04322,4,4,806.13
U01169,4,4,817.23
U04319,4,4,2883.42
U04336,4,4,883.14
U04341,4,4,1065.30
U01144,4,4,474.69
U03343,4,4,642.48
U01143,4,4,954.65
U01176,4,4,1459.18
U01177,4,4,1394.01
U02397,4,4,976.77
U01142,4,4,1533.95
U03702,4,4,420.26
U01138,4,4,1824.64
U02741,4,4,2910.75
U01183,4,4,901.32
U01137,4,4,1573.85
U01134,4,4,1405.61
U01186,4,4,3038.44
U04350,4,4,2375.13
U03350,4,4,1225.90
U04352,4,4,1582.33
U02736,4,4,591.87
U01124,4,4,2615.24
U02733,4,4,546.62
U01120,4,4,928.75
U03517,4,4,1400.02
U01117,4,4,555.91
U01196,4,4,735.35
U03519,4,4,1856.15
U04356,4,4,349.62
U01113,4,4,1285.40
U01111,4,4,3135.82
U01103,4,4,916.35
U01099,4,4,1512.95
U01092,4,4,744.53
U03695,4,4,2956.11
U02179,4,4,923.55
U02729,4,4,806.72
U04306,4,4,483.45
U02182,4,4,2037.17
U04299,4,4,1108.90
U03692,4,4,973.73
U01086,4,4,754.15
U01084,4,4,2176.51
U01083,4,4,735.11
U02184,4,4,595.57
U04296,4,4,1283.35
U04295,4,4,1401.43
U01082,4,4,674.93
U01076,4,4,892.56
U04368,4,4,525.94
U01072,4,4,824.19
U02185,4,4,1852.65
U01066,4,4,908.79
U02719,4,4,811.79
U01065,4,4,2046.01
U01062,4,4,1534.64
U01056,4,4,367.35
U04290,4,4,2005.06
U02716,4,4,907.77
U01231,4,4,896.25
U01232,4,4,1033.21
U01233,4,4,862.03
U02188,4,4,767.47
U01235,4,4,586.84
U01236,4,4,946.05
U04372,4,4,716.85
U04373,4,4,1032.03
U03360,4,4,1401.82
U01043,4,4,1603.78
U01242,4,4,528.61
U01042,4,4,809.01
U02712,4,4,591.50
U01245,4,4,1456.61
U04286,4,4,953.06
U02710,4,4,1418.67
U03363,4,4,695.50
U04285,4,4,967.90
U04284,4,4,1166.88
U01041,4,4,699.13
U02703,4,4,1131.26
U04279,4,4,712.69
U04374,4,4,900.14
U01034,4,4,1472.63
U04383,4,4,789.90
U01019,4,4,1007.33
U04270,4,4,1446.49
U02700,4,4,726.62
U01260,4,4,1522.18
U01018,4,4,2628.64
U04395,4,4,891.29
U04396,4,4,589.89
U01007,4,4,806.09
U01006,4,4,1054.48
U02690,4,4,749.11
U01267,4,4,2002.46
U01005,4,4,919.34
U02688,4,4,2103.97
U00999,4,4,2260.25
U01271,4,4,428.11
U03577,4,4,1060.32
U01273,4,4,846.62
U00995,4,4,1056.27
U03682,4,4,1689.92
U01277,4,4,1418.59
U04263,4,4,1160.90
U00994,4,4,1651.39
U00983,4,4,989.14
U00982,4,4,1133.99
U04412,4,4,2095.27
U01283,4,4,836.72
U03370,4,4,796.33
U00978,4,4,1688.28
U01286,4,4,833.40
U02682,4,4,772.89
U00975,4,4,766.39
U03521,4,4,592.00
U01290,4,4,1102.81
U04261,4,4,925.24
U01292,4,4,1810.00
U01293,4,4,1226.20
U03676,4,4,1240.32
U00972,4,4,653.10
U02203,4,4,680.21
U04251,4,4,1244.75
U04249,4,4,1254.70
U01299,4,4,939.95
U00969,4,4,2645.37
U02680,4,4,745.15
U01302,4,4,1356.27
U00968,4,4,981.71
U00966,4,4,3005.54
U00963,4,4,917.33
U04424,4,4,958.94
U02366,4,4,419.88
U04241,4,4,4166.25
U00953,4,4,1099.14
U01311,4,4,788.75
U01312,4,4,1215.22
U00952,4,4,594.37
U04429,4,4,752.94
U04239,4,4,331.09
U04431,4,4,941.81
U00944,4,4,509.41
U04236,4,4,1946.53
U04232,4,4,564.87
U02677,4,4,1348.43
U02673,4,4,1263.77
U01323,4,4,631.22
U01324,4,4,655.91
U04435,4,4,1620.71
U02670,4,4,904.16
U01327,4,4,1016.69
U00942,4,4,690.38
U02662,4,4,837.79
U00939,4,4,1116.67
U02660,4,4,620.11
U01332,4,4,468.04
U02658,4,4,1259.19
U01334,4,4,1177.78
U02367,4,4,1143.01
U04436,4,4,762.70
U04217,4,4,633.78
U00934,4,4,419.47
U00933,4,4,1144.21
U00931,4,4,746.25
U04439,4,4,575.06
U04216,4,4,1277.12
U04214,4,4,1944.38
U04441,4,4,1676.42
U04442,4,4,1170.57
U01346,4,4,855.22
U00925,4,4,988.79
U00923,4,4,1561.21
U03522,4,4,4024.25
U04207,4,4,1832.15
U04446,4,4,753.06
U04447,4,4,1188.96
U03391,4,4,1375.65
U00913,4,4,857.27
U01355,4,4,686.37
U01356,4,4,638.07
U03393,4,4,746.89
U04451,4,4,889.99
U00910,4,4,762.26
U04452,4,4,853.94
U04453,4,4,1022.08
U00904,4,4,623.03
U01364,4,4,2228.68
U04454,4,4,1654.56
U00891,4,4,353.46
U00889,4,4,815.73
U04204,4,4,758.14
U04456,4,4,701.27
U00886,4,4,2163.05
U00885,4,4,541.24
U02650,4,4,842.52
U02445,4,4,929.53
U00884,4,4,988.39
U00877,4,4,2069.81
U02648,4,4,481.58
U04196,4,4,602.56
U01378,4,4,489.80
U04195,4,4,1687.55
U00870,4,4,1063.64
U00869,4,4,1322.46
U00863,4,4,1151.61
U02219,4,4,1143.35
U04470,4,4,1247.03
U00861,4,4,1309.70
U01386,4,4,885.24
U02444,4,4,737.27
U01388,4,4,546.04
U04187,4,4,794.36
U00857,4,4,1301.26
U01391,4,4,753.56
U01392,4,4,530.02
U04473,4,4,1363.70
U01394,4,4,816.56
U00845,4,4,964.08
U04480,4,4,869.17
U00839,4,4,525.19
U01398,4,4,825.97
U00838,4,4,878.47
U00836,4,4,1108.42
U00835,4,4,459.68
U01402,4,4,1298.60
U00833,4,4,724.82
U00828,4,4,1235.50
U00827,4,4,1342.96
U04490,4,4,583.41
U00819,4,4,747.21
U00815,4,4,1189.47
U00813,4,4,1586.95
U04493,4,4,789.35
U00810,4,4,942.34
U03372,3,3,1627.76
U00005,3,3,1239.02
U00012,3,3,751.16
U00016,3,3,1264.51
U00018,3,3,555.80
U00019,3,3,719.27
U00029,3,3,1187.33
U00037,3,3,952.15
U00039,3,3,425.39
U00041,3,3,1087.20
U00044,3,3,697.98
U00048,3,3,562.54
U00050,3,3,1302.21
U00053,3,3,635.27
U00061,3,3,811.53
U00065,3,3,2110.54
U00068,3,3,1420.56
U00069,3,3,849.53
U00081,3,3,880.97
U00086,3,3,793.46
U00094,3,3,3857.50
U00096,3,3,1653.14
U00101,3,3,1308.10
U00114,3,3,826.99
U00116,3,3,844.54
U00118,3,3,492.26
U00128,3,3,1569.69
U00130,3,3,1134.58
U00140,3,3,710.25
U00152,3,3,1014.23
U00162,3,3,653.33
U00168,3,3,553.90
U00171,3,3,266.48
U00185,3,3,473.23
U00193,3,3,387.43
U00195,3,3,518.61
U00198,3,3,597.62
U00200,3,3,675.52
U00201,3,3,434.29
U00204,3,3,779.24
U00206,3,3,963.49
U00207,3,3,693.37
U00211,3,3,644.69
U00217,3,3,435.28
U00218,3,3,655.50
U00220,3,3,909.68
U00228,3,3,486.51
U00241,3,3,1854.14
U00244,3,3,1485.75
U00247,3,3,351.35
U00252,3,3,186.48
U00259,3,3,487.98
U00266,3,3,971.71
U00269,3,3,1068.87
U00272,3,3,758.74
U00275,3,3,861.94
U00276,3,3,1085.28
U00295,3,3,1067.18
U00302,3,3,683.63
U00303,3,3,887.67
U00304,3,3,684.69
U00309,3,3,840.00
U00313,3,3,616.37
U00317,3,3,411.04
U00323,3,3,655.97
U00327,3,3,1302.25
U00332,3,3,745.72
U00335,3,3,708.41
U00337,3,3,494.94
U00341,3,3,849.16
U00350,3,3,236.58
U00358,3,3,452.54
U00366,3,3,1154.53
U00368,3,3,936.56
U00371,3,3,561.37
U00372,3,3,713.67
U00381,3,3,1040.12
U00382,3,3,345.74
U00383,3,3,2469.08
U00384,3,3,487.72
U00386,3,3,342.14
U00390,3,3,410.95
U00394,3,3,458.74
U00406,3,3,587.13
U00408,3,3,857.59
U00412,3,3,1085.94
U00418,3,3,413.33
U00419,3,3,1148.82
U00421,3,3,622.57
U00422,3,3,590.26
U00423,3,3,1239.88
U00425,3,3,604.09
U00427,3,3,678.30
U00442,3,3,1172.77
U00445,3,3,1205.94
U00460,3,3,349.59
U00466,3,3,473.16
U00485,3,3,521.50
U00488,3,3,387.60
U00492,3,3,999.19
U00493,3,3,835.75
U00495,3,3,844.09
U00496,3,3,852.75
U00502,3,3,275.08
U00503,3,3,1281.22
U00511,3,3,954.82
U00515,3,3,635.18
U00521,3,3,1432.56
U00523,3,3,1272.43
U00530,3,3,1988.35
U00533,3,3,743.86
U00539,3,3,375.02
U00540,3,3,1004.31
U00541,3,3,942.64
U00550,3,3,3227.27
U00556,3,3,417.58
U00557,3,3,422.23
U00558,3,3,968.49
U00565,3,3,2103.47
U00566,3,3,2340.53
U00572,3,3,296.57
U00574,3,3,1131.06
U00583,3,3,1220.08
U00584,3,3,568.43
U00586,3,3,1569.35
U00598,3,3,1536.22
U00600,3,3,884.56
U00602,3,3,292.07
U00605,3,3,473.95
U00608,3,3,1091.40
U00614,3,3,510.20
U00617,3,3,809.03
U00623,3,3,697.77
U00624,3,3,444.47
U00629,3,3,1677.26
U00631,3,3,655.65
U00633,3,3,785.70
U00641,3,3,1173.37
U00642,3,3,321.57
U00647,3,3,744.67
U00653,3,3,714.84
U00659,3,3,680.68
U00664,3,3,589.20
U00668,3,3,380.66
U00673,3,3,1121.82
U00676,3,3,486.69
U00690,3,3,364.60
U00691,3,3,1592.57
U00694,3,3,548.13
U00698,3,3,527.40
U00700,3,3,689.23
U00705,3,3,812.96
U00707,3,3,592.69
U00712,3,3,764.46
U00722,3,3,386.88
U00734,3,3,641.59
U00752,3,3,714.89
U00753,3,3,513.84
U00754,3,3,631.62
U00755,3,3,2017.38
U00757,4,3,857.86
U00767,3,3,1456.47
U00771,3,3,5715.14
U00775,3,3,1282.72
U00785,3,3,710.07
U00793,3,3,326.95
U00798,3,3,1206.39
U00814,3,3,1278.99
U00820,3,3,909.88
U00832,3,3,1232.23
U00834,3,3,838.51
U00837,3,3,592.28
U00847,3,3,608.74
U00848,3,3,1622.84
U00852,3,3,624.77
U00860,3,3,698.47
U00865,3,3,1074.09
U00867,3,3,640.93
U00873,3,3,296.70
U00881,3,3,1105.67
U00892,3,3,516.58
U00894,3,3,257.50
U00897,3,3,2294.44
U00898,3,3,1595.77
U00902,3,3,909.44
U00908,3,3,508.79
U00914,3,3,537.39
U00915,3,3,588.73
U00926,3,3,758.25
U00936,3,3,666.58
U00937,3,3,359.81
U00940,3,3,387.88
U00941,3,3,576.14
U00945,3,3,985.47
U00948,3,3,659.82
U00957,3,3,683.04
U00958,3,3,913.36
U00961,3,3,283.00
U00967,3,3,274.30
U00971,3,3,510.57
U00973,3,3,1131.39
U00985,3,3,493.08
U00997,3,3,265.82
U01000,3,3,424.22
U01010,3,3,737.70
U01011,3,3,378.14
U01016,3,3,860.07
U01022,3,3,395.06
U01023,3,3,948.43
U01024,3,3,1669.70
U01028,3,3,873.12
U01030,3,3,367.10
U01032,3,3,1283.61
U01045,3,3,369.14
U01067,3,3,536.68
U01068,3,3,584.25
U01075,3,3,1369.75
U01081,3,3,295.05
U01085,3,3,793.37
U01087,3,3,1155.54
U01090,3,3,2050.76
U01094,3,3,1423.78
U01095,3,3,1442.87
U01097,3,3,129.67
U01098,3,3,249.89
U01100,3,3,282.25
U01107,3,3,421.21
U01108,3,3,602.02
U01115,3,3,855.06
U01119,3,3,1447.42
U01123,3,3,1574.71
U01125,3,3,500.79
U01129,3,3,557.05
U01130,3,3,656.73
U01136,3,3,787.89
U01141,3,3,968.95
U01145,3,3,407.70
U01147,3,3,2241.18
U01156,3,3,862.93
U01171,3,3,460.57
U01172,3,3,569.11
U01173,3,3,2021.10
U01175,3,3,958.21
U01184,3,3,1102.46
U01187,3,3,126.22
U01198,3,3,854.26
U01199,3,3,1675.99
U01200,3,3,970.98
U01202,3,3,647.28
U01213,3,3,505.83
U01214,3,3,716.50
U01215,3,3,367.16
U01220,3,3,556.69
U01221,3,3,572.52
U01222,3,3,1707.00
U01224,3,3,1215.82
U01226,3,3,572.86
U01228,3,3,631.93
U01237,3,3,1353.40
U01239,3,3,806.64
U01243,3,3,534.28
U01262,3,3,1345.48
U01263,3,3,726.12
U01265,3,3,646.05
U01270,3,3,435.32
U01281,3,3,775.33
U01285,3,3,864.54
U01288,3,3,1585.86
U01300,3,3,728.52
U01306,3,3,768.65
U01314,3,3,416.49
U01317,3,3,450.84
U01318,3,3,666.01
U01345,3,3,949.22
U01347,3,3,953.61
U01348,3,3,625.01
U01351,3,3,1235.28
U01352,3,3,492.71
U01359,3,3,854.37
U01361,3,3,1171.53
U01362,3,3,751.72
U01367,3,3,713.54
U01369,3,3,467.16
U01371,3,3,387.17
U01380,3,3,385.83
U01381,3,3,497.90
U01385,3,3,1100.68
U01397,3,3,1359.56
U01400,3,3,783.34
U01401,3,3,580.17
U01403,3,3,486.70
U01406,3,3,537.95
U01409,3,3,168.66
U01410,3,3,1276.36
U01423,3,3,901.70
U01431,3,3,959.23
U01437,3,3,447.35
U01438,3,3,1041.79
U01451,3,3,657.49
U01458,3,3,707.90
U01459,3,3,654.96
U01468,3,3,956.84
U01477,3,3,152.22
U01482,3,3,1364.02
U01486,3,3,569.04
U01488,3,3,395.83
U01493,3,3,799.05
U01514,3,3,1108.41
U01520,3,3,608.58
U01523,3,3,1008.16
U01528,3,3,723.78
U01533,3,3,698.22
U01535,3,3,648.14
U01540,3,3,840.09
U01544,3,3,1442.38
U01550,3,3,1727.64
U01552,3,3,479.21
U01554,3,3,731.78
U01557,3,3,597.68
U01560,3,3,1256.84
U01561,3,3,688.88
U01562,3,3,1086.56
U01564,3,3,2346.32
U01579,3,3,1141.29
U01581,3,3,1150.55
U01596,3,3,689.30
U01597,3,3,650.84
U01598,3,3,1275.77
U01602,3,3,1173.82
U01603,3,3,960.83
U01604,3,3,504.14
U01606,3,3,841.40
U01608,3,3,2448.51
U01612,3,3,941.87
U01626,3,3,625.72
U01628,3,3,489.79
U01648,3,3,1963.73
U01650,3,3,654.64
U01655,3,3,1005.01
U01660,3,3,1256.60
U01667,3,3,370.28
U01674,3,3,545.44
U01676,3,3,871.52
U01680,3,3,1364.31
U01684,3,3,676.39
U01685,3,3,503.10
U01689,3,3,925.28
U01691,3,3,347.51
U01693,3,3,274.04
U01694,3,3,615.53
U01701,3,3,2279.26
U01710,3,3,834.65
U01711,4,3,1115.52
U01714,3,3,414.53
U01721,3,3,742.63
U01726,3,3,426.88
U01733,3,3,2012.00
U01735,3,3,681.24
U01738,3,3,1350.77
U01742,3,3,1448.71
U01749,3,3,836.22
U01756,3,3,1086.03
U01758,3,3,569.62
U01763,3,3,673.93
U01764,3,3,966.30
U01767,3,3,1019.28
U01770,3,3,588.83
U01774,3,3,1074.65
U01777,3,3,1083.14
U01780,3,3,343.69
U01786,3,3,350.54
U01790,3,3,878.19
U01803,3,3,943.04
U01805,3,3,843.53
U01824,3,3,357.90
U01830,3,3,1262.39
U01831,3,3,3726.91
U01835,3,3,800.31
U01837,3,3,946.14
U01841,3,3,528.70
U01844,3,3,1216.47
U01848,3,3,754.94
U01855,3,3,1055.70
U01861,3,3,325.58
U01862,3,3,863.06
U01863,3,3,1747.84
U01865,3,3,253.72
U01866,3,3,735.80
U01868,3,3,496.34
U01871,3,3,1230.64
U01876,3,3,2314.56
U01886,3,3,1604.62
U01892,3,3,826.17
U01893,3,3,414.22
U01894,3,3,207.41
U01895,3,3,278.04
U01897,3,3,697.67
U01900,3,3,936.48
U01912,3,3,848.63
U01918,3,3,2449.88
U01920,3,3,1932.46
U01921,3,3,807.44
U01930,3,3,566.69
U01939,3,3,451.04
U01943,3,3,942.35
U01946,3,3,387.50
U01952,3,3,725.06
U01960,3,3,1526.31
U01961,3,3,415.00
U01963,3,3,914.62
U01970,3,3,1058.85
U01972,3,3,689.49
U01976,3,3,1265.89
U01977,3,3,1386.90
U01982,3,3,640.98
U01985,3,3,1386.91
U01986,3,3,663.03
U01990,3,3,634.55
U01997,3,3,1165.93
U02001,3,3,3339.75
U02014,3,3,1693.22
U02019,3,3,797.57
U02021,3,3,1177.07
U02025,3,3,2105.08
U02026,3,3,933.66
U02030,3,3,1983.01
U02031,3,3,524.56
U02032,3,3,2261.93
U02033,3,3,754.45
U02045,3,3,1270.86
U02046,3,3,415.88
U02052,3,3,396.69
U02063,3,3,840.66
U02066,3,3,1747.22
U02068,3,3,551.39
U02069,3,3,972.51
U02071,3,3,526.68
U02072,3,3,767.35
U02075,3,3,1011.03
U02088,3,3,996.07
U02106,3,3,681.46
U02114,3,3,657.26
U02116,3,3,1259.36
U02120,3,3,585.36
U02136,3,3,444.87
U02139,3,3,451.96
U02144,3,3,643.91
U02154,3,3,885.29
U02159,3,3,976.46
U02161,3,3,381.45
U02162,3,3,762.07
U02167,3,3,539.37
U02169,3,3,696.60
U02172,3,3,797.34
U02186,3,3,573.43
U02189,3,3,549.06
U02192,3,3,761.24
U02195,3,3,232.72
U02196,3,3,644.74
U02204,3,3,746.78
U02209,3,3,904.46
U02211,3,3,547.55
U02214,3,3,796.48
U02215,3,3,3165.16
U02216,3,3,547.78
U02225,3,3,1572.10
U02228,3,3,318.44
U02229,3,3,1434.00
U02231,3,3,1301.23
U02237,3,3,605.51
U02239,3,3,594.57
U02243,3,3,2774.23
U02246,3,3,703.46
U02247,3,3,961.40
U02251,3,3,777.92
U02253,3,3,940.44
U02254,3,3,1103.52
U02266,3,3,465.74
U02277,3,3,1004.33
U02287,3,3,692.41
U02291,3,3,484.31
U02294,3,3,1027.00
U02310,3,3,328.13
U02311,3,3,1107.50
U02312,3,3,949.63
U02318,3,3,928.70
U02324,3,3,192.54
U02327,3,3,816.79
U02338,3,3,488.79
U02342,3,3,1169.30
U02344,3,3,1010.51
U02345,3,3,568.68
U02347,3,3,783.22
U02349,3,3,485.99
U02350,3,3,1217.16
U02351,3,3,433.27
U02354,3,3,2156.06
U02355,3,3,426.99
U02360,3,3,894.58
U02362,3,3,3296.69
U02365,3,3,538.17
U02368,3,3,602.40
U02405,3,3,1178.25
U02410,3,3,1049.95
U02419,3,3,674.27
U02422,3,3,721.93
U02426,3,3,558.11
U02454,3,3,572.06
U02460,3,3,294.91
U02469,3,3,759.58
U02472,3,3,1882.68
U02478,3,3,793.90
U02484,3,3,1111.53
U02487,3,3,453.77
U02501,3,3,1002.44
U02506,3,3,582.41
U02510,3,3,1115.63
U02517,3,3,990.33
U02531,3,3,779.97
U02535,3,3,584.79
U02547,3,3,715.06
U02556,3,3,691.92
U02558,3,3,201.76
U02565,3,3,1112.94
U02568,3,3,720.75
U02569,3,3,305.14
U02578,3,3,295.12
U02581,3,3,928.83
U02587,3,3,440.72
U02590,3,3,1019.28
U02592,3,3,336.14
U02594,3,3,471.55
U02598,3,3,1386.66
U02603,3,3,519.03
U02604,3,3,539.87
U02607,3,3,485.00
U02609,3,3,1355.51
U02610,3,3,479.73
U02614,3,3,1171.12
U02615,3,3,631.33
U02617,3,3,1253.05
U02621,3,3,700.80
U02628,3,3,1117.53
U02632,3,3,662.60
U02635,3,3,976.29
U02636,3,3,477.05
U02637,3,3,568.68
U02640,3,3,528.18
U02641,3,3,372.83
U02651,3,3,842.67
U02652,3,3,421.16
U02655,3,3,675.71
U02667,3,3,817.46
U02674,3,3,1356.83
U02681,3,3,931.95
U02683,3,3,642.66
U02685,3,3,590.54
U02686,3,3,504.95
U02691,3,3,759.74
U02697,3,3,999.89
U02702,3,3,479.20
U02705,3,3,722.75
U02709,3,3,271.22
U02717,3,3,750.16
U02731,3,3,1729.90
U02737,3,3,876.51
U02743,3,3,822.66
U02748,3,3,844.26
U02750,3,3,795.86
U02751,3,3,1336.64
U02783,3,3,1318.61
U02789,3,3,733.87
U02790,3,3,534.35
U02791,3,3,641.13
U02792,3,3,2602.36
U02798,3,3,243.19
U02800,3,3,842.31
U02803,3,3,459.16
U02811,3,3,1015.52
U02812,3,3,777.16
U02818,3,3,869.36
U02821,3,3,335.81
U02824,3,3,836.74
U02825,3,3,2184.89
U02828,3,3,2217.22
U02832,3,3,1592.33
U02836,3,3,855.93
U02837,3,3,270.95
U02842,3,3,534.98
U02847,3,3,507.78
U02854,3,3,245.12
U02856,3,3,386.25
U02857,3,3,1021.43
U02864,3,3,779.73
U02866,3,3,933.49
U02867,3,3,724.78
U02869,3,3,699.12
U02870,3,3,171.67
U02876,3,3,358.59
U02879,3,3,1337.55
U02880,3,3,695.00
U02882,3,3,814.97
U02886,3,3,1527.12
U02887,3,3,964.47
U02893,3,3,434.86
U02895,3,3,1612.97
U02902,3,3,951.36
U02903,3,3,562.18
U02906,3,3,953.71
U02909,3,3,518.94
U02914,3,3,872.96
U02916,3,3,289.75
U02917,3,3,807.14
U02918,3,3,2654.21
U02922,3,3,1078.43
U02924,3,3,650.98
U02925,3,3,743.56
U02931,3,3,1188.66
U02933,3,3,1213.41
U02934,3,3,1073.64
U02942,3,3,1652.36
U02947,3,3,330.92
U02952,3,3,463.37
U02956,3,3,303.40
U02961,3,3,326.48
U02967,3,3,522.16
U02971,3,3,588.43
U02974,3,3,328.68
U02979,3,3,2012.46
U02987,3,3,601.55
U02989,3,3,1051.87
U02990,3,3,987.69
U02994,3,3,605.24
U02995,3,3,601.61
U03000,3,3,1116.71
U03004,3,3,825.44
U03010,3,3,1117.68
U03011,3,3,555.53
U03014,3,3,800.04
U03015,3,3,495.57
U03021,3,3,282.00
U03024,3,3,718.82
U03029,3,3,713.53
U03030,3,3,338.58
U03033,3,3,803.08
U03040,3,3,427.43
U03042,3,3,843.06
U03045,3,3,1634.21
U03049,3,3,326.84
U03060,3,3,372.01
U03077,3,3,454.36
U03091,3,3,3171.15
U03095,3,3,847.91
U03096,3,3,586.47
U03099,3,3,531.70
U03103,3,3,662.85
U03108,3,3,1811.86
U03111,3,3,782.49
U03116,3,3,888.58
U03126,3,3,1021.39
U03127,3,3,576.19
U03128,3,3,963.83
U03130,3,3,627.04
U03132,3,3,1121.05
U03136,3,3,762.17
U03144,3,3,304.70
U03150,3,3,1483.94
U03151,3,3,1205.19
U03154,3,3,1094.09
U03170,3,3,763.41
U03173,3,3,528.74
U03185,3,3,652.08
U03193,3,3,1052.92
U03195,3,3,988.53
U03197,3,3,410.35
U03207,3,3,662.87
U03218,3,3,580.89
U03223,3,3,906.46
U03234,3,3,528.49
U03238,3,3,287.44
U03240,3,3,922.87
U03246,3,3,518.92
U03259,3,3,750.14
U03268,3,3,236.28
U03275,3,3,880.02
U03279,3,3,3899.96
U03282,3,3,629.83
U03291,3,3,1100.24
U03292,3,3,597.55
U03293,3,3,666.37
U03296,3,3,1161.39
U03297,3,3,886.81
U03322,3,3,352.60
U03323,3,3,989.94
U03324,3,3,244.62
U03325,3,3,1441.25
U03327,3,3,406.91
U03328,3,3,1030.05
U03330,3,3,294.50
U03337,3,3,1823.24
U03347,3,3,313.40
U03348,3,3,451.15
U03354,3,3,421.64
U03356,3,3,1269.39
U03365,3,3,689.75
U03371,3,3,1168.37
U03373,3,3,1524.30
U03377,3,3,260.14
U03379,3,3,425.11
U03380,3,3,683.99
U03384,3,3,250.29
U03387,3,3,840.47
U03389,3,3,688.05
U03390,3,3,818.82
U03394,3,3,613.46
U03395,3,3,548.56
U03406,3,3,599.12
U03409,3,3,535.05
U03414,3,3,527.38
U03418,3,3,2574.14
U03419,3,3,838.11
U03423,3,3,1338.08
U03424,3,3,1027.03
U03428,3,3,974.10
U03429,3,3,1022.78
U03430,3,3,611.03
U03432,3,3,720.23
U03435,3,3,1347.99
U03442,3,3,1601.50
U03444,3,3,618.22
U03451,3,3,447.90
U03452,3,3,641.77
U03464,3,3,873.19
U03467,3,3,465.72
U03475,3,3,1387.07
U03476,3,3,638.52
U03478,3,3,1571.44
U03481,3,3,1019.83
U03483,3,3,642.72
U03498,3,3,569.90
U03502,3,3,1443.97
U03506,3,3,705.24
U03518,3,3,475.56
U03530,3,3,889.96
U03531,3,3,139.30
U03534,3,3,961.19
U03538,3,3,240.33
U03541,3,3,470.82
U03545,3,3,476.86
U03555,3,3,1806.64
U03556,3,3,472.09
U03558,3,3,446.69
U03562,3,3,862.21
U03566,3,3,1167.12
U03570,3,3,1015.33
U03573,3,3,811.29
U03578,3,3,628.76
U03583,3,3,992.59
U03591,3,3,627.01
U03593,3,3,754.66
U03596,3,3,195.83
U03597,3,3,386.53
U03599,3,3,402.64
U03602,3,3,510.13
U03603,3,3,594.40
U03605,3,3,486.33
U03606,3,3,373.73
U03611,3,3,1073.57
U03612,3,3,815.93
U03619,3,3,794.22
U03620,3,3,886.02
U03621,3,3,1020.56
U03622,3,3,1428.63
U03623,3,3,1179.45
U03624,3,3,1037.45
U03633,3,3,499.82
U03634,3,3,1102.94
U03636,3,3,889.25
U03642,3,3,1113.72
U03643,3,3,256.57
U03652,3,3,1158.75
U03657,3,3,1585.88
U03670,3,3,597.66
U03674,3,3,631.98
U03688,3,3,564.08
U03696,3,3,581.78
U03706,3,3,1385.67
U03714,3,3,1316.16
U03716,3,3,729.85
U03726,3,3,451.78
U03738,3,3,891.81
U03741,3,3,1136.92
U03743,3,3,1075.34
U03746,3,3,1627.06
U03748,3,3,497.93
U03755,3,3,1502.51
U03762,3,3,1390.47
U03763,3,3,1099.53
U03765,3,3,859.75
U03771,3,3,518.67
U03774,3,3,314.26
U03790,3,3,680.90
U03798,3,3,1036.71
U03804,3,3,1419.55
U03812,3,3,195.24
U03816,3,3,820.98
U03819,3,3,843.78
U03821,3,3,1854.12
U03822,3,3,477.45
U03830,3,3,491.81
U03832,3,3,518.31
U03833,3,3,258.83
U03838,3,3,942.34
U03839,3,3,1195.73
U03845,3,3,2550.43
U03846,3,3,1693.95
U03850,3,3,980.04
U03854,3,3,799.99
U03867,3,3,437.87
U03868,3,3,1351.56
U03869,3,3,423.47
U03870,3,3,510.80
U03873,3,3,606.88
U03874,3,3,345.39
U03879,3,3,1294.76
U03882,3,3,1823.01
U03884,3,3,433.37
U03888,3,3,418.39
U03897,3,3,2432.23
U03902,3,3,546.26
U03905,3,3,1064.37
U03908,3,3,605.46
U03910,3,3,792.90
U03914,3,3,1910.11
U03915,3,3,357.32
U03916,3,3,1056.24
U03919,3,3,1067.43
U03923,3,3,525.97
U03926,3,3,648.62
U03939,3,3,993.24
U03940,3,3,688.03
U03945,3,3,746.93
U03948,3,3,575.32
U03952,3,3,628.34
U03956,3,3,630.70
U03957,3,3,449.51
U03959,3,3,799.02
U03960,3,3,532.24
U03963,3,3,595.05
U03966,3,3,1351.82
U03985,3,3,712.53
U03989,3,3,1033.17
U03990,3,3,296.41
U04003,3,3,592.82
U04006,3,3,827.02
U04014,3,3,926.61
U04022,3,3,788.55
U04025,3,3,981.13
U04031,3,3,316.20
U04036,3,3,883.86
U04040,3,3,1061.59
U04047,3,3,589.25
U04049,3,3,936.66
U04052,3,3,821.80
U04054,3,3,778.53
U04056,3,3,421.57
U04065,3,3,685.92
U04073,3,3,149.04
U04076,3,3,523.98
U04077,3,3,507.86
U04078,3,3,883.81
U04086,3,3,427.88
U04087,3,3,1259.42
U04088,3,3,1431.90
U04089,3,3,594.88
U04090,3,3,695.11
U04094,3,3,1543.20
U04101,3,3,940.17
U04105,3,3,1025.18
U04106,3,3,1897.90
U04108,3,3,560.74
U04111,3,3,416.46
U04121,3,3,839.90
U04122,3,3,1404.79
U04139,3,3,1349.35
U04143,3,3,1410.81
U04150,3,3,929.68
U04152,3,3,898.24
U04153,3,3,702.97
U04161,3,3,1288.96
U04163,3,3,720.60
U04164,3,3,755.33
U04172,3,3,542.40
U04173,3,3,1214.44
U04177,3,3,355.82
U04191,3,3,811.95
U04193,3,3,409.84
U04198,3,3,411.55
U04202,3,3,563.07
U04206,3,3,839.90
U04212,3,3,1033.93
U04215,3,3,399.23
U04219,3,3,567.03
U04221,3,3,345.13
U04222,3,3,829.76
U04225,3,3,493.86
U04228,3,3,998.47
U04230,3,3,582.85
U04233,3,3,288.24
U04235,3,3,649.65
U04237,3,3,391.80
U04240,3,3,1060.45
U04242,3,3,424.96
U04244,3,3,1084.57
U04247,3,3,3170.26
U04250,3,3,642.95
U04254,3,3,306.20
U04256,3,3,773.12
U04257,3,3,1189.38
U04291,3,3,1999.29
U04305,3,3,596.07
U04312,3,3,525.84
U04315,3,3,850.79
U04331,3,3,1237.41
U04332,3,3,767.79
U04334,3,3,686.42
U04335,3,3,523.69
U04337,3,3,685.35
U04343,3,3,1029.13
U04347,3,3,655.36
U04355,3,3,492.93
U04360,3,3,476.24
U04365,3,3,1022.55
U04376,3,3,592.87
U04382,3,3,1443.76
U04385,3,3,877.03
U04387,3,3,372.61
U04389,3,3,988.72
U04391,3,3,1925.56
U04394,3,3,1896.25
U04397,3,3,1476.29
U04402,3,3,973.26
U04410,3,3,1225.14
U04418,3,3,880.68
U04422,3,3,337.97
U04444,3,3,659.45
U04455,3,3,663.10
U04461,3,3,461.89
U04462,3,3,677.96
U04463,3,3,1568.18
U04468,3,3,278.99
U04483,3,3,402.19
U04491,3,3,267.83
U04495,3,3,699.14
U04496,3,3,628.56
U04499,3,3,959.90
U04502,3,3,522.20
U04504,3,3,715.68
U04513,3,3,1141.26
U04516,3,3,968.30
U04519,3,3,1382.91
U04522,3,3,1388.97
U04530,3,3,863.74
U04535,3,3,687.35
U04537,3,3,668.45
U04540,3,3,2521.80
U04544,3,3,1077.15
U04552,3,3,1118.44
U04553,3,3,540.87
U04563,3,3,820.16
U04567,3,3,615.44
U04572,3,3,448.85
U04573,3,3,347.39
U04575,3,3,593.01
U04580,3,3,369.24
U04585,3,3,441.34
U04588,3,3,323.00
U04592,3,3,575.07
U04595,3,3,1320.55
U04597,3,3,387.71
U04601,3,3,729.64
U04602,3,3,343.27
U04608,3,3,640.74
U04610,3,3,765.98
U04614,3,3,1400.93
U04621,3,3,347.73
U04625,3,3,391.38
U04627,3,3,1159.95
U04629,3,3,318.75
U04630,3,3,199.88
U04631,3,3,730.31
U04634,3,3,482.33
U04635,3,3,650.65
U04643,3,3,566.46
U04644,3,3,593.90
U04645,3,3,383.88
U04650,3,3,572.36
U04656,3,3,413.82
U04657,3,3,988.74
U04659,3,3,194.61
U04660,3,3,329.67
U04668,3,3,381.44
U04669,3,3,1335.45
U04676,3,3,438.96
U04678,3,3,898.41
U04683,3,3,693.77
U04685,3,3,300.92
U04691,3,3,393.11
U04697,3,3,1135.03
U04705,3,3,1161.74
U04716,3,3,2160.64
U04717,3,3,1549.20
U04723,3,3,1052.00
U04737,3,3,1378.78
U04739,3,3,489.24
U04742,3,3,545.26
U04743,3,3,373.30
U04748,3,3,2264.48
U04767,3,3,271.91
U04770,3,3,450.72
U04775,3,3,927.74
U04780,3,3,545.69
U04782,3,3,856.50
U04783,3,3,1139.11
U04784,3,3,314.14
U04786,3,3,1780.23
U04788,3,3,965.59
U04791,3,3,1344.99
U04797,3,3,1524.36
U04802,3,3,471.95
U04804,3,3,773.37
U04810,3,3,1159.51
U04811,3,3,814.16
U04813,3,3,1626.68
U04816,3,3,1237.18
U04819,3,3,2153.17
U04826,3,3,854.63
U04827,3,3,569.65
U04850,3,3,672.51
U04852,3,3,922.19
U04857,3,3,459.89
U04870,3,3,379.47
U04873,3,3,1419.19
U04877,3,3,646.55
U04878,3,3,358.96
U04885,3,3,729.90
U04886,3,3,1168.66
U04887,3,3,682.99
U04891,3,3,1786.96
U04896,3,3,733.62
U04898,3,3,739.34
U04904,3,3,751.77
U04910,3,3,795.67
U04914,3,3,429.01
U04919,3,3,834.09
U04923,3,3,1225.73
U04924,3,3,933.63
U04927,3,3,3513.78
U04928,3,3,1797.32
U04932,3,3,444.93
U04933,3,3,524.27
U04935,3,3,745.87
U04938,3,3,898.90
U04939,3,3,965.89
U04942,3,3,563.60
U04943,3,3,508.59
U04944,3,3,577.21
U04945,3,3,379.47
U04948,3,3,472.01
U04954,3,3,607.52
U04956,3,3,809.66
U04959,3,3,504.63
U04968,3,3,1423.73
U04970,3,3,2030.15
U04975,3,3,1135.66
U04976,3,3,563.42
U04979,3,3,1406.37
U04981,3,3,557.75
U04986,3,3,612.65
U04987,3,3,936.17
U03168,2,2,1134.76
U02437,2,2,818.26
U03537,2,2,1205.59
U00014,2,2,227.14
U02431,2,2,638.81
U02430,2,2,1371.32
U04192,2,2,1094.68
U00091,2,2,254.13
U04194,2,2,214.27
U01377,2,2,597.89
U01373,2,2,474.41
U00257,2,2,357.14
U01372,2,2,398.86
U01370,2,2,197.73
U04815,2,2,341.03
U04203,2,2,648.74
U01368,2,2,269.33
U01365,2,2,630.21
U04990,2,2,284.46
U04208,2,2,358.95
U04209,2,2,337.31
U01349,2,2,280.40
U04211,2,2,658.88
U01344,2,2,403.78
U01343,2,2,1063.31
U01336,2,2,187.54
U00090,2,2,270.11
U04220,2,2,322.06
U04821,2,2,384.71
U01330,2,2,341.49
U00256,2,2,254.89
U04226,2,2,454.49
U01328,2,2,360.53
U04823,2,2,448.53
U01322,2,2,353.64
U04825,2,2,675.31
U04234,2,2,1454.34
U00089,2,2,535.49
U04238,2,2,1174.14
U01315,2,2,672.74
U04829,2,2,874.68
U04245,2,2,1828.21
U01303,2,2,451.56
U00250,2,2,313.16
U01298,2,2,502.23
U04832,2,2,262.16
U01297,2,2,361.21
U04252,2,2,749.93
U04833,2,2,515.16
U01296,2,2,455.87
U04834,2,2,415.19
U01295,2,2,796.71
U04259,2,2,491.72
U01291,2,2,262.21
U01279,2,2,392.66
U01278,2,2,607.09
U04264,2,2,353.63
U01269,2,2,772.87
U01259,2,2,208.00
U04269,2,2,819.50
U01258,2,2,492.27
U04272,2,2,440.82
U04274,2,2,546.17
U04276,2,2,300.72
U01254,2,2,150.60
U04280,2,2,124.90
U01251,2,2,399.60
U01246,2,2,440.98
U01234,2,2,1082.24
U04836,2,2,484.35
U04292,2,2,461.26
U01219,2,2,489.34
U04297,2,2,479.67
U01212,2,2,304.03
U01211,2,2,88.91
U01210,2,2,346.42
U04301,2,2,161.14
U04302,2,2,620.90
U04304,2,2,286.20
U00245,2,2,551.70
U01209,2,2,555.31
U01195,2,2,885.59
U04308,2,2,288.25
U01192,2,2,224.21
U01191,2,2,382.65
U01189,2,2,455.68
U04838,2,2,482.93
U04839,2,2,477.20
U01179,2,2,710.37
U01178,2,2,849.89
U01170,2,2,738.95
U04320,2,2,434.29
U04321,2,2,425.95
U01168,2,2,206.26
U04325,2,2,481.72
U04326,2,2,495.91
U01160,2,2,502.74
U01157,2,2,368.15
U01153,2,2,308.51
U00243,2,2,304.43
U04841,2,2,106.28
U04843,2,2,62.05
U04844,2,2,688.65
U01150,2,2,777.59
U04339,2,2,265.84
U01148,2,2,196.83
U01146,2,2,868.31
U01140,2,2,336.55
U04345,2,2,113.19
U04346,2,2,363.20
U04351,2,2,514.45
U01132,2,2,472.75
U01128,2,2,456.78
U00236,2,2,655.66
U04357,2,2,188.54
U04358,2,2,474.32
U01112,3,2,499.84
U01096,2,2,664.02
U00233,2,2,542.06
U01089,2,2,802.54
U01073,2,2,199.16
U01071,2,2,529.43
U01048,2,2,381.46
U01038,2,2,317.47
U01036,2,2,702.33
U00088,2,2,570.69
U04377,2,2,201.05
U01026,2,2,543.87
U01025,2,2,447.18
U04380,2,2,1165.52
U04381,2,2,503.38
U01014,2,2,292.43
U00040,2,2,415.80
U04386,2,2,800.48
U00225,2,2,267.99
U04388,2,2,296.78
U00221,2,2,507.90
U04390,2,2,686.82
U04855,2,2,244.66
U04392,2,2,315.40
U01012,2,2,263.78
U01008,2,2,569.30
U04398,2,2,311.18
U01002,2,2,469.56
U04858,2,2,551.03
U04403,2,2,720.15
U01001,2,2,587.90
U04407,2,2,811.16
U00210,2,2,1140.72
U00977,2,2,1067.59
U00976,2,2,61.58
U00974,2,2,141.62
U04417,2,2,1162.79
U04419,2,2,638.39
U00965,2,2,214.51
U04421,2,2,402.58
U00188,2,2,910.65
U00962,2,2,415.09
U00960,2,2,279.27
U00955,2,2,542.62
U04427,2,2,1294.92
U00951,2,2,559.74
U04430,2,2,414.97
U00949,2,2,235.42
U04432,2,2,918.29
U00938,2,2,755.20
U04437,2,2,205.63
U00932,2,2,976.73
U00930,2,2,903.79
U04440,2,2,709.67
U00928,2,2,1114.08
U04443,2,2,371.39
U04863,2,2,781.08
U00922,2,2,634.55
U00921,2,2,312.97
U00919,2,2,417.91
U04450,2,2,518.24
U00912,2,2,570.98
U00900,2,2,843.01
U00181,2,2,635.59
U00887,2,2,894.77
U04458,2,2,445.88
U00172,2,2,614.60
U04465,2,2,287.83
U00878,2,2,637.67
U00874,2,2,389.63
U00866,2,2,501.91
U00862,2,2,208.70
U00859,2,2,242.83
U04472,2,2,218.81
U04475,2,2,517.88
U04478,2,2,591.57
U00842,2,2,136.48
U00841,2,2,588.96
U04481,2,2,528.66
U04485,2,2,551.36
U04486,2,2,428.05
U04488,2,2,964.35
U04489,2,2,319.82
U00811,2,2,879.51
U00808,2,2,249.34
U00166,2,2,881.53
U00165,2,2,1134.16
U00806,2,2,286.52
U04962,2,2,396.94
U04500,2,2,725.80
U04501,2,2,635.56
U00799,2,2,478.67
U00797,2,2,297.38
U00794,2,2,1211.43
U00792,2,2,185.42
U00791,2,2,712.01
U04964,2,2,822.35
U04517,2,2,518.04
U04518,2,2,313.72
U04520,2,2,257.63
U04521,2,2,1112.17
U00777,2,2,1012.24
U04525,2,2,737.68
U04526,2,2,526.09
U00773,2,2,1374.53
U04528,2,2,1040.61
U00159,2,2,660.80
U00769,2,2,2575.93
U00768,2,2,502.66
U00760,2,2,358.69
U04881,2,2,373.27
U04538,2,2,452.47
U00756,2,2,842.27
U00751,2,2,899.16
U04542,2,2,417.56
U00155,2,2,557.46
U00744,2,2,280.52
U00742,2,2,174.77
U00737,2,2,946.88
U00733,2,2,610.42
U00083,2,2,300.78
U04554,2,2,317.11
U00714,2,2,324.43
U04557,2,2,623.57
U00713,2,2,647.96
U00708,2,2,1173.65
U00706,2,2,256.38
U04562,2,2,453.67
U03089,2,2,197.98
U04565,2,2,623.35
U03088,2,2,355.53
U03087,2,2,244.60
U04888,2,2,902.45
U03086,2,2,898.90
U03105,2,2,554.73
U03084,2,2,512.97
U03109,2,2,414.62
U03080,2,2,1252.71
U00696,2,2,387.10
U03078,2,2,466.77
U03070,2,2,393.19
U03115,2,2,530.98
U03068,2,2,247.90
U03119,2,2,999.88
U03120,2,2,221.03
U03063,2,2,671.84
U03125,2,2,210.62
U00142,2,2,308.21
U03129,2,2,501.96
U03051,2,2,593.83
U00079,2,2,425.89
U03038,2,2,1670.67
U03037,2,2,129.25
U03035,2,2,716.23
U03034,2,2,975.46
U03031,2,2,619.91
U03142,2,2,581.45
U03143,2,2,828.02
U03146,2,2,383.75
U03027,2,2,617.79
U03148,2,2,515.51
U03019,2,2,441.26
U03017,2,2,345.25
U03016,2,2,695.74
U04892,2,2,401.44
U03156,2,2,2454.68
U03158,2,2,496.28
U03160,2,2,687.99
U03162,2,2,666.48
U03008,2,2,306.96
U03164,2,2,1082.91
U02997,2,2,680.60
U02996,2,2,186.50
U02993,2,2,306.56
U00657,2,2,106.13
U03175,2,2,1353.64
U02986,2,2,1087.86
U02977,2,2,517.28
U03179,2,2,672.07
U02975,2,2,621.01
U02972,2,2,567.76
U02963,2,2,652.22
U03183,2,2,1622.78
U02957,2,2,734.05
U02955,2,2,177.55
U03189,2,2,587.22
U02953,2,2,372.76
U03191,2,2,341.34
U03192,2,2,331.28
U00635,2,2,352.96
U02932,2,2,465.78
U02929,2,2,327.29
U03202,2,2,3370.57
U02927,2,2,794.93
U02926,2,2,537.62
U02923,2,2,281.33
U02921,2,2,684.31
U03210,2,2,332.43
U02919,2,2,837.49
U03214,2,2,481.91
U02913,2,2,281.77
U02911,2,2,437.21
U00136,2,2,358.44
U02910,2,2,170.94
U03221,2,2,827.38
U03222,2,2,273.99
U02905,2,2,570.20
U02904,2,2,315.07
U03227,2,2,2522.80
U02901,2,2,419.98
U00628,2,2,229.52
U03235,2,2,344.84
U03236,2,2,512.12
U03237,2,2,177.46
U04895,2,2,362.70
U00627,2,2,353.07
U03241,2,2,799.14
U02892,2,2,115.11
U03244,2,2,1354.70
U02891,2,2,509.42
U03247,2,2,354.37
U03248,2,2,130.94
U03250,2,2,185.54
U02888,2,2,418.40
U03257,2,2,296.08
U00031,2,2,236.99
U02861,2,2,578.21
U03262,2,2,2959.78
U03263,2,2,669.20
U02855,2,2,708.65
U02844,2,2,1875.31
U04596,2,2,924.44
U03269,2,2,171.55
U03271,2,2,1029.89
U03272,2,2,171.26
U02834,2,2,654.62
U02815,2,2,374.82
U03281,2,2,344.70
U04599,2,2,459.70
U03283,2,2,371.38
U02804,2,2,182.18
U00620,2,2,405.44
U04971,2,2,406.34
U00134,2,2,313.86
U03294,2,2,777.23
U03295,2,2,468.14
U02797,2,2,491.81
U02786,2,2,152.58
U03302,2,2,700.81
U02785,2,2,564.20
U02780,2,2,300.60
U03306,2,2,1201.21
U03307,2,2,306.85
U03308,2,2,1232.59
U03309,2,2,584.84
U02779,2,2,347.56
U02778,2,2,1824.05
U02776,2,2,232.59
U02773,2,2,692.83
U02771,2,2,768.67
U02770,2,2,1750.22
U02769,2,2,1294.45
U00132,2,2,649.23
U04609,2,2,1356.51
U02768,2,2,566.24
U00606,2,2,590.06
U02767,2,2,1211.13
U00599,2,2,504.98
U02765,2,2,252.97
U03332,2,2,206.90
U03333,2,2,619.64
U03334,2,2,240.20
U02763,2,2,291.20
U03336,2,2,294.16
U04613,2,2,703.30
U02761,2,2,738.67
U02760,2,2,302.74
U03341,2,2,527.32
U02749,2,2,209.12
U02745,2,2,340.12
U03344,2,2,247.32
U03345,2,2,213.05
U02742,2,2,541.29
U04615,2,2,280.74
U03351,2,2,345.65
U03352,2,2,1078.16
U03353,2,2,197.65
U04617,2,2,3104.71
U02730,2,2,581.42
U02725,2,2,268.21
U02714,2,2,331.87
U03361,2,2,381.85
U02696,2,2,796.40
U03368,2,2,382.30
U02689,2,2,1354.51
U00579,2,2,614.14
U02679,2,2,387.87
U04620,2,2,509.95
U03375,2,2,621.54
U02678,2,2,514.68
U00078,2,2,338.66
U00578,2,2,2000.09
U03381,2,2,192.61
U02664,2,2,407.61
U02663,2,2,528.30
U03385,2,2,449.52
U02661,2,2,466.74
U04905,2,2,321.14
U03388,2,2,674.62
U00129,2,2,527.64
U00567,2,2,659.86
U03396,2,2,281.78
U03397,2,2,303.33
U02647,2,2,351.26
U03401,2,2,762.82
U02646,2,2,615.54
U02642,2,2,1476.79
U03404,2,2,695.82
U02634,2,2,269.82
U04908,2,2,283.25
U03408,2,2,464.41
U00127,2,2,260.77
U03410,2,2,425.98
U03412,2,2,466.78
U02626,2,2,684.89
U03415,2,2,299.09
U03416,2,2,1444.32
U02625,2,2,199.14
U00563,2,2,637.19
U02624,2,2,350.36
U03422,2,2,99.37
U04911,2,2,524.94
U02622,2,2,860.09
U02620,2,2,549.07
U03427,2,2,464.45
U00562,2,2,354.73
U00560,2,2,715.87
U00555,2,2,175.07
U02605,2,2,1191.10
U03434,2,2,780.94
U02600,2,2,531.53
U02593,2,2,284.34
U02588,2,2,691.38
U00126,2,2,240.89
U02577,2,2,402.09
U02574,2,2,452.51
U03450,2,2,356.32
U04913,2,2,515.48
U04974,2,2,533.25
U02571,2,2,361.29
U02567,2,2,955.94
U03455,2,2,690.57
U03458,2,2,1189.04
U03459,2,2,410.09
U03460,2,2,433.81
U02564,2,2,663.80
U02563,2,2,358.00
U04646,2,2,255.27
U03465,2,2,1013.78
U00548,2,2,657.87
U02546,2,2,328.71
U02543,2,2,544.31
U02540,2,2,626.66
U02528,2,2,456.61
U03474,2,2,466.51
U00535,2,2,340.42
U03477,2,2,832.77
U04915,2,2,482.89
U02527,2,2,403.87
U03480,2,2,446.91
U02526,2,2,315.88
U00529,2,2,450.53
U02519,2,2,398.84
U03488,2,2,421.81
U02497,2,2,409.09
U02491,2,2,549.38
U02489,2,2,697.39
U02486,2,2,866.76
U03503,2,2,265.69
U02485,2,2,759.56
U03505,2,2,265.42
U03507,2,2,541.83
U03509,2,2,843.73
U02482,2,2,1181.90
U03512,2,2,493.86
U02467,2,2,334.48
U03516,2,2,539.39
U02466,2,2,245.63
U00124,2,2,763.95
U02465,2,2,633.73
U02462,2,2,435.34
U02459,2,2,393.75
U02455,2,2,315.88
U02453,2,2,244.48
U03526,2,2,613.89
U02451,2,2,486.40
U02450,2,2,261.29
U03529,2,2,176.39
U02442,2,2,830.15
U03543,2,2,439.46
U00519,2,2,417.39
U03546,2,2,258.49
U02420,2,2,491.48
U02408,2,2,723.45
U02404,2,2,405.35
U02398,2,2,144.45
U02395,2,2,110.35
U03554,2,2,1015.70
U04663,2,2,784.92
U03557,2,2,1053.96
U00518,2,2,361.22
U02394,2,2,380.21
U02392,2,2,1826.03
U02383,2,2,556.95
U03564,2,2,832.98
U03568,2,2,779.17
U03569,2,2,147.80
U00120,2,2,550.25
U02373,2,2,635.04
U02372,2,2,65.49
U00119,2,2,437.57
U02371,2,2,761.22
U02370,2,2,487.04
U02369,2,2,198.12
U03580,2,2,346.50
U03581,2,2,200.96
U03585,2,2,630.61
U02361,2,2,176.98
U03587,2,2,1299.38
U02356,2,2,952.50
U00505,2,2,302.42
U02341,2,2,364.35
U02340,2,2,1417.46
U02335,2,2,243.98
U02334,2,2,509.14
U04677,2,2,686.78
U03600,2,2,350.60
U02333,2,2,189.42
U00483,2,2,478.94
U00480,2,2,387.99
U02320,2,2,553.00
U02317,2,2,382.93
U02313,2,2,682.17
U04925,2,2,336.31
U03613,2,2,329.72
U02309,2,2,266.36
U02299,2,2,258.87
U00115,2,2,191.74
U00473,2,2,232.63
U04689,2,2,126.73
U03625,2,2,276.32
U03626,2,2,1546.36
U03627,2,2,688.24
U02288,2,2,556.65
U04978,2,2,510.29
U02285,2,2,743.73
U00470,2,2,357.27
U02284,2,2,369.09
U02280,2,2,482.99
U03640,2,2,941.69
U02278,2,2,891.66
U04694,2,2,843.90
U03644,2,2,465.31
U03645,2,2,223.99
U02275,2,2,370.86
U02272,2,2,518.17
U02269,2,2,726.60
U02268,2,2,636.26
U02259,2,2,474.85
U00469,2,2,803.63
U03659,2,2,319.98
U03660,2,2,795.49
U03664,2,2,457.70
U02249,2,2,560.92
U02235,2,2,584.47
U02221,2,2,390.50
U02217,2,2,665.27
U04997,2,2,112.60
U02213,2,2,1080.11
U02207,2,2,1511.15
U02206,2,2,1950.18
U03677,2,2,319.37
U02201,2,2,806.62
U03679,2,2,818.38
U03680,2,2,450.90
U02198,2,2,186.70
U03684,2,2,738.00
U02191,2,2,207.44
U03687,2,2,437.66
U03690,2,2,1169.97
U02183,2,2,767.26
U02181,2,2,540.74
U03694,2,2,529.31
U02178,2,2,383.89
U04700,2,2,291.44
U02177,2,2,170.12
U02176,2,2,451.04
U03699,2,2,591.51
U02175,2,2,541.31
U02171,2,2,293.40
U02165,2,2,259.87
U03704,2,2,166.65
U02163,2,2,305.14
U04701,2,2,365.67
U02160,2,2,1429.62
U02157,2,2,147.78
U03709,2,2,474.27
U03711,2,2,883.67
U02151,2,2,388.09
U02145,2,2,722.36
U03721,2,2,842.25
U02129,2,2,532.28
U02126,2,2,536.24
U02122,2,2,387.51
U04704,2,2,439.98
U02117,2,2,636.09
U02109,2,2,294.53
U03731,2,2,733.92
U02107,2,2,491.46
U02104,2,2,273.05
U02101,2,2,195.63
U03736,2,2,212.91
U02100,2,2,369.67
U04929,2,2,371.23
U02096,2,2,394.27
U00453,2,2,311.90
U02094,2,2,996.61
U00452,2,2,471.19
U03745,2,2,315.40
U00447,2,2,156.26
U02079,2,2,286.59
U02078,2,2,481.39
U03752,2,2,284.62
U02076,2,2,613.76
U00446,2,2,189.88
U02064,2,2,1458.21
U03757,2,2,1029.70
U03758,2,2,244.94
U03759,2,2,837.40
U02062,2,2,1088.40
U02061,2,2,526.96
U04711,2,2,458.42
U00443,2,2,562.21
U03764,2,2,729.70
U03766,2,2,565.17
U03767,2,2,828.10
U00431,2,2,289.77
U02053,2,2,1303.46
U02050,2,2,533.46
U02048,2,2,779.33
U02041,2,2,458.67
U02038,2,2,516.99
U02036,2,2,2157.18
U02035,2,2,695.85
U03781,2,2,507.82
U03782,2,2,383.58
U03784,2,2,202.34
U03785,2,2,545.32
U02028,2,2,144.80
U02027,2,2,464.67
U02023,2,2,182.55
U04930,2,2,377.78
U03791,2,2,4372.29
U02017,2,2,1152.48
U03794,2,2,565.20
U02016,2,2,593.91
U02015,2,2,594.10
U00112,2,2,267.49
U02010,2,2,519.27
U02009,2,2,424.58
U02007,2,2,425.84
U04718,2,2,699.77
U02006,2,2,939.22
U03806,2,2,679.14
U02005,2,2,740.64
U02004,2,2,221.41
U03809,2,2,707.30
U00424,2,2,471.22
U03814,2,2,267.70
U01993,2,2,269.09
U00414,2,2,217.37
U03820,2,2,334.53
U00404,2,2,1073.10
U00058,2,2,748.53
U01992,2,2,384.06
U03824,2,2,274.85
U01991,2,2,402.28
U01987,2,2,206.04
U01979,2,2,126.45
U00396,2,2,211.17
U00395,2,2,274.40
U00391,2,2,851.62
U03834,2,2,339.47
U01968,2,2,413.99
U03837,2,2,313.03
U03841,2,2,305.47
U01965,2,2,551.81
U03843,2,2,1140.98
U01958,2,2,699.90
U01957,2,2,261.89
U01955,2,2,381.13
U03849,2,2,1065.93
U04731,2,2,339.92
U03851,2,2,174.95
U03855,2,2,695.28
U01945,2,2,489.22
U01944,2,2,213.25
U01941,2,2,311.87
U01937,2,2,195.71
U01928,2,2,433.33
U01927,2,2,293.90
U04735,2,2,853.26
U00352,2,2,515.92
U01924,2,2,325.69
U03872,2,2,474.52
U03875,2,2,622.91
U01922,2,2,523.54
U01911,2,2,505.43
U00111,2,2,484.87
U01907,2,2,373.12
U01904,2,2,580.23
U04740,2,2,601.30
U01898,2,2,509.81
U03886,2,2,302.13
U01889,2,2,180.34
U03892,2,2,395.23
U01875,2,2,484.89
U01872,2,2,519.29
U00109,2,2,563.02
U03898,2,2,394.37
U01851,2,2,1343.71
U04745,2,2,457.60
U00346,2,2,292.65
U00338,2,2,185.76
U03913,2,2,691.21
U00336,2,2,451.63
U01826,2,2,307.61
U00326,2,2,302.88
U01820,2,2,435.97
U01818,2,2,272.36
U00322,2,2,390.43
U01816,2,2,461.83
U03925,2,2,277.18
U04753,2,2,1015.48
U03927,2,2,183.24
U01815,2,2,483.85
U03929,2,2,401.74
U01784,2,2,434.01
U03937,2,2,219.18
U01781,2,2,747.00
U00320,2,2,351.36
U01773,2,2,682.68
U03942,2,2,165.82
U01772,2,2,1239.23
U03946,2,2,733.84
U00310,2,2,250.74
U03949,2,2,376.17
U03951,2,2,842.92
U04759,2,2,413.80
U01759,2,2,328.37
U01754,2,2,286.07
U00305,2,2,94.13
U01751,2,2,342.01
U01750,2,2,593.48
U01746,2,2,1080.18
U00299,2,2,603.73
U01740,2,2,602.76
U01739,2,2,246.89
U01730,2,2,348.58
U01724,2,2,882.63
U03975,2,2,530.86
U01717,2,2,385.84
U01715,2,2,867.28
U01709,2,2,312.55
U01702,2,2,401.50
U01692,2,2,497.77
U01690,2,2,484.13
U00298,2,2,486.21
U01686,2,2,1014.78
U03987,2,2,510.18
U01683,2,2,237.93
U00055,2,2,634.66
U01681,2,2,307.45
U03992,2,2,1124.39
U01679,2,2,552.22
U03994,2,2,433.12
U03996,2,2,538.36
U01673,2,2,568.24
U04004,2,2,271.87
U00054,2,2,373.95
U01662,2,2,428.83
U04008,2,2,404.17
U04009,2,2,762.78
U04011,2,2,453.39
U04012,2,2,635.11
U01659,2,2,980.16
U00293,2,2,495.83
U01644,2,2,214.59
U01638,2,2,595.06
U01634,2,2,721.72
U01632,2,2,353.50
U04023,2,2,792.74
U00289,2,2,543.88
U01622,2,2,260.18
U04029,2,2,371.51
U01615,2,2,997.58
U00288,2,2,309.95
U01613,2,2,229.97
U01610,2,2,482.06
U04940,2,2,251.93
U00287,2,2,896.57
U04044,2,2,245.52
U01580,2,2,194.46
U01578,2,2,378.30
U01577,2,2,733.97
U00283,2,2,550.20
U01571,2,2,1019.16
U04051,2,2,215.34
U01569,2,2,1474.10
U00098,2,2,354.13
U04055,2,2,299.18
U04781,2,2,366.76
U01568,2,2,116.16
U01558,2,2,882.52
U04059,2,2,669.97
U01549,2,2,604.78
U04061,2,2,659.71
U04064,2,2,309.26
U04066,2,2,354.70
U04068,2,2,1000.35
U01543,2,2,366.85
U01541,2,2,485.55
U04072,2,2,983.20
U00006,2,2,830.03
U04074,2,2,269.31
U04075,2,2,281.70
U05000,2,2,548.76
U00279,2,2,520.88
U04988,2,2,798.58
U04079,2,2,746.07
U01536,2,2,482.70
U04081,2,2,670.69
U04082,2,2,895.11
U01534,2,2,322.86
U04789,2,2,1276.77
U00274,2,2,2534.17
U04947,2,2,576.40
U04092,2,2,291.88
U04093,2,2,1789.61
U00270,2,2,337.67
U04096,2,2,599.97
U04098,2,2,519.43
U04100,2,2,829.49
U04793,2,2,813.10
U04794,2,2,536.82
U04796,2,2,452.73
U01518,2,2,183.01
U00051,2,2,739.41
U04109,2,2,409.64
U00268,2,2,713.65
U04112,2,2,231.43
U01516,2,2,598.43
U01515,2,2,293.97
U01499,2,2,147.13
U01494,2,2,600.67
U04800,2,2,550.63
U01492,2,2,231.61
U04125,2,2,219.29
U04127,2,2,932.35
U01490,2,2,289.76
U01487,2,2,308.65
U01478,2,2,508.60
U01474,2,2,314.73
U01473,2,2,1237.48
U01472,2,2,276.24
U04801,2,2,603.48
U01471,2,2,258.01
U04141,2,2,1438.65
U00095,2,2,764.48
U04146,2,2,316.17
U04151,2,2,418.63
U00093,2,2,668.84
U01456,2,2,136.77
U04155,2,2,1022.08
U01455,2,2,310.95
U01454,2,2,485.85
U01453,2,2,258.10
U04159,2,2,228.97
U01446,2,2,349.46
U00263,2,2,713.49
U04162,2,2,429.56
U01445,2,2,762.18
U01441,2,2,352.56
U01439,2,2,428.92
U00258,2,2,236.13
U00092,2,2,467.08
U01424,2,2,1107.79
U01419,2,2,534.49
U01414,2,2,553.84
U04179,2,2,1187.02
U01412,2,2,875.24
U01405,2,2,323.11
U01396,2,2,2042.86
U01390,2,2,103.93
U04188,2,2,443.35
U01384,2,2,809.60
U04661,1,1,62.87
U02424,1,1,358.36
U00052,1,1,194.89
U03544,1,1,146.99
U04399,1,1,95.29
U01547,1,1,174.80
U01004,1,1,56.26
U04641,1,1,69.27
U00619,1,1,164.36
U03550,1,1,365.35
U02399,1,1,113.66
U01538,1,1,254.18
U03012,1,1,924.94
U00615,1,1,224.09
U00993,1,1,67.64
U04664,1,1,196.66
U03009,1,1,537.69
U00990,1,1,59.27
U00575,1,1,387.05
U00989,1,1,127.67
U02390,1,1,67.01
U00517,1,1,130.83
U00980,1,1,208.41
U00979,1,1,189.77
U02380,1,1,72.52
U04667,1,1,402.30
U02375,1,1,312.11
U03159,1,1,1507.63
U02788,1,1,122.08
U04083,1,1,137.61
U03161,1,1,231.57
U04085,1,1,363.40
U00277,1,1,1721.65
U00097,1,1,103.35
U02602,1,1,108.60
U04861,1,1,45.95
U02364,1,1,109.10
U00509,1,1,459.05
U02601,1,1,264.46
U04091,1,1,899.02
U04672,1,1,360.19
U03513,1,1,150.70
U03001,1,1,200.63
U03166,1,1,149.98
U01532,1,1,317.94
U03589,1,1,601.75
U03590,1,1,430.93
U00571,1,1,184.79
U01529,1,1,338.67
U00494,1,1,265.88
U02441,1,1,85.56
U01526,1,1,129.93
U00490,1,1,121.82
U00010,1,1,315.61
U03305,1,1,295.82
U04426,1,1,419.08
U01519,1,1,532.87
U04103,1,1,261.06
U00059,1,1,184.65
U04104,1,1,130.23
U02321,1,1,257.71
U04680,1,1,572.74
U04581,1,1,56.26
U00954,1,1,203.17
U02319,1,1,82.25
U00528,1,1,202.49
U02991,1,1,227.94
U04682,1,1,215.78
U02468,1,1,539.73
U04110,1,1,297.49
U03174,1,1,91.32
U02306,1,1,325.90
U00947,1,1,43.61
U03617,1,1,555.34
U02296,1,1,280.87
U00479,1,1,43.94
U00946,1,1,66.89
U04686,1,1,205.01
U00943,1,1,174.24
U00472,1,1,196.26
U01513,1,1,2934.71
U01506,1,1,163.00
U02584,1,1,166.65
U01495,1,1,288.16
U03628,1,1,75.90
U03629,1,1,40.43
U02293,1,1,277.05
U02292,1,1,230.89
U03176,1,1,100.49
U00471,1,1,175.73
U04120,1,1,360.53
U00267,1,1,81.61
U00549,1,1,255.13
U04123,1,1,140.85
U03638,1,1,123.02
U04626,1,1,136.33
U02579,1,1,412.28
U04126,1,1,203.51
U04693,1,1,403.83
U02777,1,1,154.73
U00927,1,1,150.65
U01489,1,1,115.75
U04130,1,1,210.22
U02274,1,1,76.05
U02656,1,1,104.62
U02271,1,1,322.35
U01484,1,1,86.34
U01479,1,1,58.71
U04695,1,1,416.67
U02267,1,1,170.81
U03314,1,1,130.49
U02256,1,1,73.46
U02255,1,1,48.26
U01475,1,1,164.02
U03658,1,1,435.71
U04445,1,1,113.94
U02775,1,1,190.82
U02252,1,1,98.59
U02250,1,1,360.31
U03184,1,1,134.55
U04583,1,1,187.02
U02242,1,1,186.08
U02958,1,1,83.90
U03392,1,1,179.08
U04142,1,1,109.68
U00909,1,1,601.95
U01464,1,1,378.03
U01463,1,1,155.36
U03673,1,1,862.86
U00465,1,1,357.72
U00906,1,1,188.08
U02202,1,1,1564.94
U01462,1,1,295.32
U01461,1,1,660.66
U04149,1,1,53.60
U00264,1,1,338.93
U02199,1,1,102.30
U02653,1,1,78.98
U03683,1,1,312.35
U03318,1,1,395.83
U04805,1,1,226.43
U00888,1,1,214.05
U00464,1,1,504.76
U02190,1,1,606.96
U04917,1,1,1211.68
U03691,1,1,133.37
U04907,1,1,351.94
U04459,1,1,809.38
U00883,1,1,122.97
U00179,1,1,154.15
U00178,1,1,156.43
U03321,1,1,81.97
U04464,1,1,302.97
U00261,1,1,226.97
U04808,1,1,92.48
U03701,1,1,135.48
U00649,1,1,234.99
U01444,1,1,336.77
U04167,1,1,122.85
U01442,1,1,228.42
U02944,1,1,92.22
U00138,1,1,16.61
U01429,1,1,57.01
U00169,1,1,201.80
U02156,1,1,326.26
U03196,1,1,297.98
U01427,1,1,206.98
U03713,1,1,201.29
U00458,1,1,728.85
U00457,1,1,196.49
U00611,1,1,58.33
U03719,1,1,183.54
U02143,1,1,444.03
U02940,1,1,237.94
U04952,1,1,522.06
U03199,1,1,180.40
U00854,1,1,390.89
U02119,1,1,139.36
U00853,1,1,60.29
U03727,1,1,376.49
U04181,1,1,165.61
U03729,1,1,144.70
U04182,1,1,324.66
U00607,1,1,189.52
U00851,1,1,353.66
U04477,1,1,316.18
U01389,1,1,173.40
U03735,1,1,70.33
U00522,1,1,828.85
U01387,1,1,80.77
U00531,1,1,297.32
U02097,1,1,434.91
U04812,1,1,64.18
U03398,1,1,648.50
U04902,1,1,77.84
U04482,1,1,323.50
U02093,1,1,215.38
U01379,1,1,687.56
U00448,1,1,175.24
U02091,1,1,72.22
U04869,1,1,123.21
U03749,1,1,91.72
U04484,1,1,210.42
U03399,1,1,482.79
U02572,1,1,120.36
U02077,1,1,219.89
U04200,1,1,363.80
U00840,1,1,789.20
U00630,1,1,588.92
U02920,1,1,146.43
U00826,1,1,600.51
U00087,1,1,67.74
U00821,1,1,76.47
U01350,1,1,691.27
U03449,1,1,538.77
U00527,1,1,221.02
U02915,1,1,191.15
U00435,1,1,113.57
U03213,1,1,722.88
U04817,1,1,186.72
U02057,1,1,385.85
U02054,1,1,178.48
U03770,1,1,989.49
U04497,1,1,116.52
U03772,1,1,97.46
U02457,1,1,210.75
U00426,1,1,202.91
U04818,1,1,587.38
U01342,1,1,86.76
U01337,1,1,54.57
U02521,1,1,139.41
U03485,1,1,182.87
U03217,1,1,373.28
U04820,1,1,204.20
U00164,1,1,109.78
U02483,1,1,163.88
U01329,1,1,126.82
U04875,1,1,108.07
U02627,1,1,178.98
U03788,1,1,348.01
U00795,1,1,246.64
U02907,1,1,130.88
U02516,1,1,977.99
U02020,1,1,319.63
U00255,1,1,487.08
U04231,1,1,252.09
U03795,1,1,348.52
U01320,1,1,85.62
U03456,1,1,138.58
U00790,1,1,65.86
U00045,1,1,126.02
U01319,1,1,239.59
U03801,1,1,738.06
U03802,1,1,237.76
U00789,1,1,31.48
U00788,1,1,830.84
U04876,1,1,640.87
U00254,1,1,30.96
U01309,1,1,727.22
U00787,1,1,231.13
U01308,1,1,45.05
U03810,1,1,81.37
U02003,1,1,106.81
U04830,1,1,153.09
U03813,1,1,271.97
U04590,1,1,464.41
U00417,1,1,145.12
U03457,1,1,306.90
U02759,1,1,108.11
U01301,1,1,83.39
U00085,1,1,269.81
U03411,1,1,92.87
U00121,1,1,135.82
U04879,1,1,176.24
U00782,1,1,604.44
U03826,1,1,904.96
U03230,1,1,677.48
U01984,1,1,148.60
U02898,1,1,312.11
U00249,1,1,705.15
U01969,1,1,387.53
U03489,1,1,504.95
U04632,1,1,333.56
U02515,1,1,2128.07
U00772,1,1,620.55
U01966,1,1,209.18
U02507,1,1,255.36
U00388,1,1,170.48
U00378,1,1,108.27
U04903,1,1,111.17
U02504,1,1,370.58
U01264,1,1,708.56
U01261,1,1,207.45
U00373,1,1,332.96
U00370,1,1,97.50
U00761,1,1,94.22
U02740,1,1,225.98
U03242,1,1,184.97
U01256,1,1,574.25
U00158,1,1,667.09
U01954,1,1,43.52
U01951,1,1,208.55
U00369,1,1,139.86
U02739,1,1,181.99
U03856,1,1,46.11
U01950,1,1,577.56
U04275,1,1,79.75
U02560,1,1,349.86
U04277,1,1,167.62
U03861,1,1,107.25
U04883,1,1,168.64
U03863,1,1,240.05
U01931,1,1,79.76
U01253,1,1,185.44
U00072,1,1,194.14
U00360,1,1,83.10
U00359,1,1,423.30
U04281,1,1,915.29
U01252,1,1,168.00
U04594,1,1,273.78
U01250,1,1,188.02
U00007,1,1,106.09
U00351,1,1,251.61
U01249,1,1,111.86
U00747,1,1,844.68
U01917,1,1,330.06
U04287,1,1,149.98
U04288,1,1,36.37
U03420,1,1,27.35
U01229,1,1,463.40
U00593,1,1,83.15
U02890,1,1,131.51
U00349,1,1,25.84
U03885,1,1,622.60
U02734,1,1,154.75
U01896,1,1,274.24
U04982,1,1,247.70
U03889,1,1,155.50
U04294,1,1,130.07
U03891,1,1,184.72
U01218,1,1,1491.55
U01887,1,1,421.20
U03894,1,1,1461.83
U01217,1,1,110.63
U00735,1,1,889.11
U04549,1,1,237.47
U03251,1,1,161.30
U03899,1,1,86.58
U01870,1,1,94.76
U00721,1,1,152.17
U04744,1,1,90.25
U01849,1,1,498.18
U03904,1,1,121.34
U02503,1,1,421.99
U03906,1,1,113.66
U01847,1,1,101.17
U00082,1,1,451.00
U01846,1,1,99.89
U02884,1,1,261.74
U01832,1,1,466.89
U01829,1,1,253.46
U00717,1,1,192.02
U00105,1,1,129.78
U02883,1,1,238.61
U00333,1,1,460.82
U03917,1,1,90.72
U03255,1,1,279.91
U02873,1,1,32.50
U01823,1,1,83.84
U03357,1,1,995.51
U02862,1,1,590.92
U00701,1,1,114.06
U02498,1,1,155.57
U01185,1,1,274.08
U01182,1,1,196.76
U00035,1,1,88.71
U04316,1,1,472.63
U04564,1,1,258.19
U01810,1,1,173.60
U01807,1,1,142.07
U03932,1,1,346.35
U01800,1,1,402.96
U01794,1,1,282.02
U01788,1,1,100.08
U03097,1,1,109.98
U02559,1,1,1349.28
U02860,1,1,950.80
U04636,1,1,338.63
U00315,1,1,98.81
U03533,1,1,85.05
U01167,1,1,284.79
U01164,1,1,401.53
U00311,1,1,339.34
U03102,1,1,203.77
U01769,1,1,163.10
U02713,1,1,529.10
U02845,1,1,64.94
U01765,1,1,399.02
U02707,1,1,713.25
U01155,1,1,834.67
U03953,1,1,211.44
U03085,1,1,353.19
U01755,1,1,31.14
U04760,1,1,106.31
U00308,1,1,336.20
U02843,1,1,173.12
U04762,1,1,77.78
U04568,1,1,112.46
U04333,1,1,175.08
U03962,1,1,122.45
U00301,1,1,175.97
U00240,1,1,131.90
U02704,1,1,390.27
U01152,1,1,495.52
U03967,1,1,86.30
U01744,1,1,439.53
U00591,1,1,39.03
U02835,1,1,305.29
U03496,1,1,289.61
U01729,1,1,311.29
U04340,1,1,175.94
U01720,1,1,316.77
U02694,1,1,271.93
U02495,1,1,229.89
U00239,1,1,872.97
U00692,1,1,375.40
U01708,1,1,1298.56
U02823,1,1,114.37
U03982,1,1,273.69
U03118,1,1,58.63
U00237,1,1,189.50
U01135,1,1,355.49
U04349,1,1,1736.88
U01133,1,1,145.24
U00135,1,1,111.89
U03276,1,1,716.98
U00297,1,1,618.97
U01131,1,1,420.56
U03065,1,1,95.27
U02541,1,1,162.44
U01116,1,1,417.09
U01677,1,1,991.34
U03057,1,1,426.51
U03053,1,1,127.49
U01671,1,1,48.03
U01668,1,1,127.57
U01666,1,1,19.39
U01665,1,1,105.08
U04002,1,1,227.50
U00294,1,1,229.09
U03278,1,1,156.93
U01663,1,1,152.10
U00235,1,1,157.25
U01110,1,1,456.44
U01104,1,1,177.94
U00688,1,1,277.58
U01661,1,1,692.91
U01091,1,1,148.82
U04889,1,1,109.59
U04366,1,1,539.17
U04598,1,1,101.72
U03280,1,1,151.20
U00686,1,1,158.12
U04017,1,1,486.49
U01636,1,1,331.51
U01057,1,1,813.88
U01051,1,1,181.16
U04021,1,1,721.66
U00292,1,1,42.80
U02687,1,1,108.64
U01627,1,1,123.68
U01046,1,1,289.65
U01624,1,1,331.65
U04638,1,1,581.20
U01620,1,1,99.44
U03041,1,1,98.52
U04653,1,1,247.13
U02814,1,1,683.40
U01614,1,1,690.39
U04576,1,1,441.68
U02808,1,1,57.06
U01595,1,1,123.14
U02807,1,1,94.06
U01590,1,1,210.44
U04038,1,1,40.24
U01588,1,1,594.57
U03139,1,1,137.84
U01587,1,1,268.96
U04042,1,1,72.91
U00230,1,1,786.89
U01020,1,1,103.89
U02805,1,1,234.53
U00284,1,1,202.46
U03141,1,1,198.43
U02616,1,1,356.38
U02801,1,1,1388.93
U00682,1,1,90.38
U00282,1,1,364.49
U03290,1,1,237.39
U02471,1,1,386.40
U02464,1,1,259.34
U00547,1,1,220.78
U00677,1,1,250.09
U00219,1,1,193.92
U01009,1,1,565.24
U00674,1,1,253.64
U04960,1,1,1040.51
U04063,1,1,89.11
U02675,1,1,142.60
