transaction_id,user_id,receiver_id,amount,timestamp,transaction_type,status
TXN00015844,U02760,M01223,9020.20,2026-06-27 09:19:00,P2M,PENDING
TXN00001490,U04970,M00848,8576.27,2026-06-05 03:06:00,P2M,SUCCESS
TXN00029521,U04970,M00876,7970.06,2026-06-05 02:45:00,P2M,SUCCESS
TXN00036410,U04970,M01012,7854.50,2026-06-05 02:52:00,P2M,SUCCESS
TXN00038041,U04970,U00728,7670.98,2026-06-05 03:13:00,P2P,SUCCESS
TXN00015731,U04970,M00039,7259.63,2026-06-05 02:59:00,P2M,SUCCESS
TXN00018852,U00953,M01089,5715.75,2026-03-16 17:44:00,P2M,SUCCESS
TXN00002896,U02347,M01067,5638.10,2026-01-20 21:52:00,P2M,SUCCESS
TXN00000210,U00680,U00771,5296.61,2026-06-01 05:04:00,P2P,SUCCESS
TXN00033321,U02209,U02089,4763.12,2026-01-17 18:27:00,P2P,SUCCESS
TXN00028553,U00002,M00397,4618.76,2026-01-13 05:49:00,P2M,SUCCESS
TXN00021621,U01370,M01334,4314.12,2026-06-10 20:32:00,P2M,SUCCESS
TXN00020127,U01649,M00154,4282.99,2026-05-22 07:54:00,P2M,SUCCESS
TXN00032821,U00134,U03791,4281.47,2026-01-27 23:05:00,P2P,SUCCESS
TXN00041671,U04628,U01339,4048.30,2026-03-13 05:56:00,P2P,SUCCESS
TXN00006892,U00965,M00930,4022.65,2026-04-10 05:48:00,P2M,SUCCESS
TXN00013226,U04462,M01152,3694.40,2026-05-01 13:11:00,P2M,SUCCESS
TXN00044415,U03422,U00094,3545.81,2026-06-18 02:48:00,P2P,FAILED
TXN00011339,U02936,U03279,3537.24,2026-06-19 21:21:00,P2P,SUCCESS
TXN00008249,U03310,M00419,3536.09,2026-05-22 22:23:00,P2M,SUCCESS
TXN00029003,U03114,M01295,3468.19,2026-03-05 02:25:00,P2M,SUCCESS
TXN00030570,U00584,M00879,3449.47,2026-03-28 15:21:00,P2M,SUCCESS
TXN00033958,U03665,M01004,3411.74,2026-02-01 22:05:00,P2M,SUCCESS
TXN00039839,U03300,M00793,3299.48,2026-01-18 02:57:00,P2M,SUCCESS
TXN00011465,U04300,M00318,3276.72,2026-05-25 18:36:00,P2M,SUCCESS
TXN00013947,U04767,M00807,3271.05,2026-03-13 01:35:00,P2M,SUCCESS
TXN00012709,U03229,M00755,3266.59,2026-03-14 21:50:00,P2M,SUCCESS
TXN00037087,U03440,M00614,3256.00,2026-06-12 16:58:00,P2M,SUCCESS
TXN00032613,U03966,M00004,3211.99,2026-04-04 23:02:00,P2M,SUCCESS
TXN00003717,U03286,U01831,3154.64,2026-05-29 08:27:00,P2P,SUCCESS
TXN00043600,U00275,U04927,3101.03,2026-03-01 22:46:00,P2P,SUCCESS
TXN00025648,U00778,M01233,3081.18,2026-06-17 13:27:00,P2M,SUCCESS
TXN00001616,U03790,M00734,3023.41,2026-01-07 16:15:00,P2M,SUCCESS
TXN00042791,U00387,U03547,3023.15,2026-05-31 00:04:00,P2P,SUCCESS
TXN00013445,U00035,U04057,3006.67,2026-02-18 18:08:00,P2P,SUCCESS
TXN00046959,U04286,U04247,2998.65,2026-02-03 11:20:00,P2P,SUCCESS
TXN00026915,U02801,U04617,2936.87,2026-03-09 05:22:00,P2P,SUCCESS
TXN00030483,U00596,U01513,2934.71,2026-05-31 04:35:00,P2P,SUCCESS
TXN00008727,U01854,U03091,2933.95,2026-04-01 18:41:00,P2P,SUCCESS
TXN00003983,U03443,U04241,2919.74,2026-04-15 19:30:00,P2P,PENDING
TXN00014913,U04653,M01207,2891.01,2026-05-24 04:01:00,P2M,FAILED
TXN00034744,U04337,M00633,2887.79,2026-03-20 07:54:00,P2M,SUCCESS
TXN00001958,U03544,M00309,2884.44,2026-05-12 22:17:00,P2M,SUCCESS
TXN00023356,U02605,M00901,2881.84,2026-01-28 03:47:00,P2M,SUCCESS
TXN00042975,U00421,M01494,2871.44,2026-02-20 18:32:00,P2M,SUCCESS
TXN00027487,U04489,M01240,2871.18,2026-02-15 06:06:00,P2M,SUCCESS
TXN00007224,U00953,M01483,2835.66,2026-02-14 15:27:00,P2M,SUCCESS
TXN00004998,U03715,M00548,2824.18,2026-05-16 04:38:00,P2M,SUCCESS
TXN00002306,U02631,M00834,2817.01,2026-01-11 00:03:00,P2M,SUCCESS
TXN00039097,U01963,U04363,2800.97,2026-04-11 05:20:00,P2P,SUCCESS
TXN00005797,U00539,M01014,2789.32,2026-05-29 03:23:00,P2M,SUCCESS
TXN00017437,U02477,M01380,2785.52,2026-01-14 14:28:00,P2M,SUCCESS
TXN00013207,U04949,U02362,2785.27,2026-04-12 11:22:00,P2P,SUCCESS
TXN00000479,U02704,M01218,2743.66,2026-01-29 15:40:00,P2M,SUCCESS
TXN00004871,U02630,M00158,2738.95,2026-03-03 17:07:00,P2M,SUCCESS
TXN00017381,U00857,M00237,2726.12,2026-06-29 21:44:00,P2M,SUCCESS
TXN00048495,U00499,M01424,2712.69,2026-06-20 00:03:00,P2M,FAILED
TXN00013170,U02760,M01179,2656.02,2026-05-27 05:31:00,P2M,SUCCESS
TXN00024178,U04173,M00631,2650.59,2026-05-12 09:45:00,P2M,SUCCESS
TXN00035969,U00849,M00782,2608.96,2026-02-02 14:10:00,P2M,SUCCESS
TXN00028516,U04106,U00966,2595.99,2026-04-15 08:35:00,P2P,SUCCESS
TXN00041087,U04117,U03936,2587.33,2026-05-13 05:13:00,P2P,SUCCESS
TXN00032415,U01629,M00623,2585.89,2026-05-10 10:41:00,P2M,SUCCESS
TXN00033076,U01435,U01572,2571.53,2026-06-29 19:16:00,P2P,SUCCESS
TXN00039108,U04112,M01288,2569.38,2026-01-01 07:32:00,P2M,SUCCESS
TXN00023190,U04978,M00683,2562.98,2026-03-18 14:00:00,P2M,SUCCESS
TXN00018364,U01760,U04046,2559.63,2026-01-02 22:22:00,P2P,SUCCESS
TXN00038358,U01000,M00135,2553.85,2026-05-22 13:42:00,P2M,SUCCESS
TXN00008166,U04332,M00023,2550.10,2026-01-10 21:59:00,P2M,SUCCESS
TXN00002522,U03283,U01186,2533.79,2026-01-09 09:50:00,P2P,SUCCESS
TXN00049429,U02427,M00004,2531.13,2026-06-24 14:53:00,P2M,PENDING
TXN00016910,U00655,M00205,2522.17,2026-05-11 00:40:00,P2M,SUCCESS
TXN00012594,U00958,U03522,2500.09,2026-05-15 15:37:00,P2P,SUCCESS
TXN00027542,U04900,U00186,2482.67,2026-06-25 05:26:00,P2P,SUCCESS
TXN00025838,U04739,M00810,2473.00,2026-03-06 09:04:00,P2M,SUCCESS
TXN00047651,U04919,M00281,2470.57,2026-04-12 22:49:00,P2M,SUCCESS
TXN00045083,U03389,U00769,2461.48,2026-06-12 11:12:00,P2P,SUCCESS
TXN00002507,U03883,U00882,2457.08,2026-06-03 20:44:00,P2P,SUCCESS
TXN00012246,U03332,M01121,2449.06,2026-05-25 03:58:00,P2M,SUCCESS
TXN00007331,U03502,M00030,2444.49,2026-04-07 14:09:00,P2M,SUCCESS
TXN00023208,U02027,M01306,2443.87,2026-02-02 15:57:00,P2M,SUCCESS
TXN00018651,U00353,M01292,2434.41,2026-02-21 15:52:00,P2M,SUCCESS
TXN00032428,U01898,M01159,2429.82,2026-06-29 09:39:00,P2M,SUCCESS
TXN00005225,U01104,U02024,2429.18,2026-02-12 15:38:00,P2P,SUCCESS
TXN00006739,U01967,M01481,2428.66,2026-03-02 06:51:00,P2M,SUCCESS
TXN00022512,U00881,M00163,2424.95,2026-02-03 03:21:00,P2M,SUCCESS
TXN00043346,U03004,U01035,2424.53,2026-01-22 23:13:00,P2P,SUCCESS
TXN00019491,U00928,U04779,2418.18,2026-02-01 21:26:00,P2P,SUCCESS
TXN00041672,U01495,U03262,2412.69,2026-05-01 05:43:00,P2P,SUCCESS
TXN00039341,U04067,M01361,2412.13,2026-03-27 07:12:00,P2M,SUCCESS
TXN00005847,U02883,U04730,2411.92,2026-04-20 19:45:00,P2P,SUCCESS
TXN00032650,U03657,U00274,2404.32,2026-05-16 20:11:00,P2P,SUCCESS
TXN00005158,U03616,U02443,2393.35,2026-05-08 01:45:00,P2P,SUCCESS
TXN00049938,U03734,M00433,2388.71,2026-06-16 04:45:00,P2M,SUCCESS
TXN00010186,U01745,M00058,2385.09,2026-04-30 09:51:00,P2M,SUCCESS
TXN00027865,U00111,U03592,2361.97,2026-01-08 01:02:00,P2P,SUCCESS
TXN00032351,U01548,U02001,2351.73,2026-01-29 03:15:00,P2P,SUCCESS
TXN00048595,U01113,M00195,2347.26,2026-03-01 15:09:00,P2M,SUCCESS
TXN00017628,U01591,U00671,2337.99,2026-02-22 02:40:00,P2P,SUCCESS
TXN00027921,U00797,M01346,2329.87,2026-01-23 12:39:00,P2M,SUCCESS
TXN00049155,U00949,M01156,2320.08,2026-01-23 06:36:00,P2M,SUCCESS
TXN00015488,U01772,M00152,2305.31,2026-05-02 10:17:00,P2M,SUCCESS
TXN00048325,U04886,U00650,2300.21,2026-06-03 22:13:00,P2P,SUCCESS
TXN00003242,U03497,M00596,2294.21,2026-05-19 19:23:00,P2M,SUCCESS
TXN00024331,U03755,U04413,2291.68,2026-05-22 21:16:00,P2P,SUCCESS
TXN00007873,U01295,M00926,2287.99,2026-06-23 12:31:00,P2M,SUCCESS
TXN00049459,U04353,M01185,2286.40,2026-01-24 16:48:00,P2M,SUCCESS
TXN00029267,U02408,M00630,2281.91,2026-04-18 23:34:00,P2M,SUCCESS
TXN00034648,U02898,M00109,2280.09,2026-01-19 20:46:00,P2M,SUCCESS
TXN00039576,U01285,M00936,2262.37,2026-01-25 13:53:00,P2M,FAILED
TXN00029537,U02781,M00170,2261.30,2026-05-22 00:05:00,P2M,SUCCESS
TXN00018419,U01280,M00091,2252.87,2026-06-05 02:55:00,P2M,SUCCESS
TXN00036770,U00363,U00074,2252.82,2026-05-04 14:13:00,P2P,SUCCESS
TXN00012914,U03907,U00776,2244.43,2026-01-30 04:30:00,P2P,SUCCESS
TXN00019239,U00574,M01480,2238.76,2026-06-17 03:13:00,P2M,FAILED
TXN00045015,U01527,U04724,2232.66,2026-02-09 02:47:00,P2P,SUCCESS
TXN00030972,U02782,M00250,2227.30,2026-01-02 09:07:00,P2M,SUCCESS
TXN00036432,U01342,M00968,2225.33,2026-06-26 15:18:00,P2M,SUCCESS
TXN00049164,U01392,U03418,2216.38,2026-02-26 04:11:00,P2P,SUCCESS
TXN00005674,U04420,U01354,2209.85,2026-02-02 02:33:00,P2P,SUCCESS
TXN00007875,U00450,M00456,2209.65,2026-06-09 22:00:00,P2M,SUCCESS
TXN00014984,U03610,U01111,2209.55,2026-01-12 14:20:00,P2P,SUCCESS
TXN00040792,U00938,U03156,2208.73,2026-01-28 18:21:00,P2P,SUCCESS
TXN00018133,U01748,M00205,2205.48,2026-01-20 21:49:00,P2M,SUCCESS
TXN00004048,U00342,M00654,2191.75,2026-01-01 11:58:00,P2M,SUCCESS
TXN00026510,U01476,U03202,2178.74,2026-05-26 15:27:00,P2P,SUCCESS
TXN00010582,U03451,U03938,2167.15,2026-05-17 13:01:00,P2P,SUCCESS
TXN00047444,U01555,M01174,2166.87,2026-03-20 10:43:00,P2M,SUCCESS
TXN00007442,U03897,M01366,2150.33,2026-01-28 21:12:00,P2M,SUCCESS
TXN00019585,U00060,U00107,2138.85,2026-02-27 08:11:00,P2P,SUCCESS
TXN00019380,U04773,U03845,2133.99,2026-06-15 09:10:00,P2P,SUCCESS
TXN00040634,U02194,M00605,2128.18,2026-02-03 14:09:00,P2M,SUCCESS
TXN00006351,U01823,U02515,2128.07,2026-01-11 13:12:00,P2P,SUCCESS
TXN00040567,U03519,U04180,2120.23,2026-06-02 22:16:00,P2P,FAILED
TXN00048858,U01952,M01375,2117.87,2026-01-01 16:18:00,P2M,SUCCESS
TXN00009259,U00222,M00949,2107.20,2026-02-25 15:05:00,P2M,SUCCESS
TXN00046434,U03671,U01910,2101.00,2026-06-26 23:04:00,P2P,SUCCESS
TXN00027791,U03189,U00383,2100.19,2026-05-18 02:14:00,P2P,SUCCESS
TXN00027483,U02394,M01348,2100.01,2026-02-25 03:40:00,P2M,FAILED
TXN00047214,U02876,M01062,2094.14,2026-03-22 11:00:00,P2M,SUCCESS
TXN00002036,U04339,M00185,2091.66,2026-05-26 07:30:00,P2M,SUCCESS
TXN00032659,U01442,M01391,2088.22,2026-06-11 07:39:00,P2M,SUCCESS
TXN00034712,U02141,M01389,2087.88,2026-03-31 20:35:00,P2M,SUCCESS
TXN00004785,U01622,M01352,2083.77,2026-01-20 14:21:00,P2M,SUCCESS
TXN00016204,U01552,M00688,2080.25,2026-02-16 09:21:00,P2M,SUCCESS
TXN00030512,U04903,U01496,2076.22,2026-03-14 23:28:00,P2P,SUCCESS
TXN00015974,U01736,M01237,2072.41,2026-02-20 23:24:00,P2M,SUCCESS
TXN00038513,U00814,M00274,2062.60,2026-01-24 00:46:00,P2M,SUCCESS
TXN00017620,U04827,M01435,2062.44,2026-05-02 06:25:00,P2M,SUCCESS
TXN00022568,U00247,M00360,2061.89,2026-05-24 10:40:00,P2M,SUCCESS
TXN00013949,U03593,M01175,2049.94,2026-03-08 11:29:00,P2M,SUCCESS
TXN00028780,U02150,U04157,2046.34,2026-03-18 10:21:00,P2P,SUCCESS
TXN00036222,U02077,M00366,2042.46,2026-04-12 22:37:00,P2M,SUCCESS
TXN00016309,U02616,U00273,2036.98,2026-04-09 19:47:00,P2P,SUCCESS
TXN00007625,U00887,U04540,2025.61,2026-02-13 17:58:00,P2P,SUCCESS
TXN00046521,U03254,U04822,2023.12,2026-04-29 12:36:00,P2P,SUCCESS
TXN00000180,U01924,M00004,2022.61,2026-05-28 12:29:00,P2M,SUCCESS
TXN00043221,U02495,M01244,2015.06,2026-06-26 07:00:00,P2M,SUCCESS
TXN00011227,U03852,M00868,2013.43,2026-05-19 21:58:00,P2M,SUCCESS
TXN00007097,U02087,M00539,2006.56,2026-05-15 14:11:00,P2M,SUCCESS
TXN00039989,U03820,U00730,2006.04,2026-02-16 03:10:00,P2P,SUCCESS
TXN00007737,U02999,U00430,2005.77,2026-02-07 12:09:00,P2P,FAILED
TXN00027448,U02282,M00724,2003.97,2026-03-07 08:44:00,P2M,SUCCESS
TXN00038650,U00769,M00046,2002.66,2026-01-26 18:05:00,P2M,SUCCESS
TXN00019144,U00672,M00883,1999.56,2026-06-09 23:07:00,P2M,SUCCESS
TXN00030178,U04844,M00097,1999.19,2026-04-28 21:07:00,P2M,SUCCESS
TXN00005809,U00811,M00561,1993.35,2026-06-21 09:08:00,P2M,SUCCESS
TXN00015209,U03518,M01420,1989.69,2026-06-26 18:23:00,P2M,SUCCESS
TXN00042784,U01267,M00623,1989.46,2026-04-24 19:24:00,P2M,SUCCESS
TXN00008312,U02374,M00225,1985.41,2026-06-17 04:13:00,P2M,SUCCESS
TXN00014968,U04713,U03227,1984.92,2026-04-04 05:28:00,P2P,SUCCESS
TXN00042222,U01723,U02215,1984.39,2026-06-01 08:20:00,P2P,SUCCESS
TXN00030357,U03534,M00854,1979.50,2026-04-29 13:36:00,P2M,SUCCESS
TXN00036512,U03791,M00756,1976.85,2026-01-09 02:28:00,P2M,SUCCESS
TXN00002802,U03499,M01396,1976.49,2026-02-24 06:05:00,P2M,SUCCESS
TXN00013519,U03727,M00268,1971.93,2026-02-10 23:53:00,P2M,SUCCESS
TXN00045062,U02810,M01234,1967.68,2026-03-27 17:57:00,P2M,SUCCESS
TXN00026039,U02643,M00497,1963.55,2026-03-11 04:45:00,P2M,SUCCESS
TXN00045103,U00929,M01291,1962.08,2026-06-29 15:40:00,P2M,SUCCESS
TXN00043156,U04521,M01455,1961.47,2026-06-22 21:25:00,P2M,SUCCESS
TXN00013115,U02357,M00099,1954.10,2026-03-11 04:30:00,P2M,SUCCESS
TXN00034551,U03899,U00413,1949.84,2026-01-29 05:45:00,P2P,PENDING
TXN00042238,U03777,M01234,1944.45,2026-04-18 22:37:00,P2M,SUCCESS
TXN00018816,U02766,M00732,1941.73,2026-05-05 06:50:00,P2M,SUCCESS
TXN00015240,U03729,M00467,1939.28,2026-03-28 01:17:00,P2M,SUCCESS
TXN00025563,U03635,M00988,1936.33,2026-03-19 07:49:00,P2M,SUCCESS
TXN00006959,U03388,M00345,1933.08,2026-06-01 11:06:00,P2M,SUCCESS
TXN00048484,U00660,M00405,1932.36,2026-02-16 13:36:00,P2M,SUCCESS
TXN00017329,U03235,U03695,1929.32,2026-06-06 02:17:00,P2P,SUCCESS
TXN00030427,U01763,M00720,1924.81,2026-01-03 09:10:00,P2M,SUCCESS
TXN00022839,U03597,M00979,1923.92,2026-04-30 15:22:00,P2M,SUCCESS
TXN00032628,U04954,M01111,1920.85,2026-03-15 21:18:00,P2M,SUCCESS
TXN00039106,U03957,M01071,1916.43,2026-03-26 16:09:00,P2M,SUCCESS
TXN00040078,U04363,M01345,1909.14,2026-05-10 01:47:00,P2M,SUCCESS
TXN00049755,U00741,M00170,1905.51,2026-04-07 01:53:00,P2M,SUCCESS
TXN00015323,U04669,M00737,1902.08,2026-06-22 15:42:00,P2M,SUCCESS
TXN00042551,U00647,U01876,1897.40,2026-03-25 10:49:00,P2P,SUCCESS
TXN00001935,U03562,M00616,1896.36,2026-06-20 12:37:00,P2M,SUCCESS
TXN00026493,U01442,U01918,1894.05,2026-01-24 05:38:00,P2P,SUCCESS
TXN00006059,U03327,M00212,1892.61,2026-06-14 12:47:00,P2M,SUCCESS
TXN00032371,U00282,M01066,1888.10,2026-03-07 08:16:00,P2M,SUCCESS
TXN00006253,U01722,M00435,1885.97,2026-06-28 18:46:00,P2M,SUCCESS
TXN00008096,U03041,M00204,1884.03,2026-05-10 00:33:00,P2M,SUCCESS
TXN00030698,U01260,M00878,1878.78,2026-04-23 18:38:00,P2M,SUCCESS
TXN00010458,U00375,U02036,1877.18,2026-01-15 23:55:00,P2P,SUCCESS
TXN00000756,U02965,M00473,1877.18,2026-03-29 06:08:00,P2M,SUCCESS
TXN00038815,U04096,M00096,1872.17,2026-06-08 01:50:00,P2M,SUCCESS
TXN00026629,U02155,M01288,1867.48,2026-01-11 02:59:00,P2M,SUCCESS
TXN00013247,U02059,M00354,1865.92,2026-03-07 03:53:00,P2M,SUCCESS
TXN00031874,U04287,M00102,1864.84,2026-04-08 05:45:00,P2M,SUCCESS
TXN00038821,U04290,M00103,1864.45,2026-06-27 19:06:00,P2M,SUCCESS
TXN00002575,U00838,M01048,1858.78,2026-02-23 19:09:00,P2M,SUCCESS
TXN00036594,U00474,M01038,1858.07,2026-03-25 00:37:00,P2M,SUCCESS
TXN00040051,U00428,M00085,1855.52,2026-05-09 12:02:00,P2M,SUCCESS
TXN00046350,U04316,M01221,1850.07,2026-05-13 22:46:00,P2M,SUCCESS
TXN00034645,U02621,M01314,1848.66,2026-05-20 18:30:00,P2M,SUCCESS
TXN00048709,U04219,U03121,1847.27,2026-06-16 09:59:00,P2P,SUCCESS
TXN00030915,U04395,M01012,1846.22,2026-04-21 22:03:00,P2M,SUCCESS
TXN00026044,U01286,M00564,1843.76,2026-03-11 18:12:00,P2M,SUCCESS
TXN00042413,U02466,U04291,1841.72,2026-04-16 21:27:00,P2P,SUCCESS
TXN00030439,U02278,M00401,1841.72,2026-02-24 13:17:00,P2M,SUCCESS
TXN00030348,U04590,U00984,1839.40,2026-06-14 19:53:00,P2P,SUCCESS
TXN00007784,U04491,U02792,1836.89,2026-02-23 09:22:00,P2P,SUCCESS
TXN00034077,U04912,U02753,1834.24,2026-02-20 19:49:00,P2P,SUCCESS
TXN00044374,U01489,M00080,1831.98,2026-01-12 07:05:00,P2M,SUCCESS
TXN00041912,U02971,M01462,1830.77,2026-01-06 20:50:00,P2M,SUCCESS
TXN00011612,U01662,M01286,1830.07,2026-06-02 05:47:00,P2M,SUCCESS
TXN00029926,U03900,U04748,1829.06,2026-01-13 00:15:00,P2P,SUCCESS
TXN00001454,U00464,M01413,1828.83,2026-04-01 01:35:00,P2M,SUCCESS
TXN00007767,U01243,M00964,1824.39,2026-02-16 13:24:00,P2M,SUCCESS
TXN00039625,U03785,M00943,1823.96,2026-05-31 23:22:00,P2M,SUCCESS
TXN00016685,U00078,M00324,1822.24,2026-05-18 08:59:00,P2M,SUCCESS
TXN00033308,U01472,U02206,1813.02,2026-02-10 11:04:00,P2P,SUCCESS
TXN00045370,U01237,M01102,1810.15,2026-03-25 06:17:00,P2M,SUCCESS
TXN00001650,U03692,M00040,1810.09,2026-06-11 11:37:00,P2M,SUCCESS
TXN00018145,U03037,U01396,1809.82,2026-06-25 22:35:00,P2P,SUCCESS
TXN00038198,U00415,M00395,1808.92,2026-02-08 23:02:00,P2M,SUCCESS
TXN00005272,U02257,M00730,1807.54,2026-04-30 03:08:00,P2M,SUCCESS
TXN00026036,U03965,U02032,1807.42,2026-04-27 18:21:00,P2P,SUCCESS
TXN00024061,U00021,M00962,1806.82,2026-02-07 00:21:00,P2M,PENDING
TXN00017476,U03113,M00763,1806.56,2026-01-16 08:12:00,P2M,SUCCESS
TXN00024505,U00814,M00297,1806.53,2026-05-04 17:37:00,P2M,SUCCESS
TXN00008603,U00527,U00671,1804.57,2026-03-05 21:48:00,P2P,SUCCESS
TXN00039661,U03168,M01354,1803.67,2026-02-22 06:13:00,P2M,SUCCESS
TXN00008343,U00235,M01264,1800.89,2026-02-21 15:11:00,P2M,SUCCESS
TXN00011906,U02468,M00060,1795.88,2026-03-06 16:35:00,P2M,PENDING
TXN00001234,U02812,M01094,1794.99,2026-05-19 00:50:00,P2M,SUCCESS
TXN00000655,U01091,M01180,1785.33,2026-05-15 14:18:00,P2M,SUCCESS
TXN00010356,U00419,U00139,1784.40,2026-03-30 04:40:00,P2P,SUCCESS
TXN00005377,U01638,M00428,1783.26,2026-06-17 05:24:00,P2M,SUCCESS
TXN00040308,U00670,M00064,1782.80,2026-02-09 12:44:00,P2M,SUCCESS
TXN00027454,U03004,M00352,1775.61,2026-02-03 00:38:00,P2M,SUCCESS
TXN00029769,U04332,U04510,1774.74,2026-01-11 20:37:00,P2P,SUCCESS
TXN00022217,U02789,M00043,1772.92,2026-06-10 19:06:00,P2M,SUCCESS
TXN00019032,U04233,U04862,1767.11,2026-01-02 20:57:00,P2P,SUCCESS
TXN00006918,U00857,M01300,1765.92,2026-02-22 13:25:00,P2M,SUCCESS
TXN00000763,U03699,M00632,1765.29,2026-06-12 13:45:00,P2M,SUCCESS
TXN00001492,U00080,M00639,1762.47,2026-02-19 00:18:00,P2M,SUCCESS
TXN00026935,U00395,M00314,1752.97,2026-01-04 23:23:00,P2M,SUCCESS
TXN00004852,U01279,M00910,1748.75,2026-06-28 20:53:00,P2M,SUCCESS
TXN00011989,U04544,U01936,1744.37,2026-06-16 22:44:00,P2P,SUCCESS
TXN00031835,U02787,U03486,1743.37,2026-02-20 10:44:00,P2P,SUCCESS
TXN00042282,U04859,M01431,1740.58,2026-02-07 15:21:00,P2M,SUCCESS
TXN00033603,U03233,M00264,1738.41,2026-04-08 15:41:00,P2M,SUCCESS
TXN00040043,U00427,U04349,1736.88,2026-06-26 05:57:00,P2P,SUCCESS
TXN00005112,U04816,M00755,1734.50,2026-02-14 21:20:00,P2M,SUCCESS
TXN00044033,U02504,M01277,1734.00,2026-03-19 04:36:00,P2M,FAILED
TXN00036395,U02409,M00812,1729.94,2026-06-14 20:33:00,P2M,SUCCESS
TXN00033839,U00384,U03720,1728.62,2026-04-28 17:40:00,P2P,SUCCESS
TXN00025684,U04214,M00900,1727.37,2026-03-03 14:17:00,P2M,SUCCESS
TXN00031029,U03501,M00036,1726.16,2026-01-24 10:38:00,P2M,SUCCESS
TXN00048657,U02427,M00225,1722.00,2026-04-07 03:09:00,P2M,SUCCESS
TXN00049065,U04321,U00277,1721.65,2026-06-25 22:46:00,P2P,SUCCESS
TXN00032102,U04313,M00789,1721.49,2026-01-28 03:43:00,P2M,SUCCESS
TXN00009693,U00470,U01817,1721.26,2026-05-28 21:26:00,P2P,SUCCESS
TXN00006849,U00527,U01797,1720.62,2026-02-07 16:32:00,P2P,FAILED
TXN00015619,U02920,M01107,1716.36,2026-05-21 05:11:00,P2M,SUCCESS
TXN00000881,U04567,M01032,1716.24,2026-02-12 08:04:00,P2M,SUCCESS
TXN00049115,U02928,M00457,1714.48,2026-01-24 09:59:00,P2M,SUCCESS
TXN00034344,U02784,U00818,1713.38,2026-01-23 12:02:00,P2P,SUCCESS
TXN00012171,U00959,M00837,1712.71,2026-03-28 12:38:00,P2M,SUCCESS
TXN00011598,U02026,M00037,1711.06,2026-02-25 05:11:00,P2M,SUCCESS
TXN00034429,U02981,M00127,1708.37,2026-05-09 10:42:00,P2M,SUCCESS
TXN00041290,U04816,M01176,1706.11,2026-04-03 03:51:00,P2M,SUCCESS
TXN00018559,U04889,U00550,1705.74,2026-02-10 08:05:00,P2P,SUCCESS
TXN00026052,U02671,U00639,1705.19,2026-06-07 07:53:00,P2P,SUCCESS
TXN00028603,U01473,M00596,1704.64,2026-04-05 04:58:00,P2M,FAILED
TXN00046927,U04348,U00501,1703.49,2026-04-03 15:58:00,P2P,SUCCESS
TXN00048245,U00189,M00985,1703.12,2026-02-11 23:57:00,P2M,PENDING
TXN00041781,U03582,U01940,1700.91,2026-04-24 03:59:00,P2P,SUCCESS
TXN00044397,U03636,U00999,1697.92,2026-04-28 08:17:00,P2P,SUCCESS
TXN00020981,U00540,M01289,1696.97,2026-01-21 02:08:00,P2M,SUCCESS
TXN00003554,U01690,M00401,1693.96,2026-03-31 00:38:00,P2M,SUCCESS
TXN00021001,U02885,U01748,1693.35,2026-05-05 05:32:00,P2P,SUCCESS
TXN00029571,U02578,M01132,1692.79,2026-01-03 16:56:00,P2M,SUCCESS
TXN00032895,U04822,U00687,1692.05,2026-06-22 11:09:00,P2P,SUCCESS
TXN00011629,U00903,M00859,1689.28,2026-01-17 15:02:00,P2M,SUCCESS
TXN00008501,U04246,M01181,1685.19,2026-05-29 07:55:00,P2M,SUCCESS
TXN00036804,U02417,M01190,1684.07,2026-03-07 04:07:00,P2M,SUCCESS
TXN00028325,U00312,M00268,1683.57,2026-04-11 22:22:00,P2M,SUCCESS
TXN00021693,U00896,M01349,1682.59,2026-05-01 23:36:00,P2M,SUCCESS
TXN00012795,U00189,U02392,1682.02,2026-05-16 18:50:00,P2P,SUCCESS
TXN00010121,U02106,M01241,1681.93,2026-05-22 07:31:00,P2M,FAILED
TXN00045009,U02040,M00756,1681.54,2026-04-08 17:29:00,P2M,SUCCESS
TXN00038258,U00481,M00435,1679.07,2026-01-16 23:55:00,P2M,SUCCESS
TXN00005536,U03294,M00742,1678.68,2026-01-30 12:29:00,P2M,SUCCESS
TXN00035567,U01766,U04350,1677.77,2026-06-28 08:28:00,P2P,SUCCESS
TXN00006486,U03695,M01066,1675.16,2026-01-20 21:04:00,P2M,SUCCESS
TXN00005671,U02297,M01073,1673.72,2026-01-10 21:36:00,P2M,SUCCESS
TXN00001292,U01401,M01253,1667.45,2026-04-13 18:34:00,P2M,SUCCESS
TXN00006023,U04957,U04132,1666.29,2026-02-28 06:28:00,P2P,SUCCESS
TXN00025448,U02979,M00108,1664.97,2026-02-15 11:25:00,P2M,SUCCESS
TXN00049517,U02617,U03964,1662.04,2026-05-10 04:01:00,P2P,SUCCESS
TXN00013615,U04597,M01157,1656.59,2026-03-18 08:03:00,P2M,SUCCESS
TXN00003687,U00188,M00316,1656.42,2026-02-07 20:12:00,P2M,SUCCESS
TXN00029542,U04148,M01365,1656.19,2026-06-26 16:35:00,P2M,SUCCESS
TXN00037493,U02729,M01479,1655.56,2026-01-19 16:14:00,P2M,SUCCESS
TXN00017215,U03039,M00514,1654.94,2026-03-10 00:40:00,P2M,SUCCESS
TXN00016938,U03562,U00695,1654.41,2026-06-22 14:37:00,P2P,SUCCESS
TXN00026670,U00256,M00342,1652.88,2026-05-10 14:28:00,P2M,SUCCESS
TXN00014005,U04190,M00908,1650.04,2026-06-17 15:36:00,P2M,SUCCESS
TXN00035533,U03304,M00459,1649.41,2026-02-03 06:31:00,P2M,SUCCESS
TXN00039286,U00042,M00396,1647.68,2026-03-14 08:41:00,P2M,SUCCESS
TXN00036327,U01077,M00717,1647.51,2026-04-25 10:44:00,P2M,SUCCESS
TXN00046765,U00078,U02984,1647.08,2026-06-16 11:15:00,P2P,SUCCESS
TXN00045842,U04277,M00112,1646.58,2026-03-13 00:04:00,P2M,SUCCESS
TXN00016098,U04582,U01701,1644.83,2026-04-08 09:31:00,P2P,SUCCESS
TXN00016022,U04270,U01833,1642.57,2026-04-22 07:55:00,P2P,SUCCESS
TXN00045084,U02742,M01358,1642.29,2026-06-26 05:40:00,P2M,SUCCESS
TXN00023452,U02977,M00388,1642.22,2026-04-21 13:20:00,P2M,SUCCESS
TXN00026156,U00310,U02762,1640.40,2026-06-12 23:35:00,P2P,SUCCESS
TXN00035469,U04085,U03167,1639.37,2026-01-30 15:26:00,P2P,SUCCESS
TXN00031421,U00480,M00282,1638.61,2026-01-20 09:27:00,P2M,SUCCESS
TXN00013673,U00369,M00034,1637.86,2026-01-19 00:27:00,P2M,SUCCESS
TXN00024273,U00412,M00856,1630.43,2026-03-26 13:37:00,P2M,SUCCESS
TXN00048613,U01395,M00251,1629.66,2026-05-25 08:32:00,P2M,SUCCESS
TXN00019437,U03832,M00515,1629.52,2026-03-03 08:27:00,P2M,SUCCESS
TXN00036409,U02754,M01220,1627.82,2026-05-02 11:20:00,P2M,SUCCESS
TXN00025779,U02495,M00429,1626.54,2026-05-01 21:22:00,P2M,SUCCESS
TXN00043711,U00194,U00438,1626.53,2026-04-06 09:55:00,P2P,SUCCESS
TXN00000114,U04501,U03986,1625.80,2026-02-04 13:53:00,P2P,SUCCESS
TXN00015626,U02155,M00233,1625.49,2026-03-07 10:36:00,P2M,SUCCESS
TXN00030628,U04912,M01066,1625.29,2026-02-16 17:34:00,P2M,SUCCESS
TXN00042576,U02635,M00345,1622.83,2026-03-29 17:01:00,P2M,SUCCESS
TXN00044971,U00354,M01195,1622.77,2026-05-25 18:23:00,P2M,SUCCESS
TXN00008277,U03975,M00574,1621.15,2026-04-09 13:50:00,P2M,SUCCESS
TXN00045968,U01930,U02770,1620.27,2026-01-10 10:41:00,P2P,SUCCESS
TXN00021299,U04809,M00844,1617.20,2026-05-26 11:02:00,P2M,SUCCESS
TXN00000848,U01480,U03914,1614.86,2026-05-06 03:31:00,P2P,PENDING
TXN00016578,U02253,M01384,1612.99,2026-05-22 08:46:00,P2M,SUCCESS
TXN00007260,U01555,U04819,1610.85,2026-06-17 03:50:00,P2P,SUCCESS
TXN00022534,U01683,U04786,1609.95,2026-02-02 18:14:00,P2P,SUCCESS
TXN00024720,U00428,M00147,1609.83,2026-04-02 03:31:00,P2M,SUCCESS
TXN00021118,U00696,U04310,1608.23,2026-05-30 00:44:00,P2P,SUCCESS
TXN00016867,U02616,M00370,1605.98,2026-06-12 15:00:00,P2M,SUCCESS
TXN00012028,U01863,M01250,1605.67,2026-05-15 08:53:00,P2M,SUCCESS
TXN00035790,U01328,U03508,1602.06,2026-01-13 11:16:00,P2P,SUCCESS
TXN00011732,U03348,U02283,1601.83,2026-06-03 17:22:00,P2P,SUCCESS
TXN00000615,U02333,M00926,1601.81,2026-02-13 01:19:00,P2M,SUCCESS
TXN00029955,U04005,M01051,1601.19,2026-03-02 09:24:00,P2M,SUCCESS
TXN00022892,U04918,M01442,1600.76,2026-01-17 16:40:00,P2M,SUCCESS
TXN00048198,U00939,M00274,1598.71,2026-02-15 22:40:00,P2M,SUCCESS
TXN00026946,U00270,M01218,1598.34,2026-06-15 19:24:00,P2M,SUCCESS
TXN00013803,U01942,M00179,1596.42,2026-03-02 19:37:00,P2M,SUCCESS
TXN00011455,U00776,M00225,1595.70,2026-04-06 21:01:00,P2M,SUCCESS
TXN00006845,U04220,M00514,1595.65,2026-01-29 16:20:00,P2M,SUCCESS
TXN00013186,U00398,M00900,1595.25,2026-01-26 02:23:00,P2M,SUCCESS
TXN00043192,U02839,M00815,1594.69,2026-05-24 16:15:00,P2M,SUCCESS
TXN00011927,U03260,U02316,1593.83,2026-06-18 10:50:00,P2P,SUCCESS
TXN00001166,U02328,M00103,1593.66,2026-05-10 10:15:00,P2M,SUCCESS
TXN00024882,U00448,U04267,1593.10,2026-02-09 21:37:00,P2P,SUCCESS
TXN00025488,U03810,U01090,1591.83,2026-04-12 14:17:00,P2P,SUCCESS
TXN00033490,U00472,M01401,1590.35,2026-04-19 14:45:00,P2M,SUCCESS
TXN00014931,U02673,U00578,1588.57,2026-06-26 01:01:00,P2P,SUCCESS
TXN00038957,U01726,U03038,1578.92,2026-06-23 13:13:00,P2P,SUCCESS
TXN00028412,U01696,M01053,1576.57,2026-05-20 16:52:00,P2M,SUCCESS
TXN00002545,U03763,M01281,1576.10,2026-02-24 04:13:00,P2M,SUCCESS
TXN00029305,U02084,U00334,1575.77,2026-02-19 07:12:00,P2P,SUCCESS
TXN00011633,U02879,M01353,1575.38,2026-06-21 07:29:00,P2M,SUCCESS
TXN00017053,U03313,U04293,1575.26,2026-02-11 02:11:00,P2P,SUCCESS
TXN00016477,U04913,U04000,1574.35,2026-04-20 06:49:00,P2P,SUCCESS
TXN00033514,U00985,M00515,1573.00,2026-01-02 11:11:00,P2M,SUCCESS
TXN00033658,U02278,M00022,1571.81,2026-03-30 03:44:00,P2M,SUCCESS
TXN00017564,U02979,M00744,1571.27,2026-01-05 18:04:00,P2M,SUCCESS
TXN00021072,U03886,M00938,1570.54,2026-02-11 02:36:00,P2M,SUCCESS
TXN00021338,U01599,M00438,1569.74,2026-03-17 02:45:00,P2M,SUCCESS
TXN00033759,U03708,M00526,1568.92,2026-02-27 19:48:00,P2M,SUCCESS
TXN00007938,U03390,U04412,1565.50,2026-05-06 15:11:00,P2P,SUCCESS
TXN00036424,U03362,M01017,1565.33,2026-02-10 11:57:00,P2M,SUCCESS
TXN00014649,U01051,U02202,1564.94,2026-05-16 02:26:00,P2P,SUCCESS
TXN00037988,U04599,M01318,1564.31,2026-06-07 16:25:00,P2M,SUCCESS
TXN00041704,U02758,U04984,1564.10,2026-01-29 09:24:00,P2P,SUCCESS
TXN00031354,U03629,U03044,1561.61,2026-03-09 13:42:00,P2P,SUCCESS
TXN00049001,U01035,M00502,1559.48,2026-02-02 04:27:00,P2M,SUCCESS
TXN00002121,U03942,U04391,1557.32,2026-04-08 02:39:00,P2P,SUCCESS
TXN00019255,U03985,M01481,1557.01,2026-03-16 11:42:00,P2M,FAILED
TXN00002990,U00650,U01206,1556.08,2026-01-04 20:38:00,P2P,SUCCESS
TXN00014300,U01842,M00815,1556.03,2026-01-23 21:22:00,P2M,SUCCESS
TXN00024889,U04372,U02496,1550.69,2026-04-05 01:52:00,P2P,SUCCESS
TXN00048196,U01891,U02030,1549.74,2026-04-08 20:22:00,P2P,SUCCESS
TXN00030879,U00400,U01733,1548.17,2026-01-31 01:11:00,P2P,SUCCESS
TXN00007512,U04188,U00929,1547.06,2026-05-14 23:39:00,P2P,SUCCESS
TXN00033079,U04373,U04245,1547.02,2026-04-26 05:02:00,P2P,SUCCESS
TXN00025109,U01396,M01160,1546.78,2026-05-05 08:57:00,P2M,SUCCESS
TXN00001117,U00220,M01179,1545.19,2026-02-03 22:46:00,P2M,SUCCESS
TXN00045648,U01242,M00893,1545.08,2026-01-15 09:26:00,P2M,SUCCESS
TXN00009628,U00747,U04016,1542.79,2026-05-04 12:00:00,P2P,PENDING
TXN00043624,U02430,M01360,1542.57,2026-03-17 19:39:00,P2M,SUCCESS
TXN00030888,U01936,U03183,1542.17,2026-01-23 23:23:00,P2P,SUCCESS
TXN00046606,U04678,M00917,1541.74,2026-02-06 09:12:00,P2M,SUCCESS
TXN00035716,U04782,M00244,1540.47,2026-04-10 12:24:00,P2M,SUCCESS
TXN00029187,U00950,M00423,1539.90,2026-03-27 22:19:00,P2M,SUCCESS
TXN00013067,U02270,M00821,1538.68,2026-02-17 15:05:00,P2M,SUCCESS
TXN00032528,U04469,U01648,1537.47,2026-03-03 10:59:00,P2P,SUCCESS
TXN00019198,U01988,M01470,1536.82,2026-02-07 07:29:00,P2M,SUCCESS
TXN00047030,U01109,M00582,1536.01,2026-01-08 12:14:00,P2M,SUCCESS
TXN00005036,U04807,M01431,1533.35,2026-06-04 21:29:00,P2M,SUCCESS
TXN00014148,U02977,M00443,1531.59,2026-01-30 04:52:00,P2M,SUCCESS
TXN00041453,U02958,M00067,1530.70,2026-01-10 09:20:00,P2M,SUCCESS
TXN00019812,U01880,U01416,1530.66,2026-04-02 06:26:00,P2P,SUCCESS
TXN00004990,U01016,M01159,1530.41,2026-03-09 01:36:00,P2M,SUCCESS
TXN00019140,U01478,U01566,1530.11,2026-03-10 11:43:00,P2P,SUCCESS
TXN00022696,U04182,M00611,1529.56,2026-03-13 03:30:00,P2M,SUCCESS
TXN00021584,U01348,M01296,1528.51,2026-01-05 09:03:00,P2M,SUCCESS
TXN00032645,U01228,M01007,1528.05,2026-06-29 04:31:00,P2M,SUCCESS
TXN00045723,U04482,M01184,1527.87,2026-06-15 03:08:00,P2M,SUCCESS
TXN00004717,U00117,M01470,1525.56,2026-02-21 05:38:00,P2M,SUCCESS
TXN00006064,U02711,M00536,1525.03,2026-04-12 01:11:00,P2M,SUCCESS
TXN00029094,U03201,M00688,1520.73,2026-04-22 07:35:00,P2M,SUCCESS
TXN00013334,U04570,M01422,1520.67,2026-04-12 13:56:00,P2M,SUCCESS
TXN00028584,U00223,M00764,1517.79,2026-04-30 03:34:00,P2M,SUCCESS
TXN00023816,U00660,U00499,1517.25,2026-02-10 05:37:00,P2P,SUCCESS
TXN00005205,U01070,M01279,1516.95,2026-01-05 19:26:00,P2M,SUCCESS
TXN00042449,U01414,M00399,1515.31,2026-03-28 20:31:00,P2M,SUCCESS
TXN00015684,U03462,M00695,1515.24,2026-02-20 10:02:00,P2M,SUCCESS
TXN00040193,U00023,M01170,1515.16,2026-01-14 04:56:00,P2M,SUCCESS
TXN00026523,U00108,M00720,1511.17,2026-05-17 06:02:00,P2M,SUCCESS
TXN00041249,U04548,M01441,1510.75,2026-02-02 10:15:00,P2M,SUCCESS
TXN00037372,U03238,M00180,1510.13,2026-04-29 07:18:00,P2M,SUCCESS
TXN00012382,U00388,U03159,1507.63,2026-03-11 22:29:00,P2P,SUCCESS
TXN00046634,U00097,M00340,1503.59,2026-06-02 21:29:00,P2M,SUCCESS
TXN00007333,U02181,U00749,1501.01,2026-06-24 19:32:00,P2P,SUCCESS
TXN00022290,U04167,U04854,1499.87,2026-01-08 14:15:00,P2P,SUCCESS
TXN00012253,U01442,M01103,1499.80,2026-05-08 03:08:00,P2M,FAILED
TXN00025900,U04271,M01326,1499.43,2026-01-13 18:07:00,P2M,SUCCESS
TXN00007211,U01527,M00273,1498.62,2026-01-30 20:48:00,P2M,SUCCESS
TXN00032081,U00257,U03147,1498.06,2026-02-07 01:00:00,P2P,SUCCESS
TXN00006618,U01350,M01279,1496.07,2026-06-06 19:39:00,P2M,SUCCESS
TXN00002472,U03343,M01016,1494.12,2026-06-15 08:29:00,P2M,SUCCESS
TXN00038277,U01672,M00402,1492.58,2026-05-16 20:15:00,P2M,SUCCESS
TXN00034542,U01447,U01218,1491.55,2026-05-12 10:48:00,P2P,SUCCESS
TXN00019737,U00543,U03346,1490.33,2026-05-20 13:45:00,P2P,SUCCESS
TXN00037765,U04792,M00638,1488.87,2026-03-15 06:14:00,P2M,SUCCESS
TXN00011164,U02981,M01492,1488.72,2026-05-17 04:57:00,P2M,SUCCESS
TXN00036472,U01302,U01018,1488.52,2026-05-18 16:52:00,P2P,SUCCESS
TXN00045821,U01237,U03823,1484.11,2026-06-06 22:03:00,P2P,SUCCESS
TXN00031713,U04607,U00875,1483.69,2026-05-05 01:03:00,P2P,PENDING
TXN00019059,U04918,M00593,1482.53,2026-04-03 04:19:00,P2M,SUCCESS
TXN00042814,U01162,M00207,1481.79,2026-03-04 15:55:00,P2M,FAILED
TXN00035931,U04200,M00775,1481.14,2026-03-08 12:04:00,P2M,SUCCESS
TXN00046604,U02728,M00048,1480.68,2026-05-31 11:17:00,P2M,SUCCESS
TXN00022223,U03629,M01228,1477.03,2026-01-06 00:45:00,P2M,SUCCESS
TXN00039025,U04327,U02066,1476.35,2026-06-01 10:19:00,P2P,SUCCESS
TXN00010381,U02066,U01611,1475.49,2026-05-26 14:36:00,P2P,SUCCESS
TXN00004187,U00531,M01365,1475.44,2026-05-28 14:32:00,P2M,SUCCESS
TXN00033615,U01009,M01103,1475.19,2026-03-17 03:17:00,P2M,SUCCESS
TXN00021647,U04442,M00564,1474.12,2026-04-10 11:10:00,P2M,SUCCESS
TXN00038727,U00200,U03178,1473.66,2026-03-26 02:30:00,P2P,SUCCESS
TXN00030633,U04724,U03054,1472.89,2026-04-11 11:32:00,P2P,SUCCESS
TXN00020397,U04204,M00965,1472.09,2026-06-05 19:14:00,P2M,SUCCESS
TXN00008697,U00420,M01316,1471.12,2026-06-19 08:57:00,P2M,FAILED
TXN00022526,U03849,U04005,1470.72,2026-02-07 11:43:00,P2P,SUCCESS
TXN00021866,U02131,M00809,1469.62,2026-03-08 18:58:00,P2M,SUCCESS
TXN00013024,U02911,M00631,1469.16,2026-06-11 14:42:00,P2M,SUCCESS
TXN00004856,U01434,M00954,1468.66,2026-03-04 04:29:00,P2M,SUCCESS
TXN00014251,U00731,U04227,1467.67,2026-01-06 06:41:00,P2P,SUCCESS
TXN00033647,U04798,U04145,1466.45,2026-01-04 19:04:00,P2P,SUCCESS
TXN00016522,U03068,M00617,1465.01,2026-03-06 02:46:00,P2M,SUCCESS
TXN00017142,U00732,M00350,1464.48,2026-03-07 04:22:00,P2M,SUCCESS
TXN00019938,U04916,M00195,1464.10,2026-03-27 17:30:00,P2M,SUCCESS
TXN00045819,U04235,M01146,1463.73,2026-05-05 22:27:00,P2M,SUCCESS
TXN00020426,U00088,M00270,1462.64,2026-06-08 07:45:00,P2M,SUCCESS
TXN00042595,U03114,U03894,1461.83,2026-03-07 17:26:00,P2P,SUCCESS
TXN00006107,U00853,M00888,1461.41,2026-06-14 04:46:00,P2M,SUCCESS
TXN00039207,U01443,M01367,1460.38,2026-04-21 00:14:00,P2M,SUCCESS
TXN00021711,U04293,M00078,1459.32,2026-02-18 19:52:00,P2M,SUCCESS
TXN00013317,U00441,M01462,1455.46,2026-03-08 23:36:00,P2M,SUCCESS
TXN00011593,U00917,M01303,1455.44,2026-01-16 02:03:00,P2M,SUCCESS
TXN00046299,U02121,M00716,1454.33,2026-03-15 00:44:00,P2M,SUCCESS
TXN00034444,U02302,M01116,1454.25,2026-03-22 03:19:00,P2M,SUCCESS
TXN00039170,U02689,U03187,1454.16,2026-03-15 17:13:00,P2P,FAILED
TXN00020527,U00967,M00185,1453.55,2026-03-24 09:20:00,P2M,SUCCESS
TXN00048662,U04101,M01106,1450.82,2026-02-16 17:36:00,P2M,SUCCESS
TXN00043574,U02165,U03776,1450.70,2026-04-25 15:12:00,P2P,FAILED
TXN00041050,U00130,M00955,1449.70,2026-01-12 10:56:00,P2M,PENDING
TXN00037832,U02517,M00729,1449.05,2026-06-16 08:31:00,P2M,SUCCESS
TXN00042952,U03440,U04777,1447.18,2026-06-11 06:42:00,P2P,SUCCESS
TXN00026402,U02912,M00325,1445.62,2026-05-16 00:10:00,P2M,SUCCESS
TXN00006317,U02290,M01236,1445.19,2026-06-19 14:30:00,P2M,SUCCESS
TXN00005086,U04899,M00939,1445.16,2026-01-26 20:43:00,P2M,SUCCESS
TXN00034520,U04636,M01186,1444.00,2026-06-02 10:07:00,P2M,SUCCESS
TXN00029861,U02396,M00894,1443.19,2026-01-10 01:35:00,P2M,SUCCESS
TXN00009908,U00321,M01379,1442.62,2026-06-09 00:57:00,P2M,SUCCESS
TXN00049336,U04969,M01032,1440.73,2026-05-30 08:48:00,P2M,SUCCESS
TXN00003320,U02729,M01492,1439.48,2026-01-08 20:49:00,P2M,SUCCESS
TXN00001277,U03272,M00244,1438.61,2026-05-22 02:20:00,P2M,SUCCESS
TXN00038773,U03980,M01421,1437.89,2026-06-01 00:19:00,P2M,SUCCESS
TXN00038895,U04184,M01135,1437.23,2026-05-09 23:38:00,P2M,SUCCESS
TXN00049529,U01890,M01160,1437.16,2026-04-24 22:13:00,P2M,SUCCESS
TXN00018318,U01041,M00815,1437.11,2026-04-16 04:45:00,P2M,SUCCESS
TXN00041601,U04505,M01148,1436.76,2026-06-12 18:02:00,P2M,SUCCESS
TXN00007758,U02145,U02354,1436.54,2026-02-24 20:25:00,P2P,SUCCESS
TXN00030706,U01196,U03777,1436.49,2026-02-03 06:16:00,P2P,SUCCESS
TXN00014498,U03518,M00404,1436.39,2026-04-12 04:08:00,P2M,SUCCESS
TXN00018607,U00417,M00443,1436.19,2026-06-20 22:24:00,P2M,SUCCESS
TXN00000221,U04781,M01462,1432.91,2026-02-11 15:20:00,P2M,SUCCESS
TXN00013724,U04784,M00777,1429.73,2026-06-24 17:00:00,P2M,SUCCESS
TXN00020285,U04017,M01458,1429.20,2026-01-24 01:53:00,P2M,SUCCESS
TXN00031275,U02564,M01244,1428.83,2026-01-02 00:42:00,P2M,SUCCESS
TXN00025717,U03302,M00543,1427.80,2026-04-10 10:06:00,P2M,SUCCESS
TXN00003718,U02586,M00054,1424.72,2026-05-20 12:32:00,P2M,SUCCESS
TXN00013781,U03628,M00221,1424.44,2026-06-08 11:24:00,P2M,SUCCESS
TXN00048428,U03413,M01052,1423.90,2026-05-11 05:33:00,P2M,SUCCESS
TXN00033392,U01663,M00013,1422.78,2026-02-15 15:34:00,P2M,SUCCESS
TXN00037272,U02847,U04747,1422.60,2026-04-04 19:05:00,P2P,SUCCESS
TXN00008661,U02783,M01349,1422.33,2026-05-13 15:30:00,P2M,SUCCESS
TXN00048467,U00448,M00837,1421.98,2026-06-25 01:51:00,P2M,SUCCESS
TXN00009803,U02334,U00312,1421.96,2026-06-03 04:36:00,P2P,SUCCESS
TXN00014726,U03247,M00218,1420.09,2026-06-26 07:36:00,P2M,SUCCESS
TXN00021831,U00486,M01268,1419.72,2026-01-18 21:41:00,P2M,SUCCESS
TXN00003593,U03462,U04214,1419.55,2026-05-14 07:23:00,P2P,SUCCESS
TXN00049140,U02844,U00170,1417.20,2026-06-24 19:36:00,P2P,SUCCESS
TXN00012237,U04080,M00224,1417.18,2026-06-24 10:29:00,P2M,SUCCESS
TXN00033281,U00340,M01419,1416.99,2026-03-06 01:11:00,P2M,PENDING
TXN00048945,U03603,M00921,1416.41,2026-02-15 21:42:00,P2M,SUCCESS
TXN00040164,U03600,M00986,1416.11,2026-02-23 00:33:00,P2M,SUCCESS
TXN00025393,U04504,M00737,1415.70,2026-03-17 17:02:00,P2M,SUCCESS
TXN00024356,U04208,M00456,1415.20,2026-03-04 01:08:00,P2M,SUCCESS
TXN00010565,U01823,M01152,1415.13,2026-03-19 23:32:00,P2M,SUCCESS
TXN00000823,U00531,M01149,1413.84,2026-01-28 20:14:00,P2M,SUCCESS
TXN00034071,U02059,U00969,1411.27,2026-05-08 02:59:00,P2P,SUCCESS
TXN00049648,U02307,M00291,1408.60,2026-02-06 10:51:00,P2M,SUCCESS
TXN00040799,U02384,U01521,1406.19,2026-01-04 14:20:00,P2P,SUCCESS
TXN00049325,U03863,M00861,1405.83,2026-02-13 17:09:00,P2M,SUCCESS
TXN00031981,U02387,U04114,1405.52,2026-01-26 22:48:00,P2P,SUCCESS
TXN00006203,U04817,M00572,1405.47,2026-04-15 00:35:00,P2M,SUCCESS
TXN00001162,U03132,U00253,1404.31,2026-02-04 07:01:00,P2P,FAILED
TXN00007415,U04875,M00637,1401.74,2026-06-15 08:20:00,P2M,SUCCESS
TXN00041457,U04980,U04290,1401.28,2026-04-29 05:06:00,P2P,SUCCESS
TXN00034517,U00226,M00970,1401.16,2026-03-11 20:47:00,P2M,SUCCESS
TXN00030069,U01542,U04728,1397.41,2026-03-30 04:11:00,P2P,SUCCESS
TXN00003193,U00440,U00658,1393.26,2026-05-02 09:20:00,P2P,SUCCESS
TXN00030891,U01184,M01013,1393.01,2026-01-15 06:50:00,P2M,SUCCESS
TXN00039579,U03740,M00724,1392.56,2026-01-27 04:08:00,P2M,SUCCESS
TXN00027274,U02369,M00653,1392.49,2026-01-29 02:39:00,P2M,SUCCESS
TXN00019589,U03901,M00376,1389.56,2026-04-24 01:28:00,P2M,SUCCESS
TXN00025924,U03882,M00251,1389.07,2026-06-20 03:25:00,P2M,SUCCESS
TXN00046222,U01862,U02801,1388.93,2026-01-14 06:10:00,P2P,SUCCESS
TXN00014106,U03963,M00859,1388.58,2026-06-21 12:12:00,P2M,SUCCESS
TXN00034789,U04854,U04999,1388.24,2026-05-20 03:12:00,P2P,SUCCESS
TXN00005025,U00035,U01465,1387.87,2026-05-14 23:07:00,P2P,SUCCESS
TXN00022909,U03688,M00718,1386.42,2026-01-25 18:17:00,P2M,SUCCESS
TXN00005151,U04693,M00743,1386.38,2026-01-27 06:55:00,P2M,SUCCESS
TXN00031193,U03573,M01341,1386.32,2026-06-07 18:48:00,P2M,SUCCESS
TXN00042905,U04778,M01368,1385.78,2026-05-15 10:30:00,P2M,FAILED
TXN00012739,U00371,U02047,1384.34,2026-03-01 07:30:00,P2P,SUCCESS
TXN00003435,U01084,M00128,1382.39,2026-02-13 16:32:00,P2M,SUCCESS
TXN00023945,U00245,M00858,1381.38,2026-05-08 22:14:00,P2M,SUCCESS
TXN00003399,U00040,M00704,1381.23,2026-02-28 07:06:00,P2M,SUCCESS
TXN00000584,U04511,M00706,1380.35,2026-03-10 20:48:00,P2M,SUCCESS
TXN00011165,U02002,M01499,1378.35,2026-04-11 15:55:00,P2M,SUCCESS
TXN00027580,U00163,M00661,1375.42,2026-01-31 05:15:00,P2M,SUCCESS
TXN00029056,U01869,U02511,1375.12,2026-03-06 03:16:00,P2P,SUCCESS
TXN00048611,U04307,M00155,1373.93,2026-01-23 03:05:00,P2M,SUCCESS
TXN00043731,U03880,M00168,1373.71,2026-03-23 08:50:00,P2M,SUCCESS
TXN00014075,U01843,M00812,1370.85,2026-06-19 05:45:00,P2M,SUCCESS
TXN00017312,U03889,M00230,1367.39,2026-02-23 23:25:00,P2M,SUCCESS
TXN00019786,U03397,M00644,1366.07,2026-03-22 09:58:00,P2M,SUCCESS
TXN00035556,U02544,M01421,1365.13,2026-04-26 09:36:00,P2M,SUCCESS
TXN00015237,U00758,M00965,1364.09,2026-06-09 02:57:00,P2M,SUCCESS
TXN00029916,U00504,M01072,1362.65,2026-06-14 22:11:00,P2M,SUCCESS
TXN00043399,U04715,M00288,1362.24,2026-03-21 11:10:00,P2M,FAILED
TXN00036173,U01463,U04001,1361.34,2026-02-02 22:03:00,P2P,SUCCESS
TXN00008040,U00522,U01913,1360.94,2026-01-14 01:27:00,P2P,SUCCESS
TXN00028085,U04968,U01124,1360.82,2026-01-31 20:28:00,P2P,SUCCESS
TXN00001158,U00232,M01425,1359.09,2026-03-03 17:37:00,P2M,SUCCESS
TXN00026853,U00131,M00824,1355.50,2026-03-02 21:53:00,P2M,SUCCESS
TXN00047350,U02386,U03515,1355.43,2026-02-21 06:04:00,P2P,FAILED
TXN00036618,U04413,M01131,1354.29,2026-05-08 03:21:00,P2M,SUCCESS
TXN00045974,U04635,M00010,1353.46,2026-04-09 08:21:00,P2M,SUCCESS
TXN00033607,U02026,U04647,1352.68,2026-06-03 04:56:00,P2P,SUCCESS
TXN00033267,U02890,M00234,1352.06,2026-01-08 06:59:00,P2M,SUCCESS
TXN00019391,U00516,U00637,1351.89,2026-04-02 19:42:00,P2P,SUCCESS
TXN00041899,U01167,U03698,1351.01,2026-06-03 01:18:00,P2P,SUCCESS
TXN00019768,U04563,M00538,1350.41,2026-03-30 19:39:00,P2M,SUCCESS
TXN00014626,U04076,M00156,1350.16,2026-02-08 16:26:00,P2M,SUCCESS
TXN00032784,U00059,M00111,1349.85,2026-05-17 02:44:00,P2M,SUCCESS
TXN00044809,U03172,U02559,1349.28,2026-06-21 19:12:00,P2P,SUCCESS
TXN00008938,U04931,M00166,1345.86,2026-06-18 10:16:00,P2M,SUCCESS
TXN00015897,U04292,M00982,1345.50,2026-04-04 09:13:00,P2M,SUCCESS
TXN00018272,U02626,U00389,1344.76,2026-03-26 15:50:00,P2P,SUCCESS
TXN00039185,U02920,M01389,1343.34,2026-06-01 17:47:00,P2M,SUCCESS
TXN00032101,U00588,M00151,1342.67,2026-01-06 04:00:00,P2M,FAILED
TXN00042063,U02462,M01328,1341.70,2026-03-22 12:59:00,P2M,FAILED
TXN00043552,U03576,U02025,1341.63,2026-02-14 06:39:00,P2P,SUCCESS
TXN00011980,U02400,U03416,1341.34,2026-02-01 08:05:00,P2P,SUCCESS
TXN00025423,U02880,M01455,1339.88,2026-02-16 23:05:00,P2M,SUCCESS
TXN00014003,U01735,M00690,1339.58,2026-03-26 23:19:00,P2M,SUCCESS
TXN00032905,U00893,M00574,1337.64,2026-06-16 04:13:00,P2M,SUCCESS
TXN00036331,U03446,M00761,1337.09,2026-04-12 09:54:00,P2M,SUCCESS
TXN00010950,U04572,U02778,1336.95,2026-01-26 17:07:00,P2P,SUCCESS
TXN00014622,U04093,M00916,1336.08,2026-04-11 19:18:00,P2M,SUCCESS
TXN00005940,U03910,M00205,1335.12,2026-02-20 07:53:00,P2M,SUCCESS
TXN00016611,U03794,M00412,1335.11,2026-01-10 17:15:00,P2M,SUCCESS
TXN00001912,U04657,M00751,1334.89,2026-04-19 18:19:00,P2M,SUCCESS
TXN00027718,U04411,U01813,1332.33,2026-06-18 14:56:00,P2P,SUCCESS
TXN00033472,U02500,M01458,1331.69,2026-01-30 02:15:00,P2M,SUCCESS
TXN00018256,U03635,M01366,1331.33,2026-01-24 18:52:00,P2M,SUCCESS
TXN00036543,U01249,M00610,1331.12,2026-04-15 14:26:00,P2M,SUCCESS
TXN00030618,U03550,M01047,1330.18,2026-05-24 08:33:00,P2M,SUCCESS
TXN00045955,U00401,U03437,1329.78,2026-03-17 19:34:00,P2P,SUCCESS
TXN00048935,U00001,M00070,1327.41,2026-01-01 21:44:00,P2M,SUCCESS
TXN00048359,U01815,M01241,1325.59,2026-02-17 10:22:00,P2M,SUCCESS
TXN00035650,U04065,M01307,1325.46,2026-01-18 12:06:00,P2M,SUCCESS
TXN00016106,U03090,M01243,1323.48,2026-02-01 05:18:00,P2M,SUCCESS
TXN00027986,U01739,U01569,1322.53,2026-01-23 02:49:00,P2P,SUCCESS
TXN00013749,U00028,M00565,1322.49,2026-02-28 12:32:00,P2M,SUCCESS
TXN00002839,U03959,M00314,1320.76,2026-01-13 11:22:00,P2M,SUCCESS
TXN00017632,U02451,U01376,1320.72,2026-01-08 02:51:00,P2P,SUCCESS
TXN00030647,U04292,U02741,1320.61,2026-03-25 11:20:00,P2P,SUCCESS
TXN00038976,U02895,U02056,1319.84,2026-06-09 13:23:00,P2P,SUCCESS
TXN00036045,U02979,M00187,1318.91,2026-01-10 22:00:00,P2M,SUCCESS
TXN00033299,U01775,M00878,1317.85,2026-05-05 05:28:00,P2M,SUCCESS
TXN00037193,U01900,M00936,1317.11,2026-01-07 13:11:00,P2M,SUCCESS
TXN00036892,U03661,M01014,1316.51,2026-02-18 02:02:00,P2M,SUCCESS
TXN00008479,U01504,U02133,1315.77,2026-04-23 18:54:00,P2P,SUCCESS
TXN00020021,U04994,M00753,1314.60,2026-01-18 05:46:00,P2M,SUCCESS
TXN00047439,U01281,M00269,1314.54,2026-03-27 22:46:00,P2M,SUCCESS
TXN00003660,U03798,M00892,1313.76,2026-01-29 15:26:00,P2M,SUCCESS
TXN00046638,U02425,U04681,1313.16,2026-03-20 23:00:00,P2P,SUCCESS
TXN00034160,U03356,U04624,1313.01,2026-05-08 17:30:00,P2P,SUCCESS
TXN00028243,U01062,M00532,1312.87,2026-03-26 09:25:00,P2M,SUCCESS
TXN00016751,U00219,M01477,1312.43,2026-01-21 14:08:00,P2M,SUCCESS
TXN00018546,U01252,U02731,1312.33,2026-04-25 05:50:00,P2P,FAILED
TXN00026752,U00978,M00187,1312.01,2026-04-18 06:03:00,P2M,SUCCESS
TXN00008292,U01948,U03482,1311.71,2026-05-17 19:15:00,P2P,SUCCESS
TXN00001230,U04922,M00541,1311.52,2026-02-03 07:00:00,P2M,SUCCESS
TXN00007996,U01862,U04674,1310.78,2026-04-02 07:18:00,P2P,SUCCESS
TXN00021932,U03024,M00624,1310.53,2026-03-13 20:13:00,P2M,SUCCESS
TXN00008448,U03280,M00105,1310.50,2026-01-30 06:58:00,P2M,SUCCESS
TXN00035516,U01932,M00871,1309.40,2026-05-14 12:09:00,P2M,SUCCESS
TXN00032187,U04427,U01883,1309.17,2026-03-23 09:32:00,P2P,SUCCESS
TXN00018591,U04420,M01283,1309.10,2026-02-28 13:56:00,P2M,SUCCESS
TXN00029165,U03524,M01016,1308.78,2026-06-18 07:37:00,P2M,SUCCESS
TXN00014611,U02157,U00077,1308.76,2026-04-23 20:24:00,P2P,SUCCESS
TXN00031887,U00905,M00927,1308.63,2026-04-03 00:32:00,P2M,SUCCESS
TXN00022456,U00622,M00045,1307.38,2026-01-22 03:02:00,P2M,SUCCESS
TXN00018707,U02943,M01419,1307.36,2026-01-11 19:42:00,P2M,SUCCESS
TXN00008199,U03624,M01230,1307.01,2026-02-28 05:01:00,P2M,SUCCESS
TXN00027975,U03550,M00875,1306.50,2026-05-21 06:46:00,P2M,SUCCESS
TXN00026303,U03664,M01487,1306.25,2026-04-08 21:28:00,P2M,SUCCESS
TXN00022805,U02201,M00992,1305.59,2026-06-23 13:51:00,P2M,SUCCESS
TXN00047561,U00906,M01218,1305.38,2026-01-25 10:53:00,P2M,SUCCESS
TXN00015175,U02345,M00107,1303.51,2026-05-07 10:26:00,P2M,SUCCESS
TXN00032725,U01029,M00320,1303.44,2026-02-08 03:50:00,P2M,SUCCESS
TXN00045791,U01635,M00667,1303.11,2026-06-03 22:16:00,P2M,SUCCESS
TXN00012392,U04905,U03626,1302.33,2026-05-31 15:10:00,P2P,SUCCESS
TXN00026496,U04986,M00214,1302.29,2026-05-29 01:22:00,P2M,SUCCESS
TXN00041223,U04316,M00404,1302.23,2026-01-25 05:12:00,P2M,SUCCESS
TXN00006043,U02421,U02430,1302.07,2026-01-12 17:29:00,P2P,SUCCESS
TXN00032039,U00158,M00387,1300.87,2026-06-15 16:57:00,P2M,SUCCESS
TXN00027097,U03746,M00957,1298.95,2026-02-17 09:49:00,P2M,SUCCESS
TXN00023001,U04937,U01708,1298.56,2026-01-12 03:24:00,P2P,SUCCESS
TXN00042201,U01298,U03635,1298.08,2026-04-09 02:43:00,P2P,SUCCESS
TXN00023131,U03402,U01065,1297.79,2026-01-11 09:20:00,P2P,SUCCESS
TXN00035901,U00445,M01297,1296.82,2026-01-28 03:35:00,P2M,SUCCESS
TXN00047617,U02946,M00385,1296.25,2026-04-26 08:30:00,P2M,SUCCESS
TXN00006614,U03511,M00651,1296.14,2026-01-24 08:40:00,P2M,SUCCESS
TXN00017104,U03271,U02243,1295.80,2026-05-09 10:10:00,P2P,SUCCESS
TXN00004248,U00329,U00877,1295.68,2026-04-26 08:35:00,P2P,SUCCESS
TXN00025340,U00419,U01771,1295.40,2026-05-25 18:54:00,P2P,SUCCESS
TXN00030885,U02996,U02185,1295.26,2026-02-28 15:24:00,P2P,SUCCESS
TXN00041078,U02257,U01983,1294.87,2026-05-02 22:41:00,P2P,SUCCESS
TXN00033823,U02980,M00981,1294.65,2026-03-12 03:53:00,P2M,SUCCESS
TXN00026316,U00066,U00685,1294.35,2026-02-09 20:32:00,P2P,SUCCESS
TXN00022594,U00518,M00316,1293.15,2026-01-16 14:19:00,P2M,SUCCESS
TXN00040867,U04295,U00542,1292.80,2026-06-22 01:03:00,P2P,SUCCESS
TXN00008355,U02722,U02014,1292.63,2026-04-13 19:12:00,P2P,SUCCESS
TXN00040050,U00612,M00524,1292.48,2026-02-17 02:02:00,P2M,SUCCESS
TXN00031131,U01453,U00526,1292.10,2026-01-05 15:20:00,P2P,SUCCESS
TXN00037436,U02042,U03104,1291.01,2026-05-10 00:14:00,P2P,SUCCESS
TXN00036907,U04065,U04113,1290.85,2026-01-19 16:00:00,P2P,SUCCESS
TXN00019031,U01949,M01450,1290.78,2026-03-30 04:59:00,P2M,SUCCESS
TXN00012752,U01433,M01449,1290.64,2026-04-17 15:43:00,P2M,SUCCESS
TXN00021371,U04079,U03123,1289.70,2026-04-04 03:57:00,P2P,SUCCESS
TXN00048067,U01156,U03930,1289.65,2026-04-08 09:35:00,P2P,SUCCESS
TXN00048252,U01092,M00758,1289.59,2026-03-20 12:07:00,P2M,SUCCESS
TXN00042181,U02427,M00745,1289.47,2026-05-30 22:16:00,P2M,SUCCESS
TXN00042204,U00671,M00953,1289.42,2026-06-16 06:15:00,P2M,SUCCESS
TXN00000126,U04615,M00642,1289.34,2026-01-04 12:44:00,P2M,SUCCESS
TXN00008294,U03883,M00009,1289.30,2026-06-05 09:51:00,P2M,SUCCESS
TXN00037544,U01657,M00115,1288.96,2026-04-01 07:24:00,P2M,SUCCESS
TXN00000379,U04987,M00646,1288.63,2026-06-18 01:02:00,P2M,SUCCESS
TXN00026321,U00137,U03441,1287.29,2026-03-31 00:15:00,P2P,SUCCESS
TXN00037326,U01337,M01152,1287.10,2026-04-16 07:10:00,P2M,SUCCESS
TXN00047705,U01613,U04511,1285.63,2026-05-31 03:59:00,P2P,SUCCESS
TXN00031994,U04810,M00444,1285.34,2026-05-29 02:33:00,P2M,SUCCESS
TXN00008228,U00184,U01985,1284.17,2026-01-15 08:09:00,P2P,SUCCESS
TXN00005037,U01420,M01150,1283.48,2026-02-27 21:12:00,P2M,SUCCESS
TXN00012462,U00436,M00305,1282.54,2026-03-21 16:54:00,P2M,SUCCESS
TXN00003953,U02410,M01199,1282.39,2026-02-21 06:52:00,P2M,SUCCESS
TXN00025391,U04194,U01910,1280.40,2026-02-13 05:06:00,P2P,SUCCESS
TXN00030636,U04997,M01031,1278.83,2026-01-26 21:19:00,P2M,SUCCESS
TXN00028353,U04902,M01500,1277.07,2026-03-27 08:44:00,P2M,SUCCESS
TXN00006017,U02769,U01029,1276.37,2026-02-10 07:02:00,P2P,SUCCESS
TXN00014668,U02899,U01062,1275.28,2026-05-19 15:03:00,P2P,SUCCESS
TXN00011625,U02013,M00480,1275.03,2026-04-20 16:51:00,P2M,SUCCESS
TXN00011932,U00559,M00174,1275.00,2026-04-13 14:19:00,P2M,SUCCESS
TXN00024287,U02693,U04732,1273.55,2026-05-31 14:02:00,P2P,SUCCESS
TXN00045467,U02276,M00112,1271.71,2026-01-24 23:13:00,P2M,SUCCESS
TXN00030950,U03312,M00048,1270.87,2026-03-03 15:55:00,P2M,FAILED
TXN00018339,U04541,M00194,1269.27,2026-06-12 04:21:00,P2M,SUCCESS
TXN00009524,U02083,M01029,1269.06,2026-05-13 01:40:00,P2M,SUCCESS
TXN00011050,U02405,M00134,1268.40,2026-03-26 14:24:00,P2M,SUCCESS
TXN00032473,U00680,M01424,1268.13,2026-01-29 00:57:00,P2M,SUCCESS
TXN00001767,U03315,M00247,1268.13,2026-05-25 01:56:00,P2M,SUCCESS
TXN00013062,U03120,M00620,1267.60,2026-02-17 09:21:00,P2M,SUCCESS
TXN00034001,U01979,U02918,1267.39,2026-05-11 16:40:00,P2P,SUCCESS
TXN00021399,U01954,M00308,1267.22,2026-01-24 05:12:00,P2M,SUCCESS
TXN00004021,U04179,M00934,1267.05,2026-02-15 12:31:00,P2M,SUCCESS
TXN00031779,U00272,U01653,1266.98,2026-03-05 18:00:00,P2P,SUCCESS
TXN00045807,U00940,M00523,1264.83,2026-05-21 07:29:00,P2M,SUCCESS
TXN00035912,U02756,M01142,1264.67,2026-04-23 07:49:00,P2M,FAILED
TXN00013054,U00904,M00285,1263.85,2026-02-14 11:11:00,P2M,SUCCESS
TXN00020010,U00859,M00610,1263.77,2026-05-16 18:28:00,P2M,SUCCESS
TXN00040601,U00260,M00201,1263.61,2026-01-21 00:15:00,P2M,SUCCESS
TXN00048642,U02024,M00619,1263.30,2026-02-13 05:30:00,P2M,SUCCESS
TXN00047603,U04740,M01313,1263.27,2026-02-07 21:19:00,P2M,SUCCESS
TXN00009835,U00615,M00445,1262.30,2026-06-06 09:25:00,P2M,FAILED
TXN00003381,U03007,U03829,1261.80,2026-03-29 07:08:00,P2P,SUCCESS
TXN00001414,U01008,U00500,1261.75,2026-03-01 15:55:00,P2P,SUCCESS
TXN00016807,U04653,M00391,1261.63,2026-01-02 22:04:00,P2M,SUCCESS
TXN00041629,U03285,M00038,1260.83,2026-03-27 01:11:00,P2M,SUCCESS
TXN00016580,U02934,M01485,1260.65,2026-01-29 03:17:00,P2M,SUCCESS
TXN00036209,U01571,M00042,1260.41,2026-03-26 22:37:00,P2M,SUCCESS
TXN00018894,U03762,M01023,1260.11,2026-03-08 22:00:00,P2M,SUCCESS
TXN00000910,U01288,M00431,1259.87,2026-04-14 03:25:00,P2M,SUCCESS
TXN00040662,U03332,M01255,1258.62,2026-01-25 06:18:00,P2M,SUCCESS
TXN00007958,U04313,M00753,1255.45,2026-02-04 21:49:00,P2M,SUCCESS
TXN00041529,U03087,M00250,1255.20,2026-01-09 07:41:00,P2M,SUCCESS
TXN00031917,U01518,U00182,1254.79,2026-04-20 22:15:00,P2P,SUCCESS
TXN00022819,U00809,M00786,1254.28,2026-04-14 19:00:00,P2M,SUCCESS
TXN00031231,U02003,M00488,1254.08,2026-02-03 18:01:00,P2M,SUCCESS
TXN00038872,U04660,M01294,1253.74,2026-02-01 15:52:00,P2M,SUCCESS
TXN00001383,U04716,U03523,1253.52,2026-03-10 11:04:00,P2P,SUCCESS
TXN00012845,U02707,U02182,1253.42,2026-06-10 20:56:00,P2P,SUCCESS
TXN00027834,U02349,U01947,1252.93,2026-05-11 10:18:00,P2P,SUCCESS
TXN00029675,U03070,M00661,1252.63,2026-04-08 11:52:00,P2M,SUCCESS
TXN00009569,U02109,U04479,1252.50,2026-02-25 23:00:00,P2P,SUCCESS
TXN00034065,U00916,M01341,1252.22,2026-03-03 04:50:00,P2M,SUCCESS
TXN00042132,U03606,U00063,1251.56,2026-01-04 15:12:00,P2P,SUCCESS
TXN00004656,U03119,M01304,1250.99,2026-05-29 06:13:00,P2M,SUCCESS
TXN00000375,U03201,M01255,1249.13,2026-04-18 11:52:00,P2M,SUCCESS
TXN00029224,U02511,U03682,1248.58,2026-04-29 02:45:00,P2P,SUCCESS
TXN00025887,U03539,M00815,1247.86,2026-04-17 18:09:00,P2M,SUCCESS
TXN00041470,U00611,M01319,1247.59,2026-04-16 20:09:00,P2M,SUCCESS
TXN00030303,U02938,M00741,1247.39,2026-01-25 22:16:00,P2M,SUCCESS
TXN00018823,U02206,U01863,1246.99,2026-03-02 20:13:00,P2P,SUCCESS
TXN00027950,U04655,M00227,1246.84,2026-04-01 02:13:00,P2M,SUCCESS
TXN00030676,U04057,M00879,1246.17,2026-04-01 20:24:00,P2M,SUCCESS
TXN00014059,U04285,M00004,1246.09,2026-03-14 07:31:00,P2M,SUCCESS
TXN00041607,U02837,M01033,1245.59,2026-03-17 19:01:00,P2M,SUCCESS
TXN00039183,U02243,M00398,1245.01,2026-06-25 06:51:00,P2M,SUCCESS
TXN00010698,U04350,M00303,1244.39,2026-06-23 02:05:00,P2M,SUCCESS
TXN00040647,U01426,M00869,1244.11,2026-03-26 11:43:00,P2M,SUCCESS
TXN00008558,U00909,U03655,1243.96,2026-02-11 06:48:00,P2P,SUCCESS
TXN00013925,U02416,M01240,1243.90,2026-02-23 16:32:00,P2M,SUCCESS
TXN00039933,U03592,M01499,1243.25,2026-03-30 03:37:00,P2M,SUCCESS
TXN00047612,U04489,M00307,1242.39,2026-02-17 08:26:00,P2M,SUCCESS
TXN00006357,U03348,M00396,1241.35,2026-05-01 10:44:00,P2M,SUCCESS
TXN00001220,U03919,M00646,1240.63,2026-03-05 05:41:00,P2M,SUCCESS
TXN00041702,U04573,M00867,1239.60,2026-02-19 02:01:00,P2M,SUCCESS
TXN00000235,U03922,U03178,1239.36,2026-02-01 09:18:00,P2P,SUCCESS
TXN00014125,U00305,M01076,1238.84,2026-05-30 11:45:00,P2M,SUCCESS
TXN00026075,U03738,M00433,1238.75,2026-04-17 02:53:00,P2M,SUCCESS
TXN00006573,U01171,M00913,1238.38,2026-03-16 07:15:00,P2M,SUCCESS
TXN00015603,U03059,M00044,1238.06,2026-01-11 00:29:00,P2M,SUCCESS
TXN00001024,U03740,U04609,1237.60,2026-06-09 13:18:00,P2P,SUCCESS
TXN00021100,U01623,M00620,1237.30,2026-02-06 02:14:00,P2M,SUCCESS
TXN00027461,U02179,M01321,1237.10,2026-01-13 08:13:00,P2M,SUCCESS
TXN00016801,U03296,M00603,1236.23,2026-01-30 13:32:00,P2M,SUCCESS
TXN00023686,U00035,U03373,1235.54,2026-02-21 14:40:00,P2P,SUCCESS
TXN00031540,U03441,M01464,1233.88,2026-02-03 13:17:00,P2M,SUCCESS
TXN00020358,U00974,U03437,1233.17,2026-05-20 16:38:00,P2P,SUCCESS
TXN00006767,U04635,U00755,1230.59,2026-03-22 22:33:00,P2P,SUCCESS
TXN00011281,U03973,M01057,1230.31,2026-02-22 03:37:00,P2M,SUCCESS
TXN00048974,U00293,M01077,1230.18,2026-04-01 03:13:00,P2M,SUCCESS
TXN00047737,U04102,M00277,1228.93,2026-04-18 05:41:00,P2M,SUCCESS
TXN00019250,U03311,M01217,1228.56,2026-04-22 19:44:00,P2M,SUCCESS
TXN00022536,U02953,U01854,1228.16,2026-05-27 07:15:00,P2P,SUCCESS
TXN00029691,U00772,U01173,1228.02,2026-01-13 05:47:00,P2P,SUCCESS
TXN00000285,U03649,M00896,1227.92,2026-01-17 06:51:00,P2M,SUCCESS
TXN00032273,U00251,U04404,1227.52,2026-03-06 00:32:00,P2P,SUCCESS
TXN00040461,U01756,M00947,1227.46,2026-01-14 13:22:00,P2M,SUCCESS
TXN00048812,U00098,M00445,1227.35,2026-02-20 14:38:00,P2M,SUCCESS
TXN00014436,U04583,M01043,1227.00,2026-06-10 09:15:00,P2M,SUCCESS
TXN00030217,U02807,M01249,1226.83,2026-01-17 12:48:00,P2M,SUCCESS
TXN00035871,U03885,U02297,1226.60,2026-01-10 23:21:00,P2P,FAILED
TXN00049247,U04662,U01230,1226.44,2026-05-06 11:27:00,P2P,SUCCESS
TXN00033917,U04613,U00729,1226.02,2026-01-09 18:24:00,P2P,SUCCESS
TXN00016998,U00328,U01796,1224.87,2026-02-25 17:26:00,P2P,SUCCESS
TXN00045864,U03393,U00043,1224.36,2026-06-15 06:54:00,P2P,SUCCESS
TXN00043691,U03485,M00226,1223.90,2026-01-15 12:39:00,P2M,SUCCESS
TXN00038155,U01112,U03486,1223.54,2026-04-08 05:04:00,P2P,SUCCESS
TXN00020810,U00125,M00296,1223.17,2026-02-06 05:33:00,P2M,SUCCESS
TXN00038655,U03913,M01188,1222.70,2026-03-13 16:29:00,P2M,SUCCESS
TXN00018587,U00092,M01331,1222.59,2026-04-08 12:01:00,P2M,PENDING
TXN00017795,U04689,U00598,1221.95,2026-02-23 13:35:00,P2P,SUCCESS
TXN00023445,U03453,M00384,1221.65,2026-01-16 17:58:00,P2M,SUCCESS
TXN00022883,U00732,U04622,1221.06,2026-05-15 19:54:00,P2P,SUCCESS
TXN00003581,U00158,U04323,1219.33,2026-05-29 14:14:00,P2P,SUCCESS
TXN00007498,U01704,U03107,1219.11,2026-05-02 02:54:00,P2P,SUCCESS
TXN00022445,U00866,M00170,1217.83,2026-06-21 06:43:00,P2M,SUCCESS
TXN00049454,U02604,M00287,1217.14,2026-01-09 11:03:00,P2M,SUCCESS
TXN00000253,U02745,M00571,1216.62,2026-03-16 22:02:00,P2M,SUCCESS
TXN00026643,U00637,U03045,1216.57,2026-02-25 14:28:00,P2P,SUCCESS
TXN00007188,U03353,M00270,1216.08,2026-06-04 02:35:00,P2M,SUCCESS
TXN00042280,U04832,M00812,1215.99,2026-03-23 11:42:00,P2M,SUCCESS
TXN00008019,U02220,M01117,1215.42,2026-03-12 15:03:00,P2M,SUCCESS
TXN00028185,U02334,U04989,1214.54,2026-03-16 04:07:00,P2P,SUCCESS
TXN00041738,U02966,M00131,1213.75,2026-06-06 14:23:00,P2M,SUCCESS
TXN00031149,U02084,U03897,1213.38,2026-02-09 23:07:00,P2P,SUCCESS
TXN00012953,U03223,M00498,1212.05,2026-04-21 21:09:00,P2M,SUCCESS
TXN00019680,U04513,U04917,1211.68,2026-05-18 14:38:00,P2P,SUCCESS
TXN00010520,U04792,M00761,1211.63,2026-06-23 05:54:00,P2M,SUCCESS
TXN00010190,U00106,U00163,1211.10,2026-04-04 17:46:00,P2P,SUCCESS
TXN00027690,U04850,U04999,1210.56,2026-05-20 03:00:00,P2P,SUCCESS
TXN00049989,U01990,M01024,1210.46,2026-05-23 23:32:00,P2M,SUCCESS
TXN00010712,U03082,U04508,1210.28,2026-03-03 06:46:00,P2P,FAILED
TXN00041549,U00836,M00251,1210.04,2026-04-05 03:17:00,P2M,SUCCESS
TXN00018022,U00761,M00141,1210.04,2026-06-18 21:22:00,P2M,SUCCESS
TXN00032764,U01595,U04454,1209.25,2026-01-08 13:31:00,P2P,SUCCESS
TXN00020660,U02084,U03092,1208.77,2026-02-05 03:17:00,P2P,SUCCESS
TXN00036972,U00035,U04717,1208.60,2026-01-06 03:02:00,P2P,SUCCESS
TXN00029382,U01369,M00406,1208.27,2026-03-18 20:16:00,P2M,SUCCESS
TXN00039940,U03491,M01074,1208.04,2026-04-22 21:47:00,P2M,SUCCESS
TXN00014656,U03746,U03614,1206.26,2026-06-04 19:16:00,P2P,FAILED
TXN00035143,U03095,U00363,1205.94,2026-04-10 01:09:00,P2P,SUCCESS
TXN00018177,U02408,M00382,1205.77,2026-05-11 22:08:00,P2M,SUCCESS
TXN00007465,U00158,M01458,1205.44,2026-03-07 17:20:00,P2M,SUCCESS
TXN00043110,U04250,M00738,1205.38,2026-06-19 17:06:00,P2M,SUCCESS
TXN00039102,U03549,U02886,1205.27,2026-05-15 17:11:00,P2P,SUCCESS
TXN00048591,U03241,M01231,1205.24,2026-06-16 11:19:00,P2M,SUCCESS
TXN00022907,U04768,M00590,1205.20,2026-04-17 18:10:00,P2M,SUCCESS
TXN00013481,U02623,U01093,1204.47,2026-05-07 08:00:00,P2P,SUCCESS
TXN00049970,U03652,M00952,1204.41,2026-05-03 23:43:00,P2M,SUCCESS
TXN00030380,U01661,M01131,1202.67,2026-02-10 03:21:00,P2M,PENDING
TXN00047527,U03887,M00876,1201.82,2026-03-23 12:49:00,P2M,SUCCESS
TXN00036367,U02088,U04860,1201.62,2026-06-28 08:28:00,P2P,SUCCESS
TXN00044874,U02757,M00139,1201.60,2026-04-19 09:58:00,P2M,SUCCESS
TXN00012518,U02206,M00874,1200.99,2026-01-15 10:18:00,P2M,SUCCESS
TXN00027459,U03897,M01020,1200.00,2026-04-23 12:24:00,P2M,SUCCESS
TXN00013549,U02681,U02297,1199.88,2026-05-30 19:34:00,P2P,SUCCESS
TXN00005962,U03602,M01101,1199.31,2026-04-18 00:21:00,P2M,SUCCESS
TXN00011674,U03219,M01048,1199.10,2026-01-16 06:09:00,P2M,SUCCESS
TXN00033812,U01445,U01647,1197.90,2026-04-06 17:04:00,P2P,SUCCESS
TXN00040452,U04546,M01225,1196.94,2026-02-11 16:25:00,P2M,SUCCESS
TXN00047986,U01772,M00433,1196.85,2026-04-12 06:16:00,P2M,SUCCESS
TXN00027575,U04700,U04998,1195.49,2026-07-12 02:20:00,P2P,SUCCESS
TXN00038831,U04384,M00440,1195.33,2026-02-09 14:13:00,P2M,SUCCESS
TXN00016413,U00235,U01608,1194.93,2026-02-04 04:13:00,P2P,SUCCESS
TXN00014606,U04454,M00370,1193.67,2026-06-15 17:26:00,P2M,SUCCESS
TXN00002219,U01946,U01785,1193.64,2026-03-03 01:53:00,P2P,SUCCESS
TXN00007956,U00919,M00244,1193.32,2026-05-30 16:09:00,P2M,SUCCESS
TXN00046297,U02754,M00711,1193.29,2026-06-02 03:35:00,P2M,SUCCESS
TXN00018457,U04505,M01460,1193.16,2026-06-14 06:11:00,P2M,SUCCESS
TXN00015120,U01836,M01361,1192.75,2026-04-22 09:39:00,P2M,SUCCESS
TXN00040158,U01059,U02086,1192.50,2026-01-02 16:05:00,P2P,FAILED
TXN00005784,U01900,M01327,1192.12,2026-01-01 17:46:00,P2M,SUCCESS
TXN00004366,U03586,U03202,1191.83,2026-02-15 03:59:00,P2P,SUCCESS
TXN00046051,U03636,M01371,1191.17,2026-06-25 22:51:00,P2M,SUCCESS
TXN00017169,U03734,M00763,1191.01,2026-06-02 16:02:00,P2M,SUCCESS
TXN00048143,U01680,U04539,1190.97,2026-02-22 00:07:00,P2P,SUCCESS
TXN00025464,U04607,M00380,1190.89,2026-04-13 13:22:00,P2M,SUCCESS
TXN00007129,U04704,U04998,1190.43,2026-07-12 02:36:00,P2P,SUCCESS
TXN00017929,U03698,M00927,1190.03,2026-03-14 06:29:00,P2M,SUCCESS
TXN00003535,U01712,U01605,1189.71,2026-01-05 18:01:00,P2P,SUCCESS
TXN00036582,U02359,U04848,1188.23,2026-04-10 06:46:00,P2P,SUCCESS
TXN00039284,U03956,M00560,1187.64,2026-04-27 09:48:00,P2M,SUCCESS
TXN00039871,U00772,M01023,1187.10,2026-03-10 05:14:00,P2M,SUCCESS
TXN00004281,U01022,U04872,1187.04,2026-03-08 20:20:00,P2P,SUCCESS
TXN00028812,U01365,M00863,1186.70,2026-03-14 09:08:00,P2M,SUCCESS
TXN00031176,U04495,M00722,1186.23,2026-01-17 03:27:00,P2M,SUCCESS
TXN00000324,U03096,U03604,1186.22,2026-05-11 00:41:00,P2P,SUCCESS
TXN00015164,U03413,M01123,1185.93,2026-04-03 13:30:00,P2M,SUCCESS
TXN00023468,U02615,M00484,1185.49,2026-03-07 08:36:00,P2M,SUCCESS
TXN00006988,U04220,U02832,1184.92,2026-04-23 07:58:00,P2P,SUCCESS
TXN00045113,U00679,M00837,1183.97,2026-05-12 15:54:00,P2M,SUCCESS
TXN00025658,U01844,U00411,1183.53,2026-06-15 12:08:00,P2P,SUCCESS
TXN00002176,U03784,U00190,1183.35,2026-02-14 13:44:00,P2P,SUCCESS
TXN00002550,U01309,U01926,1182.25,2026-01-18 22:31:00,P2P,SUCCESS
TXN00001103,U02289,M00887,1182.18,2026-02-02 01:54:00,P2M,SUCCESS
TXN00016618,U03489,M00128,1181.08,2026-03-28 11:03:00,P2M,SUCCESS
TXN00033676,U04422,M00041,1180.24,2026-02-14 16:19:00,P2M,SUCCESS
TXN00045503,U00881,M00478,1180.19,2026-01-01 09:57:00,P2M,SUCCESS
TXN00014170,U02529,M01470,1180.06,2026-04-20 14:03:00,P2M,SUCCESS
TXN00003313,U02535,M00628,1179.85,2026-02-09 16:48:00,P2M,SUCCESS
TXN00047766,U00074,U01564,1179.33,2026-02-09 05:50:00,P2P,SUCCESS
TXN00019217,U00077,M00805,1178.83,2026-05-13 09:26:00,P2M,SUCCESS
TXN00005637,U02687,M01285,1178.51,2026-06-15 21:35:00,P2M,SUCCESS
TXN00025088,U02089,M00918,1177.87,2026-03-15 04:43:00,P2M,SUCCESS
TXN00004831,U04701,U04998,1176.88,2026-07-12 02:24:00,P2P,SUCCESS
TXN00036097,U04540,M00033,1176.64,2026-04-28 23:09:00,P2M,SUCCESS
TXN00025508,U04242,M00511,1176.61,2026-01-08 10:58:00,P2M,SUCCESS
TXN00005494,U04695,M01472,1176.46,2026-01-13 13:51:00,P2M,SUCCESS
TXN00043805,U04848,U02232,1175.70,2026-05-27 04:05:00,P2P,SUCCESS
TXN00036123,U02298,U03671,1175.55,2026-04-18 03:05:00,P2P,SUCCESS
TXN00042535,U03880,M01136,1174.68,2026-05-21 17:29:00,P2M,PENDING
TXN00035057,U03211,M00482,1174.34,2026-04-09 14:12:00,P2M,SUCCESS
TXN00046827,U03512,M00841,1173.85,2026-01-01 19:29:00,P2M,SUCCESS
TXN00016534,U02687,U02530,1172.96,2026-02-16 13:47:00,P2P,FAILED
TXN00033509,U00446,M00417,1172.08,2026-02-24 18:26:00,P2M,SUCCESS
TXN00020539,U04331,M00211,1171.96,2026-01-05 20:11:00,P2M,SUCCESS
TXN00031474,U01513,U04936,1171.95,2026-04-25 02:42:00,P2P,FAILED
TXN00039442,U03310,U02409,1171.74,2026-04-29 04:50:00,P2P,SUCCESS
TXN00008000,U02425,M01152,1171.58,2026-03-12 10:58:00,P2M,SUCCESS
TXN00034452,U00561,M00689,1171.42,2026-06-18 23:38:00,P2M,SUCCESS
TXN00008198,U02429,M00869,1171.15,2026-05-14 11:59:00,P2M,SUCCESS
TXN00046946,U04105,M00894,1171.13,2026-04-17 02:58:00,P2M,SUCCESS
TXN00024990,U04571,M01143,1170.61,2026-04-28 00:03:00,P2M,SUCCESS
TXN00001084,U02711,M01202,1170.56,2026-03-15 01:38:00,P2M,SUCCESS
TXN00044501,U00024,U03284,1170.30,2026-01-04 13:45:00,P2P,SUCCESS
TXN00042644,U02873,M00044,1169.26,2026-05-09 17:42:00,P2M,SUCCESS
TXN00000562,U04331,U01737,1169.22,2026-01-09 09:30:00,P2P,SUCCESS
TXN00001013,U03072,M00006,1169.08,2026-01-04 17:36:00,P2M,SUCCESS
TXN00004524,U00040,M01298,1168.88,2026-04-13 20:49:00,P2M,SUCCESS
TXN00032689,U04820,M01468,1168.74,2026-04-24 09:37:00,P2M,SUCCESS
TXN00045734,U02533,U04088,1168.21,2026-01-16 13:21:00,P2P,SUCCESS
TXN00001925,U03327,U02895,1167.91,2026-02-05 19:34:00,P2P,SUCCESS
TXN00042203,U01827,M00456,1167.57,2026-05-21 23:09:00,P2M,SUCCESS
TXN00030560,U02564,U02340,1167.54,2026-06-07 13:20:00,P2P,PENDING
TXN00023331,U00371,M01169,1167.49,2026-02-19 03:59:00,P2M,SUCCESS
TXN00021343,U03268,M00355,1167.09,2026-02-07 02:16:00,P2M,SUCCESS
TXN00033303,U04703,U04998,1166.77,2026-07-12 02:32:00,P2P,SUCCESS
TXN00015858,U03583,U00773,1166.44,2026-02-09 06:18:00,P2P,SUCCESS
TXN00034994,U01280,M00424,1166.12,2026-05-24 06:33:00,P2M,SUCCESS
TXN00028411,U01013,U01277,1165.48,2026-04-02 17:05:00,P2P,SUCCESS
TXN00020298,U04727,U02537,1165.11,2026-05-02 03:42:00,P2P,SUCCESS
TXN00019156,U01499,M00789,1165.02,2026-01-08 19:04:00,P2M,SUCCESS
TXN00026978,U00790,M00940,1164.32,2026-01-01 07:06:00,P2M,SUCCESS
TXN00013035,U02344,M00409,1163.81,2026-02-18 08:36:00,P2M,SUCCESS
TXN00048848,U04396,M01184,1163.09,2026-01-02 14:03:00,P2M,SUCCESS
TXN00034299,U00430,M00803,1162.66,2026-03-30 09:42:00,P2M,PENDING
TXN00035221,U04420,M00220,1162.43,2026-02-26 08:27:00,P2M,SUCCESS
TXN00005236,U00453,M00569,1162.11,2026-02-23 05:14:00,P2M,SUCCESS
TXN00003528,U04614,U04147,1161.79,2026-01-21 23:06:00,P2P,SUCCESS
TXN00040292,U03024,M00236,1161.00,2026-05-23 17:37:00,P2M,SUCCESS
TXN00029497,U03003,U02053,1160.97,2026-01-12 06:39:00,P2P,SUCCESS
TXN00043120,U04190,M01355,1160.45,2026-04-16 13:40:00,P2M,SUCCESS
TXN00041256,U00862,M00125,1160.40,2026-02-26 14:29:00,P2M,SUCCESS
TXN00007619,U04702,U04998,1160.08,2026-07-12 02:28:00,P2P,SUCCESS
TXN00024967,U01559,U04097,1158.43,2026-06-27 00:44:00,P2P,SUCCESS
TXN00033286,U01160,U03808,1158.41,2026-06-25 16:01:00,P2P,FAILED
TXN00031800,U03633,M00079,1158.33,2026-05-17 06:24:00,P2M,SUCCESS
TXN00006759,U04523,M01407,1158.16,2026-01-08 17:18:00,P2M,SUCCESS
TXN00032312,U00512,M00686,1156.79,2026-05-09 09:53:00,P2M,SUCCESS
TXN00001639,U01206,M00431,1156.49,2026-03-28 19:25:00,P2M,SUCCESS
TXN00048891,U02347,M00865,1156.29,2026-06-24 18:27:00,P2M,SUCCESS
TXN00025224,U03776,M01049,1155.91,2026-06-01 01:15:00,P2M,SUCCESS
TXN00001497,U01048,M00668,1155.49,2026-05-23 23:33:00,P2M,SUCCESS
TXN00037476,U01164,M00104,1155.40,2026-02-12 15:56:00,P2M,PENDING
TXN00033925,U00930,M00548,1154.97,2026-03-06 23:14:00,P2M,SUCCESS
TXN00017571,U01816,M00238,1154.82,2026-03-11 21:06:00,P2M,SUCCESS
TXN00043329,U01902,M00173,1154.80,2026-02-27 10:40:00,P2M,SUCCESS
TXN00000421,U02959,M00542,1154.75,2026-01-20 11:00:00,P2M,SUCCESS
TXN00010320,U02692,M00695,1154.43,2026-04-04 22:02:00,P2M,SUCCESS
TXN00015971,U04884,M00704,1154.35,2026-06-06 03:46:00,P2M,SUCCESS
TXN00019323,U04133,M00839,1154.22,2026-03-21 08:33:00,P2M,SUCCESS
TXN00007078,U03812,M00041,1153.86,2026-05-24 20:44:00,P2M,SUCCESS
TXN00042510,U01044,U03495,1153.42,2026-02-04 03:19:00,P2P,SUCCESS
TXN00045712,U02438,M01463,1152.97,2026-01-26 06:10:00,P2M,FAILED
TXN00043542,U01504,M01435,1152.11,2026-05-04 11:55:00,P2M,SUCCESS
TXN00006381,U01851,M00244,1151.87,2026-02-15 11:03:00,P2M,SUCCESS
TXN00001598,U00037,M00446,1151.56,2026-01-02 18:08:00,P2M,SUCCESS
TXN00031464,U00807,U00096,1151.21,2026-01-28 02:35:00,P2P,SUCCESS
TXN00030700,U04717,U04965,1151.10,2026-01-03 03:36:00,P2P,SUCCESS
TXN00012281,U01514,M00836,1150.67,2026-06-10 03:11:00,P2M,SUCCESS
TXN00002529,U03963,U00879,1150.63,2026-04-27 23:11:00,P2P,SUCCESS
TXN00028643,U02410,M00941,1150.39,2026-04-06 19:42:00,P2M,SUCCESS
TXN00001427,U03095,M00141,1150.30,2026-02-16 16:20:00,P2M,SUCCESS
TXN00023581,U03813,U03436,1149.31,2026-01-13 22:20:00,P2P,SUCCESS
TXN00013657,U01150,M00423,1148.93,2026-03-05 14:50:00,P2M,SUCCESS
TXN00032379,U03594,M01193,1148.70,2026-04-08 23:58:00,P2M,SUCCESS
TXN00009075,U04418,M00445,1148.64,2026-03-13 11:03:00,P2M,SUCCESS
TXN00028433,U04290,U02689,1148.34,2026-01-16 19:40:00,P2P,SUCCESS
TXN00007861,U01524,M00837,1148.33,2026-04-04 12:55:00,P2M,SUCCESS
TXN00009860,U03642,M00138,1148.23,2026-04-23 03:55:00,P2M,SUCCESS
TXN00013409,U03619,M00333,1148.23,2026-04-12 03:25:00,P2M,SUCCESS
TXN00035541,U02953,U02566,1148.20,2026-02-09 09:25:00,P2P,SUCCESS
TXN00005960,U02765,M01430,1147.96,2026-06-04 22:52:00,P2M,SUCCESS
TXN00038353,U02316,M00294,1147.18,2026-05-02 11:27:00,P2M,SUCCESS
TXN00003456,U03544,M00894,1147.14,2026-04-06 04:49:00,P2M,SUCCESS
TXN00029892,U04840,U01039,1146.73,2026-01-07 11:55:00,P2P,SUCCESS
TXN00024598,U04020,M00905,1146.58,2026-03-22 02:48:00,P2M,SUCCESS
TXN00008407,U02500,M00983,1146.26,2026-05-06 14:30:00,P2M,SUCCESS
TXN00046587,U01936,U04243,1145.96,2026-06-19 02:13:00,P2P,SUCCESS
TXN00013825,U00043,M00475,1145.71,2026-05-15 03:44:00,P2M,SUCCESS
TXN00008745,U02330,M00614,1145.46,2026-02-27 02:38:00,P2M,SUCCESS
TXN00027114,U01140,M01410,1145.16,2026-02-11 08:14:00,P2M,SUCCESS
TXN00019056,U01782,M00371,1144.63,2026-01-17 11:01:00,P2M,SUCCESS
TXN00003603,U03397,M00561,1144.06,2026-03-10 21:04:00,P2M,FAILED
TXN00027127,U02985,M00019,1143.77,2026-05-22 16:35:00,P2M,SUCCESS
TXN00007021,U00852,M00065,1142.99,2026-01-19 08:59:00,P2M,SUCCESS
TXN00029184,U00120,M00805,1142.13,2026-05-25 21:24:00,P2M,SUCCESS
TXN00043251,U01496,U02243,1142.02,2026-03-03 20:31:00,P2P,SUCCESS
TXN00018856,U03979,M00429,1141.96,2026-03-13 12:06:00,P2M,SUCCESS
TXN00036761,U03268,U00736,1141.63,2026-01-17 20:14:00,P2P,SUCCESS
TXN00015836,U04851,U04999,1141.41,2026-05-20 03:03:00,P2P,SUCCESS
TXN00003410,U04887,U00626,1141.20,2026-01-31 05:01:00,P2P,SUCCESS
TXN00034546,U04775,U04010,1140.20,2026-01-26 20:06:00,P2P,SUCCESS
TXN00045651,U04215,U04010,1140.09,2026-04-25 02:43:00,P2P,SUCCESS
TXN00008896,U04195,U03563,1140.03,2026-04-11 18:44:00,P2P,SUCCESS
TXN00032763,U04029,U02570,1139.82,2026-03-09 17:41:00,P2P,SUCCESS
TXN00028384,U02522,U03587,1139.66,2026-01-27 16:59:00,P2P,SUCCESS
TXN00014641,U02442,M01493,1139.33,2026-05-29 06:27:00,P2M,SUCCESS
TXN00007648,U03450,U04519,1138.89,2026-04-22 15:22:00,P2P,SUCCESS
TXN00026854,U03396,M01400,1138.38,2026-02-26 12:02:00,P2M,SUCCESS
TXN00023031,U02856,M00556,1137.40,2026-02-16 21:32:00,P2M,SUCCESS
TXN00044650,U00861,U00992,1136.94,2026-06-16 21:20:00,P2P,SUCCESS
TXN00005018,U03953,U00444,1136.66,2026-03-18 04:38:00,P2P,SUCCESS
TXN00003758,U00333,M01246,1136.56,2026-01-26 18:55:00,P2M,SUCCESS
TXN00004378,U01239,M00188,1136.56,2026-02-22 17:42:00,P2M,SUCCESS
TXN00044404,U03168,M00567,1135.55,2026-06-15 17:58:00,P2M,SUCCESS
TXN00012734,U00922,U03383,1134.89,2026-02-10 08:17:00,P2P,SUCCESS
TXN00047046,U04775,M01022,1134.83,2026-01-16 00:36:00,P2M,SUCCESS
TXN00009630,U02625,U03308,1134.69,2026-02-15 22:41:00,P2P,SUCCESS
TXN00030461,U03624,M00001,1134.54,2026-03-12 09:31:00,P2M,SUCCESS
TXN00049918,U02105,U00128,1134.50,2026-02-08 02:17:00,P2P,SUCCESS
TXN00027434,U00677,M01490,1133.79,2026-03-16 05:29:00,P2M,FAILED
TXN00042867,U00822,M00130,1133.48,2026-05-20 14:22:00,P2M,SUCCESS
TXN00020729,U03760,M00887,1133.25,2026-01-18 14:53:00,P2M,SUCCESS
TXN00008689,U04706,M01040,1131.87,2026-05-17 16:18:00,P2M,SUCCESS
TXN00044583,U00635,U03519,1131.31,2026-03-08 16:37:00,P2P,SUCCESS
TXN00019989,U01839,M00927,1131.27,2026-05-29 00:41:00,P2M,SUCCESS
TXN00016605,U01530,M00791,1130.75,2026-01-04 06:35:00,P2M,SUCCESS
TXN00005547,U03320,U04752,1130.59,2026-06-26 16:07:00,P2P,SUCCESS
TXN00009087,U00756,M00449,1130.26,2026-03-21 23:12:00,P2M,SUCCESS
TXN00016831,U00141,M00926,1129.51,2026-01-31 09:15:00,P2M,SUCCESS
TXN00038504,U03474,M00571,1128.97,2026-05-07 07:01:00,P2M,SUCCESS
TXN00034514,U04503,U03124,1128.58,2026-04-18 03:02:00,P2P,SUCCESS
TXN00045784,U03145,M00071,1128.50,2026-06-19 03:18:00,P2M,SUCCESS
TXN00045647,U00891,U01658,1127.89,2026-02-05 12:08:00,P2P,SUCCESS
TXN00029582,U00840,M00839,1127.71,2026-01-31 00:52:00,P2M,SUCCESS
TXN00033288,U04311,M00659,1126.82,2026-01-14 21:04:00,P2M,SUCCESS
TXN00048736,U00234,M01036,1126.23,2026-02-07 05:49:00,P2M,SUCCESS
TXN00011892,U04082,M00973,1126.07,2026-01-04 00:17:00,P2M,SUCCESS
TXN00021349,U01195,M01490,1125.87,2026-01-28 19:53:00,P2M,SUCCESS
TXN00034748,U04563,M00797,1125.80,2026-03-27 01:37:00,P2M,SUCCESS
TXN00021010,U01640,M01061,1125.48,2026-03-25 07:04:00,P2M,SUCCESS
TXN00049440,U02490,M00002,1124.97,2026-06-02 08:24:00,P2M,SUCCESS
TXN00029611,U04679,M00468,1124.53,2026-05-31 11:26:00,P2M,SUCCESS
TXN00030218,U00947,U04618,1124.29,2026-06-17 08:09:00,P2P,SUCCESS
TXN00035072,U04898,U00897,1124.20,2026-01-15 16:25:00,P2P,SUCCESS
TXN00020734,U04121,U03121,1124.09,2026-02-27 08:13:00,P2P,SUCCESS
TXN00043359,U01168,M00855,1123.46,2026-06-07 05:32:00,P2M,SUCCESS
TXN00038692,U00513,U01244,1122.08,2026-03-31 05:18:00,P2P,SUCCESS
TXN00009430,U01651,U00728,1121.92,2026-04-12 21:47:00,P2P,SUCCESS
TXN00027514,U02573,M01452,1121.33,2026-01-18 09:56:00,P2M,SUCCESS
TXN00042207,U01870,M00532,1121.27,2026-05-05 12:34:00,P2M,SUCCESS
TXN00022326,U04542,M00206,1120.46,2026-01-10 03:53:00,P2M,SUCCESS
TXN00028914,U04798,M01162,1120.07,2026-06-05 02:52:00,P2M,SUCCESS
TXN00002193,U02228,U03435,1119.53,2026-06-17 01:14:00,P2P,SUCCESS
TXN00018263,U03009,M00883,1119.26,2026-02-24 22:57:00,P2M,SUCCESS
TXN00040012,U02221,U04141,1119.12,2026-04-11 20:25:00,P2P,SUCCESS
TXN00002179,U04538,M01139,1118.86,2026-01-04 11:26:00,P2M,SUCCESS
TXN00022465,U01107,M01472,1118.16,2026-02-19 05:40:00,P2M,SUCCESS
TXN00005260,U03890,M00717,1117.89,2026-06-20 00:51:00,P2M,SUCCESS
TXN00017741,U04853,M00959,1117.54,2026-03-30 10:29:00,P2M,SUCCESS
TXN00027339,U02708,M00122,1117.50,2026-03-22 22:11:00,P2M,SUCCESS
TXN00009943,U01925,M01036,1117.50,2026-05-29 16:28:00,P2M,SUCCESS
TXN00043031,U04233,M00167,1117.16,2026-06-05 13:22:00,P2M,SUCCESS
TXN00034347,U00124,M00074,1117.13,2026-02-11 04:49:00,P2M,SUCCESS
TXN00020565,U00995,U04106,1116.57,2026-05-15 03:09:00,P2P,SUCCESS
TXN00038634,U02288,U00486,1115.98,2026-01-12 07:08:00,P2P,SUCCESS
TXN00038852,U00707,M00820,1114.84,2026-06-17 04:17:00,P2M,SUCCESS
TXN00013920,U00036,M01028,1114.68,2026-06-10 22:56:00,P2M,SUCCESS
TXN00026548,U02158,M01459,1114.08,2026-06-23 00:49:00,P2M,SUCCESS
TXN00017977,U04526,U02316,1113.63,2026-01-27 00:46:00,P2P,SUCCESS
TXN00012108,U00769,U04953,1113.36,2026-02-12 07:05:00,P2P,SUCCESS
TXN00011945,U03045,U00454,1113.33,2026-02-26 15:09:00,P2P,FAILED
TXN00032806,U01883,M00725,1112.94,2026-06-24 18:07:00,P2M,SUCCESS
TXN00003969,U03531,M00043,1110.96,2026-04-24 14:34:00,P2M,SUCCESS
TXN00039266,U00366,M01122,1110.16,2026-03-16 12:31:00,P2M,SUCCESS
TXN00017614,U03264,M01030,1109.87,2026-04-12 20:22:00,P2M,SUCCESS
TXN00026412,U03040,M00403,1109.70,2026-01-25 17:15:00,P2M,SUCCESS
TXN00009132,U03357,M00476,1109.34,2026-03-31 05:21:00,P2M,SUCCESS
TXN00001393,U00421,U03614,1109.18,2026-01-14 00:12:00,P2P,SUCCESS
TXN00020403,U04623,M00169,1109.12,2026-02-04 10:08:00,P2M,SUCCESS
TXN00023876,U00568,U04979,1108.78,2026-04-10 21:38:00,P2P,SUCCESS
TXN00031879,U00778,U01101,1108.19,2026-04-26 03:01:00,P2P,SUCCESS
TXN00002703,U01232,U03933,1108.13,2026-06-07 18:07:00,P2P,SUCCESS
TXN00047395,U00837,M01274,1108.07,2026-01-24 12:28:00,P2M,SUCCESS
TXN00026008,U00297,M01432,1107.90,2026-04-22 20:24:00,P2M,SUCCESS
TXN00020215,U01404,M00973,1107.61,2026-06-25 08:35:00,P2M,SUCCESS
TXN00030551,U02154,M00110,1107.40,2026-04-27 05:36:00,P2M,SUCCESS
TXN00028749,U01294,M01416,1106.88,2026-06-22 02:22:00,P2M,SUCCESS
TXN00015637,U04263,U03572,1106.84,2026-01-27 07:22:00,P2P,FAILED
TXN00000870,U00819,U04124,1106.19,2026-06-15 18:59:00,P2P,SUCCESS
TXN00043539,U01740,U02482,1106.07,2026-01-21 10:05:00,P2P,SUCCESS
TXN00031826,U04662,M01235,1105.56,2026-01-11 20:29:00,P2M,SUCCESS
TXN00049911,U03539,M00665,1105.42,2026-05-28 20:40:00,P2M,SUCCESS
TXN00016241,U03124,M01440,1104.97,2026-03-08 13:51:00,P2M,SUCCESS
TXN00009556,U03266,U04024,1104.56,2026-01-21 02:44:00,P2P,SUCCESS
TXN00025492,U02723,M00954,1104.10,2026-02-19 16:17:00,P2M,SUCCESS
TXN00020772,U00804,M00257,1104.07,2026-03-25 00:47:00,P2M,SUCCESS
TXN00026837,U01024,M00388,1103.91,2026-06-18 02:02:00,P2M,SUCCESS
TXN00010770,U00388,U03635,1102.62,2026-06-07 21:24:00,P2P,SUCCESS
TXN00021315,U00740,M01026,1102.34,2026-03-23 20:12:00,P2M,SUCCESS
TXN00001496,U04335,M00413,1102.33,2026-05-20 21:46:00,P2M,FAILED
TXN00021383,U00564,M00926,1102.02,2026-04-03 09:00:00,P2M,SUCCESS
TXN00030587,U02614,U04684,1101.86,2026-01-06 08:08:00,P2P,FAILED
TXN00009631,U03710,M00206,1100.76,2026-04-30 22:34:00,P2M,SUCCESS
TXN00020363,U00544,M01437,1099.72,2026-03-02 01:41:00,P2M,SUCCESS
TXN00014426,U02087,M01001,1099.38,2026-03-12 13:52:00,P2M,SUCCESS
TXN00007851,U03175,U03549,1098.90,2026-06-23 18:42:00,P2P,SUCCESS
TXN00011711,U01187,M00731,1098.43,2026-01-27 09:14:00,P2M,SUCCESS
TXN00036216,U00664,M01072,1098.11,2026-01-27 14:15:00,P2M,SUCCESS
TXN00022752,U01110,M01291,1098.10,2026-02-08 00:40:00,P2M,SUCCESS
TXN00029928,U04178,U04487,1097.59,2026-04-13 08:02:00,P2P,SUCCESS
TXN00048973,U04788,M00696,1096.92,2026-04-06 23:30:00,P2M,SUCCESS
TXN00038797,U02524,M00084,1096.47,2026-06-06 12:08:00,P2M,SUCCESS
TXN00047010,U03963,M00269,1095.95,2026-02-04 23:50:00,P2M,SUCCESS
TXN00042775,U01768,U02643,1095.88,2026-02-04 02:43:00,P2P,SUCCESS
TXN00019325,U00400,M00430,1094.72,2026-06-10 13:58:00,P2M,SUCCESS
TXN00023421,U00749,M00502,1094.63,2026-05-24 22:38:00,P2M,SUCCESS
TXN00029428,U04313,M01254,1093.07,2026-04-23 00:28:00,P2M,SUCCESS
TXN00042601,U03432,U01700,1093.06,2026-05-30 03:11:00,P2P,FAILED
TXN00017586,U01916,U00708,1093.05,2026-06-26 23:27:00,P2P,SUCCESS
TXN00043630,U00165,M01378,1092.91,2026-04-13 14:50:00,P2M,SUCCESS
TXN00002305,U00218,M01135,1092.60,2026-01-30 03:34:00,P2M,SUCCESS
TXN00038336,U01052,U01053,1092.48,2026-03-01 09:42:00,P2P,SUCCESS
TXN00049007,U02388,M00101,1092.18,2026-04-19 01:36:00,P2M,SUCCESS
TXN00010775,U00523,U02481,1091.17,2026-06-02 12:28:00,P2P,SUCCESS
TXN00029681,U02216,M01348,1091.02,2026-04-23 03:38:00,P2M,SUCCESS
TXN00033064,U04056,M00953,1090.93,2026-03-13 08:18:00,P2M,SUCCESS
TXN00047835,U03140,M00173,1090.65,2026-04-26 03:10:00,P2M,SUCCESS
TXN00014374,U02940,M00021,1090.48,2026-05-13 23:20:00,P2M,SUCCESS
TXN00030115,U04398,U01502,1090.11,2026-05-18 01:22:00,P2P,SUCCESS
TXN00002483,U02063,U03528,1089.68,2026-06-08 14:37:00,P2P,PENDING
TXN00009088,U03749,M00918,1089.29,2026-06-16 09:25:00,P2M,SUCCESS
TXN00006821,U03248,M01020,1089.24,2026-03-14 21:16:00,P2M,SUCCESS
TXN00003413,U04358,U00327,1088.79,2026-05-19 05:41:00,P2P,SUCCESS
TXN00005983,U04304,U00030,1088.62,2026-06-10 23:59:00,P2P,SUCCESS
TXN00043021,U04926,M00776,1087.98,2026-01-26 01:13:00,P2M,SUCCESS
TXN00022576,U01849,U03747,1087.49,2026-02-15 18:10:00,P2P,SUCCESS
TXN00013178,U02521,U04093,1086.32,2026-05-14 14:46:00,P2P,SUCCESS
TXN00039665,U01083,U02002,1085.34,2026-03-05 07:29:00,P2P,SUCCESS
TXN00018714,U01927,M00189,1085.07,2026-01-17 17:51:00,P2M,SUCCESS
TXN00019622,U03099,U02064,1084.95,2026-01-07 02:23:00,P2P,SUCCESS
TXN00002974,U02791,U04741,1084.84,2026-01-22 04:46:00,P2P,SUCCESS
TXN00002735,U03389,U04071,1084.64,2026-06-07 20:15:00,P2P,SUCCESS
TXN00044400,U04849,M00613,1084.20,2026-01-12 00:08:00,P2M,SUCCESS
TXN00010040,U04371,M00375,1083.36,2026-04-25 11:44:00,P2M,SUCCESS
TXN00008036,U02317,M00019,1083.09,2026-02-01 19:21:00,P2M,SUCCESS
TXN00034957,U02847,U04873,1082.99,2026-04-08 21:30:00,P2P,SUCCESS
TXN00014768,U00121,U03005,1082.95,2026-01-19 00:28:00,P2P,SUCCESS
TXN00026465,U04213,M00379,1082.72,2026-03-15 08:28:00,P2M,SUCCESS
TXN00008485,U04592,M01185,1081.55,2026-05-23 07:20:00,P2M,FAILED
TXN00007261,U02615,U02529,1081.48,2026-05-28 14:14:00,P2P,SUCCESS
TXN00041571,U04368,U03594,1081.43,2026-06-16 15:23:00,P2P,SUCCESS
TXN00012949,U00256,M00367,1081.24,2026-06-07 23:24:00,P2M,SUCCESS
TXN00016637,U00232,M00107,1081.15,2026-04-02 22:51:00,P2M,SUCCESS
TXN00039883,U02481,U04746,1080.81,2026-01-17 14:16:00,P2P,FAILED
TXN00043179,U02485,M00334,1080.75,2026-04-23 04:32:00,P2M,SUCCESS
TXN00019811,U03768,M00945,1080.45,2026-05-16 04:16:00,P2M,SUCCESS
TXN00009522,U02362,U00056,1080.41,2026-03-05 04:58:00,P2P,SUCCESS
TXN00035880,U00502,M01057,1078.41,2026-06-03 21:18:00,P2M,PENDING
TXN00023112,U00123,M00058,1078.33,2026-04-23 13:23:00,P2M,SUCCESS
TXN00020238,U02368,M00268,1078.29,2026-05-17 22:40:00,P2M,SUCCESS
TXN00017917,U00452,U04574,1078.10,2026-05-20 20:07:00,P2P,SUCCESS
TXN00026793,U04646,M00217,1077.97,2026-01-22 12:10:00,P2M,SUCCESS
TXN00021370,U00842,U04416,1077.54,2026-02-05 03:13:00,P2P,SUCCESS
TXN00040465,U04357,M00015,1077.50,2026-06-09 15:16:00,P2M,SUCCESS
TXN00019190,U00429,M00356,1076.91,2026-04-22 07:01:00,P2M,SUCCESS
TXN00045050,U04900,U00640,1076.86,2026-04-13 10:29:00,P2P,SUCCESS
TXN00048029,U04580,M01072,1076.52,2026-06-26 01:33:00,P2M,SUCCESS
TXN00041535,U04967,M00482,1075.34,2026-03-03 07:12:00,P2M,PENDING
TXN00029894,U03058,U01287,1075.02,2026-04-21 06:34:00,P2P,SUCCESS
TXN00002243,U04959,M00764,1074.89,2026-02-11 12:54:00,P2M,SUCCESS
TXN00015887,U00697,M00796,1074.22,2026-02-12 14:56:00,P2M,SUCCESS
TXN00033142,U02156,M01359,1073.99,2026-01-08 18:30:00,P2M,SUCCESS
TXN00040694,U02127,M00139,1073.88,2026-01-20 05:22:00,P2M,SUCCESS
TXN00040883,U01004,M00422,1073.72,2026-01-17 01:38:00,P2M,SUCCESS
TXN00042544,U04886,M00462,1073.49,2026-04-28 08:56:00,P2M,SUCCESS
TXN00025131,U02767,U00886,1073.26,2026-03-20 21:20:00,P2P,SUCCESS
TXN00022764,U02857,U00586,1073.00,2026-03-13 03:27:00,P2P,SUCCESS
TXN00031055,U03680,M00535,1072.96,2026-02-16 16:30:00,P2M,SUCCESS
TXN00008297,U04861,U01602,1072.74,2026-01-27 06:00:00,P2P,SUCCESS
TXN00019441,U02310,M01300,1072.42,2026-04-13 18:11:00,P2M,SUCCESS
TXN00038082,U00825,U00056,1072.24,2026-03-30 01:19:00,P2P,SUCCESS
TXN00012747,U04447,M00246,1071.37,2026-01-30 16:13:00,P2M,SUCCESS
TXN00003395,U00323,M01393,1071.34,2026-05-24 06:02:00,P2M,SUCCESS
TXN00013884,U02236,M00676,1071.32,2026-06-09 05:49:00,P2M,SUCCESS
TXN00036878,U03584,U00741,1071.20,2026-06-10 05:37:00,P2P,SUCCESS
TXN00032435,U01557,M00087,1071.19,2026-04-17 13:51:00,P2M,SUCCESS
TXN00007376,U00967,U03689,1071.16,2026-05-29 09:45:00,P2P,SUCCESS
TXN00023213,U00230,U01123,1070.25,2026-04-27 02:57:00,P2P,SUCCESS
TXN00019526,U03777,M00037,1069.64,2026-03-26 19:54:00,P2M,SUCCESS
TXN00017549,U01299,M00247,1068.71,2026-05-22 04:48:00,P2M,SUCCESS
TXN00019712,U02470,M00727,1067.99,2026-01-21 23:35:00,P2M,SUCCESS
TXN00010273,U00093,M00463,1067.89,2026-02-05 22:09:00,P2M,SUCCESS
TXN00017162,U04265,M00701,1067.80,2026-05-27 03:14:00,P2M,SUCCESS
TXN00013691,U01674,U04265,1067.62,2026-03-05 02:38:00,P2P,SUCCESS
TXN00045880,U03750,U03150,1067.34,2026-06-09 17:22:00,P2P,SUCCESS
TXN00032286,U00493,M01427,1067.18,2026-04-13 11:49:00,P2M,SUCCESS
TXN00030659,U01342,M00188,1066.89,2026-06-21 21:12:00,P2M,SUCCESS
TXN00025544,U02623,M00845,1066.63,2026-03-28 22:42:00,P2M,SUCCESS
TXN00040232,U01418,M00410,1066.59,2026-05-30 11:39:00,P2M,SUCCESS
TXN00007283,U03890,M01124,1066.22,2026-02-13 02:29:00,P2M,SUCCESS
TXN00040426,U00312,U04375,1066.18,2026-06-08 03:33:00,P2P,SUCCESS
TXN00045384,U00859,M01217,1065.27,2026-03-09 13:33:00,P2M,SUCCESS
TXN00035959,U03831,M01112,1064.85,2026-03-21 09:43:00,P2M,FAILED
TXN00026508,U04109,U02225,1064.33,2026-05-03 11:18:00,P2P,FAILED
TXN00000461,U00794,U04813,1064.24,2026-01-03 03:06:00,P2P,SUCCESS
TXN00023329,U01738,M01319,1063.58,2026-01-21 01:53:00,P2M,SUCCESS
TXN00047578,U03239,M00072,1063.51,2026-06-10 12:35:00,P2M,SUCCESS
TXN00041295,U04614,M00614,1063.43,2026-02-12 01:03:00,P2M,SUCCESS
TXN00010647,U02276,M00376,1063.18,2026-04-10 04:09:00,P2M,SUCCESS
TXN00033306,U01294,M00067,1063.04,2026-06-03 04:59:00,P2M,SUCCESS
TXN00045754,U01060,M00517,1062.79,2026-03-25 02:55:00,P2M,SUCCESS
TXN00035634,U03026,U02741,1062.51,2026-01-09 09:07:00,P2P,SUCCESS
TXN00002725,U01524,M00586,1062.31,2026-06-15 08:17:00,P2M,SUCCESS
TXN00049557,U02339,M00128,1062.22,2026-04-02 12:04:00,P2M,SUCCESS
TXN00046855,U02828,M01419,1062.16,2026-01-04 19:04:00,P2M,SUCCESS
TXN00012446,U03445,M01086,1061.84,2026-04-24 16:20:00,P2M,SUCCESS
TXN00048440,U00897,M01218,1061.40,2026-03-26 03:18:00,P2M,SUCCESS
TXN00041271,U02851,M00397,1061.15,2026-04-28 15:47:00,P2M,SUCCESS
TXN00015817,U01595,U00210,1060.97,2026-05-08 11:44:00,P2P,SUCCESS
TXN00042089,U02457,M01092,1060.85,2026-01-02 00:25:00,P2M,SUCCESS
TXN00028524,U04452,M01155,1060.84,2026-03-20 13:33:00,P2M,SUCCESS
TXN00039321,U04701,M00700,1060.72,2026-05-09 08:00:00,P2M,SUCCESS
TXN00018815,U01869,U01430,1060.62,2026-05-08 03:47:00,P2P,SUCCESS
TXN00025489,U02156,M00602,1060.60,2026-01-12 19:01:00,P2M,SUCCESS
TXN00046948,U04319,U00565,1060.49,2026-05-28 06:54:00,P2P,SUCCESS
TXN00005481,U01712,M00513,1059.83,2026-05-03 04:16:00,P2M,SUCCESS
TXN00038430,U00393,U01088,1059.70,2026-04-10 15:24:00,P2P,SUCCESS
TXN00012131,U02276,M00260,1059.69,2026-04-30 19:18:00,P2M,SUCCESS
TXN00049624,U01995,M00416,1059.40,2026-02-17 11:02:00,P2M,SUCCESS
TXN00040211,U04108,M00810,1058.76,2026-06-26 20:39:00,P2M,SUCCESS
TXN00045550,U02680,M00708,1058.74,2026-05-13 02:54:00,P2M,SUCCESS
TXN00001930,U00615,U02674,1058.49,2026-04-18 12:56:00,P2P,SUCCESS
TXN00045128,U00866,M01082,1058.41,2026-04-27 03:30:00,P2M,SUCCESS
TXN00016957,U03429,U01929,1058.29,2026-03-26 18:12:00,P2P,SUCCESS
TXN00043208,U04167,M00069,1058.26,2026-06-17 14:50:00,P2M,SUCCESS
TXN00045815,U00582,M01091,1057.27,2026-05-30 06:17:00,P2M,SUCCESS
TXN00033349,U00512,U02772,1057.19,2026-02-10 12:43:00,P2P,SUCCESS
TXN00025763,U01883,U03478,1056.98,2026-02-03 19:49:00,P2P,SUCCESS
TXN00029175,U02571,U01995,1055.96,2026-01-15 04:25:00,P2P,SUCCESS
TXN00036914,U01867,U01811,1055.95,2026-06-07 20:53:00,P2P,SUCCESS
TXN00015861,U00953,M00263,1055.77,2026-04-27 09:03:00,P2M,SUCCESS
TXN00037973,U03831,U02236,1055.21,2026-03-20 22:13:00,P2P,SUCCESS
TXN00019109,U01637,M01111,1055.18,2026-03-14 13:12:00,P2M,SUCCESS
TXN00002721,U03276,M00786,1054.72,2026-06-06 06:50:00,P2M,SUCCESS
TXN00022881,U04177,M01363,1054.27,2026-03-17 05:08:00,P2M,SUCCESS
TXN00003366,U02606,M00109,1053.92,2026-03-25 09:40:00,P2M,SUCCESS
TXN00007059,U01787,M00660,1053.78,2026-04-28 15:50:00,P2M,SUCCESS
TXN00009295,U00775,M01131,1053.74,2026-03-29 18:53:00,P2M,SUCCESS
TXN00011738,U01215,U04319,1053.64,2026-01-11 07:18:00,P2P,SUCCESS
TXN00006184,U00161,U01828,1053.61,2026-06-28 14:36:00,P2P,SUCCESS
TXN00025771,U02354,U01237,1052.78,2026-06-07 05:52:00,P2P,SUCCESS
TXN00011683,U02541,U02034,1052.73,2026-02-26 07:26:00,P2P,SUCCESS
TXN00025576,U04707,M01261,1051.83,2026-04-07 03:30:00,P2M,SUCCESS
TXN00034880,U03287,M00279,1051.77,2026-05-14 01:16:00,P2M,SUCCESS
TXN00049472,U02670,M00263,1051.03,2026-02-21 16:21:00,P2M,SUCCESS
TXN00038779,U01677,M00354,1050.20,2026-01-20 17:49:00,P2M,SUCCESS
TXN00011290,U03567,U04928,1050.08,2026-02-10 08:38:00,P2P,SUCCESS
TXN00047609,U01484,U00895,1049.92,2026-02-27 05:36:00,P2P,SUCCESS
TXN00004343,U04276,M01166,1049.52,2026-06-09 16:34:00,P2M,SUCCESS
TXN00022781,U03471,M00429,1049.12,2026-06-26 22:31:00,P2M,SUCCESS
TXN00042726,U04269,M01205,1048.96,2026-03-19 16:51:00,P2M,SUCCESS
TXN00014378,U04382,M00584,1048.62,2026-03-13 07:23:00,P2M,SUCCESS
TXN00015536,U01262,M01202,1048.60,2026-02-01 19:19:00,P2M,SUCCESS
TXN00022168,U04823,M00207,1048.55,2026-05-26 04:02:00,P2M,SUCCESS
TXN00044111,U00426,M00547,1048.33,2026-03-15 17:07:00,P2M,SUCCESS
TXN00019632,U00522,M00982,1048.17,2026-05-15 09:00:00,P2M,SUCCESS
TXN00018890,U01434,M00909,1048.06,2026-04-03 08:46:00,P2M,SUCCESS
TXN00041259,U02825,M00628,1046.73,2026-04-24 08:27:00,P2M,SUCCESS
TXN00004542,U04600,M01425,1046.72,2026-02-11 11:31:00,P2M,SUCCESS
TXN00042225,U00674,U02825,1046.27,2026-05-21 01:49:00,P2P,SUCCESS
TXN00031273,U02077,U02436,1045.95,2026-04-13 23:55:00,P2P,SUCCESS
TXN00023955,U01475,U02794,1045.70,2026-06-27 22:45:00,P2P,SUCCESS
TXN00015497,U02671,M00919,1045.67,2026-05-16 09:32:00,P2M,SUCCESS
TXN00034558,U01682,M01237,1045.56,2026-03-17 09:46:00,P2M,SUCCESS
TXN00013811,U02262,U04236,1045.29,2026-02-11 01:01:00,P2P,FAILED
TXN00007360,U03823,M00674,1045.24,2026-04-23 10:43:00,P2M,SUCCESS
TXN00013090,U04378,M00124,1044.39,2026-01-13 21:33:00,P2M,SUCCESS
TXN00027760,U02101,M00929,1044.38,2026-01-19 04:22:00,P2M,SUCCESS
TXN00046560,U01849,M00614,1044.33,2026-02-03 15:08:00,P2M,SUCCESS
TXN00027659,U00616,M01252,1044.22,2026-02-05 15:34:00,P2M,FAILED
TXN00005788,U03521,M01364,1044.10,2026-06-01 22:07:00,P2M,SUCCESS
TXN00014934,U02726,M00143,1043.65,2026-01-25 15:25:00,P2M,SUCCESS
TXN00003266,U01599,U01331,1043.19,2026-06-02 06:32:00,P2P,SUCCESS
TXN00040403,U02738,U04669,1043.14,2026-04-02 08:45:00,P2P,SUCCESS
TXN00033974,U02802,M00586,1043.09,2026-03-25 10:08:00,P2M,SUCCESS
TXN00047088,U04000,M00391,1042.83,2026-01-26 00:54:00,P2M,SUCCESS
TXN00022337,U02236,M00682,1042.33,2026-01-05 05:44:00,P2M,SUCCESS
TXN00014157,U03031,M01090,1042.25,2026-01-22 07:51:00,P2M,PENDING
TXN00017154,U02545,U02039,1041.83,2026-01-28 05:40:00,P2P,SUCCESS
TXN00017056,U03885,M00254,1041.63,2026-04-08 05:24:00,P2M,SUCCESS
TXN00040057,U04519,U04427,1041.62,2026-05-28 03:11:00,P2P,SUCCESS
TXN00048789,U01188,U01084,1041.30,2026-06-29 18:06:00,P2P,SUCCESS
TXN00001696,U00515,M00680,1041.16,2026-02-11 22:04:00,P2M,SUCCESS
TXN00031964,U00498,U04960,1040.51,2026-01-30 05:50:00,P2P,SUCCESS
TXN00023266,U04746,M00205,1040.51,2026-01-22 21:00:00,P2M,SUCCESS
TXN00033803,U01230,M00858,1040.44,2026-05-05 12:24:00,P2M,SUCCESS
TXN00012719,U03395,M00271,1040.42,2026-06-11 12:03:00,P2M,SUCCESS
TXN00046376,U01450,M01460,1040.34,2026-02-15 18:33:00,P2M,SUCCESS
TXN00018640,U01024,U04716,1039.79,2026-01-23 11:59:00,P2P,SUCCESS
TXN00038604,U03688,M00913,1039.18,2026-03-16 15:57:00,P2M,SUCCESS
TXN00024517,U00967,U01645,1039.17,2026-04-21 08:59:00,P2P,SUCCESS
TXN00021051,U00950,U04428,1038.49,2026-05-19 08:08:00,P2P,SUCCESS
TXN00008593,U04469,U04433,1038.45,2026-04-23 05:16:00,P2P,SUCCESS
TXN00003496,U02564,U03007,1037.82,2026-06-05 07:51:00,P2P,SUCCESS
TXN00023552,U04184,M00768,1037.82,2026-01-12 14:14:00,P2M,SUCCESS
TXN00034651,U02861,M00489,1037.07,2026-02-21 06:47:00,P2M,SUCCESS
TXN00042227,U03895,M01303,1037.03,2026-02-19 23:45:00,P2M,SUCCESS
TXN00038553,U00465,M00490,1036.89,2026-05-25 11:02:00,P2M,SUCCESS
TXN00035979,U00354,M01250,1036.48,2026-03-30 02:15:00,P2M,FAILED
TXN00039293,U03312,U03475,1036.48,2026-01-16 16:17:00,P2P,SUCCESS
TXN00046662,U03987,U02081,1036.47,2026-06-21 14:02:00,P2P,SUCCESS
TXN00006863,U03016,U02098,1036.24,2026-03-19 05:15:00,P2P,SUCCESS
TXN00028962,U04472,M01277,1036.18,2026-06-19 23:48:00,P2M,SUCCESS
TXN00027190,U00537,M00708,1036.10,2026-01-02 10:44:00,P2M,SUCCESS
TXN00020622,U01272,M00831,1035.89,2026-01-17 10:05:00,P2M,SUCCESS
TXN00036288,U03487,M00972,1035.75,2026-04-04 11:19:00,P2M,SUCCESS
TXN00038561,U02828,U02841,1035.56,2026-04-24 02:48:00,P2P,SUCCESS
TXN00026459,U01019,M01130,1034.61,2026-05-12 16:42:00,P2M,SUCCESS
TXN00015838,U02668,M00121,1033.87,2026-02-19 22:33:00,P2M,SUCCESS
TXN00042414,U01074,M01177,1033.74,2026-05-27 12:06:00,P2M,FAILED
TXN00032536,U01473,M00913,1032.72,2026-03-30 04:24:00,P2M,SUCCESS
TXN00012631,U02242,U00807,1032.65,2026-06-17 17:15:00,P2P,SUCCESS
TXN00023261,U00837,M00440,1032.09,2026-02-22 11:04:00,P2M,SUCCESS
TXN00047608,U02432,M00551,1031.75,2026-02-11 04:40:00,P2M,SUCCESS
TXN00019431,U04749,M00173,1031.49,2026-03-23 19:37:00,P2M,SUCCESS
TXN00026572,U01574,M01247,1031.38,2026-03-10 15:21:00,P2M,SUCCESS
TXN00026216,U03321,M01438,1030.89,2026-04-10 06:35:00,P2M,SUCCESS
TXN00042626,U04525,U00552,1030.33,2026-05-11 10:43:00,P2P,SUCCESS
TXN00013014,U03203,M01417,1030.08,2026-03-23 05:13:00,P2M,SUCCESS
TXN00008546,U01139,M00644,1030.03,2026-03-18 19:27:00,P2M,SUCCESS
TXN00035154,U04270,U00896,1030.02,2026-06-01 22:49:00,P2P,SUCCESS
TXN00039222,U00171,U00165,1029.72,2026-02-13 08:32:00,P2P,SUCCESS
TXN00024583,U04526,M01121,1029.72,2026-01-17 19:56:00,P2M,SUCCESS
TXN00025822,U04276,M01230,1029.02,2026-03-25 10:41:00,P2M,SUCCESS
TXN00021105,U02373,M00521,1029.00,2026-06-28 23:16:00,P2M,SUCCESS
TXN00033233,U03520,M01272,1028.97,2026-01-11 01:11:00,P2M,SUCCESS
TXN00039749,U01169,M00271,1028.89,2026-04-22 07:35:00,P2M,SUCCESS
TXN00015829,U03130,U03438,1028.85,2026-01-13 18:06:00,P2P,SUCCESS
TXN00017562,U03794,M00952,1028.77,2026-01-31 20:10:00,P2M,SUCCESS
TXN00015565,U02079,U00065,1028.76,2026-03-06 02:16:00,P2P,SUCCESS
TXN00026759,U01360,M00842,1028.06,2026-05-04 09:39:00,P2M,SUCCESS
TXN00031129,U01583,M00542,1027.99,2026-03-28 08:06:00,P2M,SUCCESS
TXN00027540,U01282,M00264,1027.98,2026-01-14 03:28:00,P2M,SUCCESS
TXN00009311,U03047,M01139,1027.61,2026-02-27 05:14:00,P2M,SUCCESS
TXN00003989,U00020,M00484,1027.55,2026-06-11 22:10:00,P2M,SUCCESS
TXN00022796,U02051,M01045,1026.49,2026-03-09 11:13:00,P2M,SUCCESS
TXN00012186,U00818,M00810,1026.48,2026-01-15 16:58:00,P2M,SUCCESS
TXN00021253,U00499,U03921,1026.32,2026-06-13 02:55:00,P2P,SUCCESS
TXN00041484,U04600,M00641,1025.85,2026-05-28 13:49:00,P2M,SUCCESS
TXN00016452,U03197,U00566,1025.62,2026-01-15 23:12:00,P2P,SUCCESS
TXN00044756,U00188,U03364,1025.34,2026-05-10 17:11:00,P2P,SUCCESS
TXN00049290,U04735,M00787,1024.97,2026-05-28 16:54:00,P2M,SUCCESS
TXN00003583,U00278,U01415,1024.86,2026-03-18 10:53:00,P2P,SUCCESS
TXN00043213,U02717,M00116,1024.62,2026-04-25 05:59:00,P2M,SUCCESS
TXN00028206,U02717,M00426,1024.59,2026-03-07 21:18:00,P2M,SUCCESS
TXN00047663,U01734,U03935,1024.02,2026-02-18 10:49:00,P2P,SUCCESS
TXN00014012,U03863,U02980,1023.92,2026-02-09 05:23:00,P2P,SUCCESS
TXN00046411,U04447,M01264,1023.56,2026-02-09 19:03:00,P2M,SUCCESS
TXN00007479,U02617,M00843,1023.33,2026-01-23 23:07:00,P2M,SUCCESS
TXN00034720,U01458,M00940,1023.21,2026-04-28 07:12:00,P2M,SUCCESS
TXN00034786,U00903,M00402,1022.90,2026-04-08 13:09:00,P2M,SUCCESS
TXN00028575,U00329,U03100,1022.70,2026-06-20 06:17:00,P2P,SUCCESS
TXN00017433,U01679,U00027,1022.67,2026-03-21 18:46:00,P2P,SUCCESS
TXN00011457,U03221,M00120,1022.18,2026-01-03 00:50:00,P2M,SUCCESS
TXN00019005,U01865,U02229,1022.16,2026-02-22 22:35:00,P2P,PENDING
TXN00007552,U00495,M00563,1022.16,2026-05-13 06:25:00,P2M,SUCCESS
TXN00021215,U02897,M00580,1021.46,2026-04-20 13:03:00,P2M,SUCCESS
TXN00047623,U04175,M01354,1021.32,2026-03-06 15:38:00,P2M,SUCCESS
TXN00032228,U04181,U02833,1020.84,2026-06-07 02:55:00,P2P,SUCCESS
TXN00034641,U03117,M01201,1020.43,2026-06-18 19:34:00,P2M,SUCCESS
TXN00045360,U02270,M00665,1020.16,2026-02-03 06:44:00,P2M,SUCCESS
TXN00021201,U02376,M01202,1020.11,2026-01-08 09:38:00,P2M,SUCCESS
TXN00039799,U04290,U02207,1019.64,2026-06-17 12:54:00,P2P,SUCCESS
TXN00001110,U03599,M00051,1019.36,2026-01-12 10:44:00,P2M,SUCCESS
TXN00044070,U03978,U03852,1019.14,2026-06-14 07:12:00,P2P,SUCCESS
TXN00041536,U00596,M00688,1018.69,2026-01-01 21:18:00,P2M,SUCCESS
TXN00042761,U00258,U01845,1018.29,2026-06-07 14:10:00,P2P,SUCCESS
TXN00008483,U04881,U00113,1018.19,2026-03-08 21:08:00,P2P,SUCCESS
TXN00033247,U02409,U03966,1017.90,2026-06-24 05:08:00,P2P,SUCCESS
TXN00025578,U02197,M00399,1017.77,2026-04-24 12:52:00,P2M,SUCCESS
TXN00015059,U00206,U00928,1017.75,2026-04-28 18:13:00,P2P,SUCCESS
TXN00006973,U02316,U01594,1017.60,2026-02-06 14:16:00,P2P,SUCCESS
TXN00043410,U00296,M00352,1017.59,2026-01-25 22:28:00,P2M,SUCCESS
TXN00020951,U03668,M00971,1017.51,2026-01-17 03:05:00,P2M,SUCCESS
TXN00026477,U00991,M00747,1017.31,2026-06-24 15:15:00,P2M,SUCCESS
TXN00030133,U02584,M00105,1017.29,2026-04-26 12:07:00,P2M,SUCCESS
TXN00008308,U04605,M01180,1017.26,2026-03-09 04:57:00,P2M,SUCCESS
TXN00003234,U03736,U04323,1017.10,2026-05-10 08:09:00,P2P,SUCCESS
TXN00023882,U04448,U00897,1016.25,2026-06-24 17:37:00,P2P,SUCCESS
TXN00048721,U02891,U03229,1016.09,2026-01-25 19:51:00,P2P,SUCCESS
TXN00000502,U03829,U00401,1015.37,2026-04-20 01:59:00,P2P,SUCCESS
TXN00035720,U00101,M00577,1015.27,2026-04-22 09:46:00,P2M,FAILED
TXN00038731,U04762,M01251,1015.17,2026-06-17 05:35:00,P2M,FAILED
TXN00044604,U00399,M01152,1015.12,2026-02-23 17:08:00,P2M,SUCCESS
TXN00019801,U00066,U00344,1014.81,2026-06-19 18:10:00,P2P,FAILED
TXN00043349,U00450,M00487,1014.77,2026-03-08 12:33:00,P2M,SUCCESS
TXN00020339,U04132,U03080,1014.15,2026-01-04 03:28:00,P2P,FAILED
TXN00010301,U04183,M00247,1013.70,2026-01-07 11:29:00,P2M,SUCCESS
TXN00035396,U01591,M01296,1013.54,2026-01-05 07:52:00,P2M,SUCCESS
TXN00032801,U04164,M01320,1013.51,2026-04-04 12:13:00,P2M,SUCCESS
TXN00029109,U03876,M00577,1013.51,2026-03-11 13:10:00,P2M,SUCCESS
TXN00045679,U01941,U02659,1013.45,2026-06-22 19:20:00,P2P,SUCCESS
TXN00044879,U00874,U00491,1013.37,2026-04-20 20:13:00,P2P,FAILED
TXN00027427,U01164,U04241,1012.34,2026-01-03 10:49:00,P2P,SUCCESS
TXN00015859,U00738,U00104,1011.29,2026-04-25 14:45:00,P2P,SUCCESS
TXN00038247,U04312,M01334,1011.07,2026-04-11 04:56:00,P2M,SUCCESS
TXN00002837,U00184,M00704,1010.82,2026-06-01 02:55:00,P2M,SUCCESS
TXN00007872,U00573,M01260,1009.46,2026-03-09 02:28:00,P2M,SUCCESS
TXN00022028,U01130,U02544,1009.35,2026-03-06 21:20:00,P2P,SUCCESS
TXN00048576,U02639,U00401,1009.20,2026-04-03 16:31:00,P2P,FAILED
TXN00041645,U00927,M00042,1009.16,2026-02-16 19:36:00,P2M,SUCCESS
TXN00014010,U01607,U03988,1008.91,2026-06-07 20:22:00,P2P,SUCCESS
TXN00016214,U03366,M00567,1008.78,2026-03-12 23:55:00,P2M,SUCCESS
TXN00020671,U00759,M01134,1008.46,2026-03-20 10:17:00,P2M,SUCCESS
TXN00001801,U00538,M00308,1008.29,2026-03-15 04:51:00,P2M,SUCCESS
TXN00038903,U03458,U04891,1008.26,2026-02-09 06:32:00,P2P,SUCCESS
TXN00014174,U01146,U00550,1008.03,2026-03-13 05:24:00,P2P,SUCCESS
TXN00013761,U00917,M00093,1007.98,2026-04-20 23:36:00,P2M,SUCCESS
TXN00042336,U01863,U01395,1007.94,2026-05-19 17:35:00,P2P,PENDING
TXN00010479,U04388,U03433,1007.83,2026-06-02 08:26:00,P2P,SUCCESS
TXN00005581,U04023,U04623,1007.50,2026-02-22 09:58:00,P2P,PENDING
TXN00001708,U02733,M00736,1007.17,2026-05-24 00:22:00,P2M,SUCCESS
TXN00039684,U04749,U03912,1007.06,2026-03-21 15:51:00,P2P,SUCCESS
TXN00023308,U00245,M00658,1006.57,2026-04-20 20:51:00,P2M,SUCCESS
TXN00041513,U02721,U00122,1006.53,2026-02-25 23:58:00,P2P,SUCCESS
TXN00005710,U00759,M00261,1006.19,2026-01-19 12:53:00,P2M,SUCCESS
TXN00042277,U01405,M00642,1006.04,2026-04-17 01:18:00,P2M,SUCCESS
TXN00032547,U03813,M00902,1006.03,2026-06-24 10:38:00,P2M,SUCCESS
TXN00027484,U01069,U04706,1005.66,2026-02-09 14:52:00,P2P,SUCCESS
TXN00007167,U02636,U04681,1005.46,2026-01-02 06:38:00,P2P,SUCCESS
TXN00028276,U01348,M00166,1005.46,2026-01-04 12:17:00,P2M,SUCCESS
TXN00003625,U03561,M01188,1005.36,2026-06-20 23:31:00,P2M,SUCCESS
TXN00041620,U02321,M00060,1005.17,2026-05-22 10:21:00,P2M,SUCCESS
TXN00032792,U03689,M01155,1005.01,2026-05-10 14:36:00,P2M,SUCCESS
TXN00003462,U01865,M01307,1004.95,2026-02-18 09:59:00,P2M,SUCCESS
TXN00037378,U03529,M00526,1004.68,2026-06-01 00:08:00,P2M,SUCCESS
TXN00012310,U00254,M01150,1004.61,2026-05-17 14:52:00,P2M,FAILED
TXN00000168,U00410,M00562,1004.53,2026-06-22 08:34:00,P2M,SUCCESS
TXN00017798,U00364,M01431,1004.37,2026-04-01 18:26:00,P2M,FAILED
TXN00021985,U00690,U03472,1004.35,2026-03-03 00:05:00,P2P,SUCCESS
TXN00009877,U03864,M00200,1003.96,2026-01-17 02:14:00,P2M,SUCCESS
TXN00016886,U01677,M00877,1003.49,2026-06-22 11:21:00,P2M,SUCCESS
TXN00040854,U00029,U03106,1003.45,2026-03-13 06:43:00,P2P,SUCCESS
TXN00010333,U01574,M00393,1003.43,2026-01-13 13:29:00,P2M,SUCCESS
TXN00008503,U01316,U01635,1003.13,2026-01-21 20:51:00,P2P,SUCCESS
TXN00042318,U03579,M00606,1001.72,2026-03-12 20:58:00,P2M,SUCCESS
TXN00020258,U04476,U02828,1001.00,2026-05-13 11:11:00,P2P,FAILED
TXN00006151,U04993,U04138,1000.61,2026-03-03 17:58:00,P2P,SUCCESS
TXN00032372,U03836,M00719,1000.49,2026-01-22 03:56:00,P2M,SUCCESS
TXN00027679,U00459,M00124,1000.18,2026-02-26 05:32:00,P2M,SUCCESS
TXN00025574,U03437,M00815,1000.09,2026-06-10 12:41:00,P2M,SUCCESS
TXN00018555,U00258,M00761,999.98,2026-02-22 02:23:00,P2M,SUCCESS
TXN00014676,U00098,U00068,999.46,2026-01-13 02:22:00,P2P,FAILED
TXN00017753,U01700,M00748,999.37,2026-05-06 19:45:00,P2M,SUCCESS
TXN00046460,U03942,M00279,999.22,2026-04-03 22:16:00,P2M,SUCCESS
TXN00003962,U02364,M00509,999.12,2026-05-28 20:42:00,P2M,SUCCESS
TXN00026982,U04258,M00099,999.07,2026-06-19 02:54:00,P2M,SUCCESS
TXN00026184,U00931,M01432,998.73,2026-05-01 00:41:00,P2M,SUCCESS
TXN00016794,U04594,U03610,998.59,2026-06-15 15:56:00,P2P,SUCCESS
TXN00011277,U02115,M00500,998.14,2026-05-27 14:31:00,P2M,SUCCESS
TXN00007984,U01343,M00968,998.13,2026-05-17 22:36:00,P2M,SUCCESS
TXN00005771,U02594,M01293,997.42,2026-03-04 10:20:00,P2M,SUCCESS
TXN00043951,U00122,M00563,997.40,2026-03-04 22:49:00,P2M,SUCCESS
TXN00026456,U02215,U04791,997.10,2026-03-05 07:54:00,P2P,SUCCESS
TXN00014602,U00076,M00422,996.93,2026-03-02 05:01:00,P2M,SUCCESS
TXN00003004,U00363,M00886,996.78,2026-04-13 22:41:00,P2M,PENDING
TXN00010303,U01033,M00831,996.73,2026-03-06 05:11:00,P2M,SUCCESS
TXN00021444,U04786,M00941,996.67,2026-05-21 22:02:00,P2M,SUCCESS
TXN00037567,U04050,U04394,996.38,2026-03-31 12:57:00,P2P,SUCCESS
TXN00023439,U01951,U02000,996.34,2026-02-14 12:43:00,P2P,SUCCESS
TXN00025987,U02367,U00192,996.29,2026-03-03 19:28:00,P2P,SUCCESS
TXN00049571,U02751,M01168,996.20,2026-06-16 13:13:00,P2M,SUCCESS
TXN00033952,U00428,U00718,996.13,2026-06-06 02:04:00,P2P,SUCCESS
TXN00039967,U02240,U02389,996.08,2026-01-16 17:16:00,P2P,SUCCESS
TXN00000107,U01398,U03357,995.51,2026-03-06 05:49:00,P2P,SUCCESS
TXN00041761,U02102,M00394,995.39,2026-01-24 10:51:00,P2M,SUCCESS
TXN00033014,U00993,U01176,995.26,2026-03-09 18:34:00,P2P,SUCCESS
TXN00013158,U02982,U03690,995.18,2026-04-30 11:13:00,P2P,SUCCESS
TXN00022383,U04216,M00386,995.08,2026-02-14 15:59:00,P2M,SUCCESS
TXN00042389,U03075,U03270,994.87,2026-02-03 05:44:00,P2P,SUCCESS
TXN00032062,U03686,M00794,994.29,2026-01-01 06:03:00,P2M,SUCCESS
TXN00001527,U02937,M00843,994.16,2026-02-05 01:42:00,P2M,FAILED
TXN00027677,U01930,U03372,993.96,2026-02-24 18:10:00,P2P,SUCCESS
TXN00049808,U00677,M00390,993.73,2026-05-24 18:38:00,P2M,SUCCESS
TXN00015516,U02730,M01157,993.51,2026-05-02 21:51:00,P2M,SUCCESS
TXN00049543,U00914,M00521,993.47,2026-03-22 23:53:00,P2M,SUCCESS
TXN00035850,U02039,M00474,993.43,2026-06-14 16:22:00,P2M,SUCCESS
TXN00038711,U01004,M00365,993.26,2026-02-07 15:17:00,P2M,SUCCESS
TXN00030719,U00861,M00093,992.99,2026-04-17 12:08:00,P2M,SUCCESS
TXN00045437,U00509,M00299,992.08,2026-03-16 18:29:00,P2M,SUCCESS
TXN00000623,U02609,M00469,992.00,2026-03-03 14:48:00,P2M,SUCCESS
TXN00024240,U04866,M00612,991.81,2026-01-07 08:29:00,P2M,SUCCESS
TXN00048041,U01739,U04467,991.77,2026-01-21 11:52:00,P2P,SUCCESS
TXN00015850,U04929,U01053,991.66,2026-02-20 08:17:00,P2P,SUCCESS
TXN00037122,U00392,U01677,991.34,2026-02-21 07:54:00,P2P,SUCCESS
TXN00039777,U00477,U02147,991.34,2026-03-06 20:14:00,P2P,SUCCESS
TXN00000932,U03320,U03762,991.27,2026-04-21 11:43:00,P2P,SUCCESS
TXN00006224,U03214,U00978,990.19,2026-04-08 05:41:00,P2P,SUCCESS
TXN00033519,U01709,U03770,989.49,2026-04-25 01:52:00,P2P,SUCCESS
TXN00039621,U04375,M00285,989.32,2026-06-16 13:55:00,P2M,SUCCESS
TXN00025708,U00951,U01424,988.65,2026-05-25 12:06:00,P2P,SUCCESS
TXN00026894,U03322,M01487,987.96,2026-06-13 10:23:00,P2M,SUCCESS
TXN00028957,U01119,M00026,987.69,2026-02-23 16:29:00,P2M,SUCCESS
TXN00000606,U01087,M00733,987.60,2026-02-27 04:45:00,P2M,SUCCESS
TXN00041072,U00528,U01234,987.39,2026-03-01 21:34:00,P2P,SUCCESS
TXN00035670,U04866,M00803,987.32,2026-01-26 15:41:00,P2M,SUCCESS
TXN00000388,U03519,U02012,987.07,2026-04-28 18:06:00,P2P,FAILED
TXN00037052,U00511,U02494,987.05,2026-06-29 19:32:00,P2P,SUCCESS
TXN00046541,U01435,U02598,987.02,2026-01-12 10:26:00,P2P,SUCCESS
TXN00033082,U04325,M00947,986.86,2026-02-19 14:13:00,P2M,SUCCESS
TXN00045845,U04514,M00321,986.81,2026-06-16 05:36:00,P2M,SUCCESS
TXN00011839,U04877,M01234,986.28,2026-03-16 03:17:00,P2M,SUCCESS
TXN00045693,U02636,U04543,986.09,2026-01-30 16:24:00,P2P,FAILED
TXN00017330,U01596,M00685,985.61,2026-06-04 23:05:00,P2M,SUCCESS
TXN00020027,U03671,M00479,984.90,2026-01-29 06:42:00,P2M,SUCCESS
TXN00032458,U01226,M00013,984.90,2026-05-16 09:39:00,P2M,SUCCESS
TXN00030318,U00243,M01181,984.76,2026-06-02 19:22:00,P2M,SUCCESS
TXN00001625,U03676,M00279,984.67,2026-02-15 15:12:00,P2M,SUCCESS
TXN00021876,U04754,M01447,983.96,2026-06-27 13:06:00,P2M,SUCCESS
TXN00033620,U03602,U03215,983.93,2026-06-14 06:04:00,P2P,SUCCESS
TXN00040027,U02052,M00312,983.85,2026-03-02 08:07:00,P2M,SUCCESS
TXN00038555,U03728,M00995,983.37,2026-02-08 08:48:00,P2M,SUCCESS
TXN00019719,U02613,M00834,983.34,2026-01-19 07:13:00,P2M,SUCCESS
TXN00039069,U01038,U01660,982.92,2026-01-04 22:08:00,P2P,SUCCESS
TXN00006843,U01563,M00683,982.81,2026-01-23 01:20:00,P2M,SUCCESS
TXN00002553,U03169,M01305,982.72,2026-05-12 17:44:00,P2M,SUCCESS
TXN00011271,U03683,M00408,982.03,2026-04-27 03:47:00,P2M,SUCCESS
TXN00042623,U00985,U02343,981.81,2026-04-13 05:00:00,P2P,SUCCESS
TXN00046294,U02343,M00990,981.29,2026-02-17 16:56:00,P2M,SUCCESS
TXN00008851,U00581,M01111,981.13,2026-03-29 07:32:00,P2M,SUCCESS
TXN00004227,U04242,U00514,980.92,2026-03-18 22:36:00,P2P,SUCCESS
TXN00006133,U01991,M00358,980.75,2026-05-22 07:37:00,P2M,SUCCESS
TXN00010540,U01240,M00995,980.68,2026-06-21 11:41:00,P2M,SUCCESS
TXN00014951,U03946,M00450,980.27,2026-01-07 15:06:00,P2M,SUCCESS
TXN00048706,U04338,U03039,980.18,2026-03-04 03:45:00,P2P,SUCCESS
TXN00006204,U03184,M01119,979.79,2026-02-19 01:37:00,P2M,SUCCESS
TXN00017355,U02959,U00984,979.60,2026-04-14 14:09:00,P2P,SUCCESS
TXN00040687,U02096,M00142,979.47,2026-01-02 13:33:00,P2M,SUCCESS
TXN00048432,U02339,M01345,979.27,2026-02-13 07:55:00,P2M,SUCCESS
TXN00044939,U03648,M01470,978.66,2026-01-13 04:14:00,P2M,SUCCESS
TXN00000157,U01652,M00686,978.39,2026-02-16 15:41:00,P2M,SUCCESS
TXN00014255,U01437,U02844,978.35,2026-04-08 14:45:00,P2P,PENDING
TXN00045130,U01821,U02516,977.99,2026-02-03 08:35:00,P2P,SUCCESS
TXN00024004,U04447,M00115,977.26,2026-06-28 02:37:00,P2M,SUCCESS
TXN00031356,U03297,M00600,977.09,2026-06-23 17:54:00,P2M,SUCCESS
TXN00010112,U03963,U01395,977.08,2026-01-23 13:07:00,P2P,SUCCESS
TXN00044450,U04223,M00862,976.96,2026-06-03 04:40:00,P2M,SUCCESS
TXN00008587,U00080,M00620,976.96,2026-02-10 20:13:00,P2M,SUCCESS
TXN00047841,U00289,M00006,976.72,2026-04-13 18:26:00,P2M,SUCCESS
TXN00023872,U00261,U02562,976.00,2026-05-17 02:56:00,P2P,FAILED
TXN00025345,U04878,U03175,975.99,2026-05-20 06:35:00,P2P,SUCCESS
TXN00011505,U04342,M00151,975.98,2026-06-03 18:21:00,P2M,SUCCESS
TXN00013037,U00827,M01388,975.89,2026-02-25 16:26:00,P2M,SUCCESS
TXN00035460,U02982,M01422,975.60,2026-06-13 13:15:00,P2M,FAILED
TXN00042157,U03116,U01282,975.49,2026-05-10 23:55:00,P2P,SUCCESS
TXN00042547,U03519,M00168,975.48,2026-05-21 13:34:00,P2M,SUCCESS
TXN00015106,U00450,M00720,975.19,2026-01-08 00:15:00,P2M,SUCCESS
TXN00025702,U02354,U03882,973.99,2026-03-27 05:52:00,P2P,SUCCESS
TXN00030254,U03055,U02783,973.31,2026-05-02 14:51:00,P2P,SUCCESS
TXN00034762,U02291,U04186,972.97,2026-06-08 06:00:00,P2P,SUCCESS
TXN00035275,U02624,M00497,972.65,2026-01-05 17:02:00,P2M,SUCCESS
TXN00015950,U03604,M01171,972.61,2026-06-17 04:35:00,P2M,SUCCESS
TXN00041909,U01907,M00464,972.44,2026-01-15 22:22:00,P2M,SUCCESS
TXN00030334,U04668,U01934,972.28,2026-05-10 13:14:00,P2P,SUCCESS
TXN00014356,U02966,M00852,971.82,2026-01-03 20:12:00,P2M,SUCCESS
TXN00033020,U03426,M01379,971.72,2026-03-31 20:59:00,P2M,SUCCESS
TXN00036040,U01894,M00443,971.70,2026-02-28 02:50:00,P2M,SUCCESS
TXN00003532,U03890,M00119,971.70,2026-03-04 19:04:00,P2M,SUCCESS
TXN00014918,U03295,M00091,971.61,2026-03-04 18:23:00,P2M,SUCCESS
TXN00017771,U01175,M01304,970.85,2026-02-10 16:18:00,P2M,SUCCESS
TXN00004217,U01139,M00145,970.83,2026-01-22 20:18:00,P2M,SUCCESS
TXN00042976,U00815,M01354,970.66,2026-04-03 19:47:00,P2M,SUCCESS
TXN00021989,U04700,U03190,970.64,2026-03-14 10:55:00,P2P,SUCCESS
TXN00026967,U00906,M00940,970.41,2026-02-08 05:38:00,P2M,FAILED
TXN00025646,U03771,M00936,970.28,2026-02-21 00:44:00,P2M,SUCCESS
TXN00028999,U03425,M00393,970.24,2026-02-14 20:57:00,P2M,SUCCESS
TXN00034392,U02837,M00109,969.95,2026-06-06 20:02:00,P2M,SUCCESS
TXN00003921,U00060,M00538,969.89,2026-06-09 18:28:00,P2M,SUCCESS
TXN00026122,U04446,U02751,969.69,2026-05-02 08:50:00,P2P,SUCCESS
TXN00013257,U03044,M00227,969.57,2026-05-09 23:55:00,P2M,SUCCESS
TXN00013078,U04653,U01920,969.46,2026-05-04 03:44:00,P2P,SUCCESS
TXN00018504,U03053,M00052,969.19,2026-04-21 03:19:00,P2M,SUCCESS
TXN00023235,U00042,U03803,969.00,2026-01-15 20:01:00,P2P,SUCCESS
TXN00001520,U04975,M01192,968.72,2026-02-21 14:07:00,P2M,SUCCESS
TXN00021610,U03082,M01387,968.67,2026-06-21 10:00:00,P2M,SUCCESS
TXN00035581,U02560,M00130,968.62,2026-01-03 06:25:00,P2M,SUCCESS
TXN00017747,U02304,U03306,968.51,2026-06-24 05:24:00,P2P,SUCCESS
TXN00031170,U00537,M00529,968.50,2026-05-08 15:58:00,P2M,SUCCESS
TXN00029650,U00215,U02520,968.47,2026-05-24 05:51:00,P2P,SUCCESS
TXN00045716,U03704,U00389,968.40,2026-05-18 19:43:00,P2P,SUCCESS
TXN00041022,U04547,M00575,968.32,2026-03-26 17:46:00,P2M,SUCCESS
TXN00000032,U00117,M00514,967.23,2026-03-04 03:22:00,P2M,SUCCESS
TXN00041771,U04697,M00921,967.09,2026-01-10 03:07:00,P2M,SUCCESS
TXN00007635,U04519,U04783,967.03,2026-03-20 23:57:00,P2P,SUCCESS
TXN00040954,U01991,M00332,966.99,2026-03-17 10:57:00,P2M,SUCCESS
TXN00023991,U03672,M01391,966.31,2026-02-26 05:39:00,P2M,FAILED
TXN00010932,U02264,M00984,966.00,2026-06-18 08:33:00,P2M,SUCCESS
TXN00035310,U00068,M01313,965.40,2026-01-28 04:40:00,P2M,SUCCESS
TXN00035266,U03352,M01440,965.34,2026-03-15 11:07:00,P2M,SUCCESS
TXN00046736,U03096,U00530,964.96,2026-04-19 11:11:00,P2P,SUCCESS
TXN00004462,U04877,M00582,964.84,2026-06-02 14:04:00,P2M,SUCCESS
TXN00000651,U02719,M00079,964.50,2026-04-14 14:50:00,P2M,SUCCESS
TXN00015596,U04377,M00482,964.49,2026-06-01 02:09:00,P2M,SUCCESS
TXN00010081,U01833,M00189,964.26,2026-06-25 11:24:00,P2M,SUCCESS
TXN00002916,U02050,M00068,964.22,2026-04-14 14:33:00,P2M,SUCCESS
TXN00009111,U01604,M01026,963.81,2026-02-12 03:09:00,P2M,SUCCESS
TXN00009505,U01536,U01126,963.75,2026-06-18 05:46:00,P2P,SUCCESS
TXN00009517,U03492,M00244,963.61,2026-04-29 09:20:00,P2M,SUCCESS
TXN00036270,U03880,M01062,963.58,2026-06-29 21:47:00,P2M,SUCCESS
TXN00015404,U02966,M01141,963.44,2026-02-27 22:25:00,P2M,SUCCESS
TXN00025939,U02983,M00460,963.42,2026-03-06 14:42:00,P2M,SUCCESS
TXN00040499,U04571,U04410,963.37,2026-05-03 13:34:00,P2P,SUCCESS
TXN00048439,U01678,M00229,962.68,2026-03-09 20:29:00,P2M,SUCCESS
TXN00000886,U00696,M00816,962.66,2026-06-14 01:16:00,P2M,SUCCESS
TXN00000945,U03300,M00546,962.60,2026-03-21 07:47:00,P2M,SUCCESS
TXN00023605,U01319,M00945,962.58,2026-05-17 12:43:00,P2M,SUCCESS
TXN00040631,U03655,M00482,962.50,2026-02-14 01:28:00,P2M,SUCCESS
TXN00031121,U02271,M00945,962.41,2026-05-22 05:31:00,P2M,SUCCESS
TXN00006862,U00689,M00187,962.41,2026-03-03 04:40:00,P2M,SUCCESS
TXN00019492,U04030,U01574,961.92,2026-04-22 12:55:00,P2P,SUCCESS
TXN00049536,U01533,M00226,961.91,2026-01-28 12:20:00,P2M,SUCCESS
TXN00034038,U00041,M01325,961.73,2026-05-10 21:16:00,P2M,FAILED
TXN00014646,U01848,M00548,961.59,2026-02-02 18:13:00,P2M,SUCCESS
TXN00031036,U00935,U02525,960.61,2026-04-16 23:32:00,P2P,SUCCESS
TXN00047445,U03217,M00719,960.24,2026-03-14 21:17:00,P2M,SUCCESS
TXN00025676,U03592,M00388,959.95,2026-01-09 10:05:00,P2M,SUCCESS
TXN00041993,U00959,M00648,959.38,2026-04-15 08:18:00,P2M,SUCCESS
TXN00032885,U03787,M00519,958.92,2026-04-23 10:27:00,P2M,SUCCESS
TXN00020883,U03584,M00339,958.72,2026-02-11 07:56:00,P2M,SUCCESS
TXN00008942,U01787,M00405,958.67,2026-04-13 07:46:00,P2M,SUCCESS
TXN00038917,U00017,U03382,956.76,2026-06-02 08:34:00,P2P,SUCCESS
TXN00041634,U00324,U00725,956.59,2026-05-28 16:36:00,P2P,FAILED
TXN00018356,U00941,M00180,956.18,2026-03-05 20:29:00,P2M,SUCCESS
TXN00020098,U04408,M00703,955.92,2026-02-12 04:18:00,P2M,SUCCESS
TXN00030150,U01156,U03352,955.81,2026-05-29 09:00:00,P2P,SUCCESS
TXN00042250,U04233,M00740,955.77,2026-05-01 21:43:00,P2M,SUCCESS
TXN00001730,U02900,U02668,955.71,2026-04-15 05:02:00,P2P,SUCCESS
TXN00015451,U04598,M01392,955.52,2026-04-27 13:26:00,P2M,SUCCESS
TXN00048574,U04800,M00045,955.17,2026-02-14 05:17:00,P2M,SUCCESS
TXN00041369,U04118,M01427,954.88,2026-02-27 00:05:00,P2M,SUCCESS
TXN00038929,U02290,U04703,954.17,2026-05-10 12:12:00,P2P,SUCCESS
TXN00047909,U01523,M00798,953.04,2026-05-11 10:51:00,P2M,SUCCESS
TXN00015266,U00526,U01044,952.67,2026-05-24 03:34:00,P2P,SUCCESS
TXN00011294,U04792,M00454,952.43,2026-03-16 12:03:00,P2M,SUCCESS
TXN00025047,U01451,U00670,952.32,2026-01-23 03:15:00,P2P,SUCCESS
TXN00006822,U02952,U04157,952.24,2026-06-28 19:40:00,P2P,SUCCESS
TXN00021737,U03804,M00621,952.18,2026-06-18 11:01:00,P2M,SUCCESS
TXN00015851,U01472,U01977,951.60,2026-04-08 08:56:00,P2P,SUCCESS
TXN00008134,U00347,M00074,951.16,2026-01-10 04:28:00,P2M,SUCCESS
TXN00002815,U00066,M01159,951.15,2026-01-10 01:40:00,P2M,SUCCESS
TXN00014082,U04223,U02860,950.80,2026-05-31 23:23:00,P2P,SUCCESS
TXN00048735,U02682,U00832,950.79,2026-03-07 17:58:00,P2P,SUCCESS
TXN00028491,U02591,M01041,950.62,2026-04-05 23:18:00,P2M,SUCCESS
TXN00000394,U03697,U04380,950.26,2026-04-02 02:33:00,P2P,SUCCESS
TXN00049706,U03270,M01483,950.26,2026-01-28 22:10:00,P2M,SUCCESS
TXN00009944,U02939,M00959,950.04,2026-02-11 08:34:00,P2M,SUCCESS
TXN00032307,U04511,M00318,949.90,2026-04-12 13:26:00,P2M,SUCCESS
TXN00010973,U01550,M01033,949.69,2026-04-27 01:37:00,P2M,SUCCESS
TXN00018338,U02273,M01073,949.46,2026-02-08 01:14:00,P2M,SUCCESS
TXN00027346,U01431,U04434,949.10,2026-03-23 22:52:00,P2P,SUCCESS
TXN00043827,U02985,U00916,948.99,2026-06-18 10:01:00,P2P,SUCCESS
TXN00003190,U01084,M00203,948.78,2026-06-02 21:42:00,P2M,PENDING
TXN00013954,U04739,U01069,948.73,2026-03-10 00:16:00,P2P,SUCCESS
TXN00039991,U04418,M01001,948.48,2026-03-14 04:49:00,P2M,SUCCESS
TXN00014621,U00640,M00462,948.26,2026-05-26 21:54:00,P2M,SUCCESS
TXN00024530,U04843,M01375,948.21,2026-01-15 17:28:00,P2M,FAILED
TXN00045262,U02306,M00228,948.05,2026-02-02 01:28:00,P2M,SUCCESS
TXN00035202,U03057,M00695,947.99,2026-03-16 11:54:00,P2M,SUCCESS
TXN00016195,U00430,M00873,947.98,2026-04-27 22:14:00,P2M,SUCCESS
TXN00047702,U02251,U01555,947.29,2026-06-23 13:16:00,P2P,SUCCESS
TXN00048531,U00312,M00187,947.29,2026-01-04 10:05:00,P2M,SUCCESS
TXN00046515,U02339,M00959,946.49,2026-02-07 17:16:00,P2M,SUCCESS
TXN00012317,U00574,M00425,946.39,2026-01-15 02:27:00,P2M,SUCCESS
TXN00021061,U03533,M00174,946.04,2026-02-12 01:56:00,P2M,SUCCESS
TXN00001380,U03126,M00982,945.87,2026-05-14 20:13:00,P2M,SUCCESS
TXN00026956,U00005,U03076,945.64,2026-06-04 05:47:00,P2P,SUCCESS
TXN00029992,U01413,U03048,944.97,2026-06-02 13:02:00,P2P,SUCCESS
TXN00036835,U00873,U01830,944.56,2026-01-12 14:16:00,P2P,SUCCESS
TXN00044370,U04972,U02817,943.86,2026-03-22 23:51:00,P2P,SUCCESS
TXN00031031,U01357,U01700,943.76,2026-01-16 21:38:00,P2P,FAILED
TXN00016520,U04591,M00979,943.74,2026-05-12 23:16:00,P2M,SUCCESS
TXN00034989,U03700,U00362,943.57,2026-06-14 09:30:00,P2P,SUCCESS
TXN00047870,U01954,U00994,943.50,2026-02-23 19:27:00,P2P,SUCCESS
TXN00031225,U01038,M00521,943.39,2026-02-05 14:27:00,P2M,FAILED
TXN00034691,U02283,U00843,943.20,2026-04-08 00:55:00,P2P,SUCCESS
TXN00014465,U00997,U00423,943.03,2026-02-11 08:15:00,P2P,SUCCESS
TXN00017512,U00720,M00571,942.97,2026-05-14 05:35:00,P2M,SUCCESS
TXN00047404,U02163,U03325,942.81,2026-04-23 20:27:00,P2P,SUCCESS
TXN00025957,U01748,U00503,942.71,2026-03-06 05:20:00,P2P,SUCCESS
TXN00046654,U03810,M00773,942.68,2026-04-29 03:35:00,P2M,SUCCESS
TXN00039939,U01487,U00827,942.64,2026-03-02 05:13:00,P2P,SUCCESS
TXN00023231,U00495,M01041,942.57,2026-01-11 01:04:00,P2M,SUCCESS
TXN00020020,U03932,M00053,941.83,2026-04-13 02:55:00,P2M,SUCCESS
TXN00023701,U01987,M00421,941.76,2026-01-10 08:10:00,P2M,SUCCESS
TXN00019466,U03087,U02644,941.52,2026-04-09 01:10:00,P2P,SUCCESS
TXN00004578,U04698,U02769,941.49,2026-03-29 23:41:00,P2P,SUCCESS
TXN00033617,U00988,M01036,941.24,2026-04-28 21:23:00,P2M,SUCCESS
TXN00016227,U03766,M01317,941.08,2026-03-28 00:44:00,P2M,SUCCESS
TXN00007256,U04157,M01185,940.87,2026-05-06 10:36:00,P2M,SUCCESS
TXN00023291,U04128,M01285,940.76,2026-03-12 07:55:00,P2M,SUCCESS
TXN00014107,U01429,U04528,940.32,2026-04-08 05:54:00,P2P,SUCCESS
TXN00005804,U01286,M01174,940.17,2026-05-08 15:14:00,P2M,SUCCESS
TXN00044638,U02353,U04265,940.02,2026-02-18 10:11:00,P2P,SUCCESS
TXN00016006,U03734,M01069,939.83,2026-06-22 22:44:00,P2M,SUCCESS
TXN00015111,U04836,M01300,939.68,2026-04-16 22:33:00,P2M,SUCCESS
TXN00029500,U01559,M00933,939.54,2026-04-09 22:46:00,P2M,PENDING
TXN00003076,U03774,M00389,939.50,2026-02-25 17:14:00,P2M,SUCCESS
TXN00025286,U02090,M00505,938.95,2026-02-03 09:39:00,P2M,SUCCESS
TXN00016490,U02478,U00540,938.90,2026-05-13 20:35:00,P2P,SUCCESS
TXN00043491,U01710,M00780,938.54,2026-04-08 01:46:00,P2M,SUCCESS
TXN00013603,U04866,M00663,938.49,2026-04-09 05:50:00,P2M,SUCCESS
TXN00006656,U00333,U04045,938.46,2026-05-31 07:39:00,P2P,SUCCESS
TXN00028169,U02059,M00279,937.83,2026-06-20 14:37:00,P2M,SUCCESS
TXN00036319,U01272,M00055,937.65,2026-01-19 10:08:00,P2M,SUCCESS
TXN00016590,U01384,M00253,937.60,2026-02-27 16:19:00,P2M,SUCCESS
TXN00030914,U04444,U01417,937.11,2026-01-31 00:08:00,P2P,SUCCESS
TXN00021705,U00692,M01187,937.00,2026-06-18 23:05:00,P2M,SUCCESS
TXN00038596,U04494,U01886,936.91,2026-04-11 23:36:00,P2P,SUCCESS
TXN00023427,U01968,U01177,936.80,2026-04-14 02:20:00,P2P,SUCCESS
TXN00015438,U00771,U02414,936.78,2026-01-09 06:02:00,P2P,SUCCESS
TXN00044297,U04144,U02303,936.59,2026-01-10 06:17:00,P2P,SUCCESS
TXN00028644,U01279,M00524,936.55,2026-04-24 07:11:00,P2M,SUCCESS
TXN00012847,U00854,U03206,936.47,2026-06-12 04:47:00,P2P,SUCCESS
TXN00033752,U02020,U02213,936.32,2026-03-11 04:24:00,P2P,SUCCESS
TXN00027080,U00373,M01079,936.01,2026-02-03 15:39:00,P2M,SUCCESS
TXN00022794,U00092,M00512,935.84,2026-05-09 17:38:00,P2M,SUCCESS
TXN00004179,U01622,M01354,935.80,2026-04-26 12:05:00,P2M,SUCCESS
TXN00015367,U02189,U04730,935.40,2026-04-23 18:16:00,P2P,SUCCESS
TXN00022808,U01187,M00767,935.38,2026-04-14 00:25:00,P2M,SUCCESS
TXN00047098,U03298,U01983,935.35,2026-02-28 00:20:00,P2P,SUCCESS
TXN00048915,U02887,M01033,935.26,2026-05-24 12:44:00,P2M,SUCCESS
TXN00000770,U00799,M00751,935.03,2026-05-03 00:07:00,P2M,SUCCESS
TXN00022415,U03915,M01364,934.79,2026-01-03 08:43:00,P2M,SUCCESS
TXN00036008,U02556,U03081,934.75,2026-01-01 14:03:00,P2P,SUCCESS
TXN00038317,U02329,M01354,934.66,2026-04-22 21:58:00,P2M,SUCCESS
TXN00037607,U01514,M00773,934.32,2026-06-14 10:17:00,P2M,SUCCESS
TXN00010389,U00880,M00348,934.32,2026-01-30 08:13:00,P2M,SUCCESS
TXN00037720,U00147,M00185,934.06,2026-06-13 03:19:00,P2M,SUCCESS
TXN00029413,U00616,M01319,933.51,2026-06-02 03:10:00,P2M,SUCCESS
TXN00010630,U01076,U01075,933.50,2026-02-23 02:31:00,P2P,SUCCESS
TXN00035814,U02276,M01212,933.39,2026-05-06 11:57:00,P2M,PENDING
TXN00028721,U01659,M00100,933.12,2026-01-16 22:29:00,P2M,FAILED
TXN00002641,U02189,U04864,932.54,2026-04-16 04:54:00,P2P,PENDING
TXN00045810,U04160,U03339,932.48,2026-06-06 21:44:00,P2P,SUCCESS
TXN00046703,U03466,M00525,932.18,2026-05-31 16:36:00,P2M,SUCCESS
TXN00027266,U01232,U00213,932.03,2026-03-20 20:38:00,P2P,SUCCESS
TXN00033368,U01444,M00317,931.99,2026-03-29 09:49:00,P2M,SUCCESS
TXN00034878,U00232,M01015,931.74,2026-06-16 05:08:00,P2M,SUCCESS
TXN00023829,U04944,M01360,931.68,2026-03-15 10:51:00,P2M,SUCCESS
TXN00022617,U02190,U03147,931.45,2026-06-22 02:00:00,P2P,SUCCESS
TXN00008323,U01903,M00823,931.21,2026-02-09 20:35:00,P2M,SUCCESS
TXN00005231,U03856,M01131,931.19,2026-06-06 11:29:00,P2M,SUCCESS
TXN00043846,U00697,M01168,930.93,2026-02-07 22:09:00,P2M,SUCCESS
TXN00003374,U03867,M00754,930.87,2026-04-16 01:56:00,P2M,SUCCESS
TXN00011630,U03945,U01631,930.60,2026-03-01 11:05:00,P2P,SUCCESS
TXN00036857,U00864,M01131,930.23,2026-04-08 15:28:00,P2M,SUCCESS
TXN00018824,U03790,U03678,930.14,2026-02-28 18:57:00,P2P,SUCCESS
TXN00033428,U03032,U02992,930.11,2026-01-11 01:43:00,P2P,PENDING
TXN00006958,U03396,M00068,929.99,2026-06-09 23:10:00,P2M,SUCCESS
TXN00038550,U00693,U04970,929.97,2026-06-28 12:01:00,P2P,SUCCESS
TXN00038509,U01692,M00882,929.95,2026-05-13 16:05:00,P2M,SUCCESS
TXN00011160,U00054,U00759,929.66,2026-04-22 15:38:00,P2P,SUCCESS
TXN00006888,U01903,U00610,929.59,2026-03-15 23:04:00,P2P,SUCCESS
TXN00009406,U01888,M01163,929.46,2026-01-26 23:19:00,P2M,SUCCESS
TXN00021820,U03756,U00765,929.41,2026-02-22 06:15:00,P2P,SUCCESS
TXN00045636,U00204,M00662,929.33,2026-05-17 02:00:00,P2M,SUCCESS
TXN00036347,U03976,M01351,928.92,2026-03-16 00:30:00,P2M,SUCCESS
TXN00047935,U02123,M00228,928.91,2026-01-26 12:54:00,P2M,SUCCESS
TXN00018482,U04295,U00065,928.70,2026-05-24 17:26:00,P2P,SUCCESS
TXN00014227,U02858,M00246,928.67,2026-05-30 14:51:00,P2M,SUCCESS
TXN00002201,U03312,M00149,928.62,2026-01-07 00:05:00,P2M,SUCCESS
TXN00019394,U00596,M00673,928.44,2026-03-31 09:55:00,P2M,SUCCESS
TXN00021331,U00855,M00761,928.42,2026-04-25 03:20:00,P2M,SUCCESS
TXN00044021,U02201,M00959,928.37,2026-01-14 08:13:00,P2M,SUCCESS
TXN00031909,U03702,M00301,928.35,2026-06-08 13:00:00,P2M,SUCCESS
TXN00036678,U04252,M01388,928.04,2026-01-28 08:03:00,P2M,SUCCESS
TXN00032050,U03474,M01267,927.52,2026-01-29 23:18:00,P2M,SUCCESS
TXN00048180,U03735,M01208,927.51,2026-03-19 10:53:00,P2M,SUCCESS
TXN00047008,U03353,M00798,927.51,2026-03-11 04:48:00,P2M,SUCCESS
TXN00040845,U02692,M01125,926.80,2026-01-31 12:02:00,P2M,SUCCESS
TXN00009942,U01740,M00036,926.39,2026-02-07 15:36:00,P2M,SUCCESS
TXN00005176,U04389,U04094,926.32,2026-03-07 11:34:00,P2P,SUCCESS
TXN00015572,U01162,U04184,926.01,2026-04-26 22:47:00,P2P,SUCCESS
TXN00000968,U01748,M00706,925.93,2026-03-17 00:36:00,P2M,SUCCESS
TXN00048123,U04305,U04721,925.60,2026-04-21 22:34:00,P2P,SUCCESS
TXN00002027,U03485,M01407,925.59,2026-06-15 11:42:00,P2M,SUCCESS
TXN00043918,U02287,M00298,925.08,2026-01-15 07:55:00,P2M,SUCCESS
TXN00013693,U03313,M00965,924.99,2026-04-09 10:41:00,P2M,SUCCESS
TXN00041056,U00372,U03012,924.94,2026-02-04 23:08:00,P2P,SUCCESS
TXN00040031,U01332,M00761,924.87,2026-03-28 16:34:00,P2M,SUCCESS
TXN00045116,U02314,U00709,924.49,2026-05-01 12:03:00,P2P,SUCCESS
TXN00049373,U01868,M00863,924.24,2026-04-11 01:42:00,P2M,FAILED
TXN00004128,U03275,M00467,924.19,2026-02-19 13:35:00,P2M,SUCCESS
TXN00006646,U04838,M00074,924.00,2026-05-31 23:55:00,P2M,FAILED
TXN00017185,U02554,U01393,923.95,2026-02-15 12:50:00,P2P,SUCCESS
TXN00022493,U00216,U02512,923.49,2026-02-16 09:41:00,P2P,SUCCESS
TXN00000997,U03799,M00725,923.37,2026-01-10 00:20:00,P2M,SUCCESS
TXN00019192,U03732,M00787,923.26,2026-05-17 18:45:00,P2M,SUCCESS
TXN00045697,U04493,M00419,922.95,2026-01-16 21:07:00,P2M,SUCCESS
TXN00017856,U02754,U01094,922.85,2026-02-21 00:16:00,P2P,PENDING
TXN00014765,U04003,M01109,922.64,2026-03-21 08:48:00,P2M,FAILED
TXN00006642,U03313,M00877,922.57,2026-03-31 18:56:00,P2M,SUCCESS
TXN00031579,U03877,M00028,922.37,2026-04-08 09:13:00,P2M,SUCCESS
TXN00003340,U00290,U02001,922.33,2026-02-02 09:26:00,P2P,SUCCESS
TXN00028010,U00931,M00668,922.17,2026-04-12 09:46:00,P2M,SUCCESS
TXN00023618,U04631,U03188,922.09,2026-01-06 17:47:00,P2P,SUCCESS
TXN00000864,U01510,M01435,921.95,2026-03-03 06:13:00,P2M,SUCCESS
TXN00033028,U04185,M00395,921.71,2026-01-17 01:29:00,P2M,SUCCESS
TXN00002312,U03012,M01020,921.43,2026-06-15 22:54:00,P2M,SUCCESS
TXN00033115,U03021,U04890,921.41,2026-01-26 08:31:00,P2P,SUCCESS
TXN00036370,U01157,U03206,921.31,2026-02-16 02:11:00,P2P,SUCCESS
TXN00045109,U04859,U02982,921.30,2026-04-10 08:30:00,P2P,SUCCESS
TXN00027829,U00337,M00932,921.25,2026-02-12 00:09:00,P2M,SUCCESS
TXN00037920,U00595,M00149,921.13,2026-03-04 00:16:00,P2M,SUCCESS
TXN00043353,U04248,M00648,921.06,2026-05-27 09:55:00,P2M,SUCCESS
TXN00020085,U02880,M00268,921.02,2026-06-02 07:10:00,P2M,SUCCESS
TXN00000876,U02156,M00871,920.92,2026-04-27 06:03:00,P2M,SUCCESS
TXN00010020,U02156,M00915,920.90,2026-03-09 13:28:00,P2M,SUCCESS
TXN00028252,U04994,M00810,920.23,2026-04-20 07:57:00,P2M,SUCCESS
TXN00023979,U04122,U03472,920.07,2026-02-21 23:05:00,P2P,SUCCESS
TXN00045070,U00109,M00909,920.07,2026-03-26 10:18:00,P2M,SUCCESS
TXN00043032,U02589,M00084,919.86,2026-01-11 18:16:00,P2M,SUCCESS
TXN00046947,U04219,M00814,919.78,2026-02-28 07:35:00,P2M,SUCCESS
TXN00029432,U02361,U01222,919.74,2026-01-17 19:09:00,P2P,SUCCESS
TXN00021056,U01398,M00347,919.27,2026-02-14 13:33:00,P2M,FAILED
TXN00047944,U01574,M01129,918.87,2026-04-02 09:31:00,P2M,SUCCESS
TXN00033482,U00438,M00669,918.83,2026-05-21 22:31:00,P2M,SUCCESS
TXN00043423,U00944,U00666,918.77,2026-06-25 10:07:00,P2P,SUCCESS
TXN00015288,U04098,M01066,918.75,2026-03-29 08:36:00,P2M,SUCCESS
TXN00049388,U01215,M00714,918.36,2026-04-13 17:49:00,P2M,SUCCESS
TXN00029818,U03520,U04441,918.03,2026-03-05 07:28:00,P2P,PENDING
TXN00031986,U04394,M00972,917.60,2026-04-26 07:22:00,P2M,SUCCESS
TXN00025098,U00567,M00146,917.31,2026-03-17 08:44:00,P2M,SUCCESS
TXN00025048,U03129,M00593,917.27,2026-04-15 08:45:00,P2M,SUCCESS
TXN00017240,U03895,M00233,917.20,2026-03-26 22:31:00,P2M,SUCCESS
TXN00017132,U01027,U00440,916.92,2026-03-23 17:07:00,P2P,SUCCESS
TXN00021067,U01353,U01292,916.87,2026-06-13 10:10:00,P2P,SUCCESS
TXN00034154,U04635,M01387,916.79,2026-04-28 05:39:00,P2M,SUCCESS
TXN00026078,U00846,M00819,916.65,2026-06-10 01:22:00,P2M,SUCCESS
TXN00036413,U04368,M00467,916.60,2026-01-28 00:31:00,P2M,SUCCESS
TXN00035654,U04636,M00238,916.16,2026-04-29 00:06:00,P2M,SUCCESS
TXN00031576,U00270,U00786,916.07,2026-03-26 03:51:00,P2P,SUCCESS
TXN00034020,U02446,M00022,915.97,2026-05-13 01:19:00,P2M,SUCCESS
TXN00006366,U04328,U04281,915.29,2026-02-24 22:44:00,P2P,SUCCESS
TXN00009269,U04518,U03753,915.21,2026-06-04 04:07:00,P2P,SUCCESS
TXN00039303,U01202,M00741,915.11,2026-03-17 06:45:00,P2M,SUCCESS
TXN00039511,U00386,U04612,914.85,2026-05-22 01:26:00,P2P,SUCCESS
TXN00033753,U04119,M00279,914.47,2026-04-11 05:50:00,P2M,SUCCESS
TXN00026322,U04822,M01018,914.13,2026-05-13 00:56:00,P2M,SUCCESS
TXN00038524,U03118,M01175,913.88,2026-03-10 08:42:00,P2M,SUCCESS
TXN00047763,U01733,U03566,913.71,2026-01-19 21:27:00,P2P,SUCCESS
TXN00034242,U04642,M00578,913.67,2026-06-11 13:51:00,P2M,SUCCESS
TXN00024676,U01527,M01245,913.49,2026-05-13 02:55:00,P2M,SUCCESS
TXN00047285,U04090,M01087,913.45,2026-06-07 08:13:00,P2M,SUCCESS
TXN00005221,U00490,U02619,913.29,2026-01-03 05:43:00,P2P,SUCCESS
TXN00016471,U03274,U01926,913.19,2026-04-09 13:27:00,P2P,SUCCESS
TXN00012397,U02283,M00241,913.13,2026-01-18 00:48:00,P2M,SUCCESS
TXN00042447,U01709,M01453,913.12,2026-05-04 01:26:00,P2M,SUCCESS
TXN00026410,U00738,M00813,913.09,2026-05-08 23:05:00,P2M,SUCCESS
TXN00041927,U01042,M00608,912.79,2026-05-17 12:12:00,P2M,SUCCESS
TXN00021163,U03543,M00507,912.63,2026-05-26 15:55:00,P2M,SUCCESS
TXN00006730,U03922,M00931,912.63,2026-02-02 12:57:00,P2M,SUCCESS
TXN00018143,U03675,M01367,912.63,2026-04-09 07:47:00,P2M,SUCCESS
TXN00046224,U04673,M00050,912.61,2026-02-27 15:39:00,P2M,SUCCESS
TXN00021439,U00432,M00466,912.10,2026-06-25 10:43:00,P2M,SUCCESS
TXN00013671,U04856,M00785,912.01,2026-05-23 16:11:00,P2M,SUCCESS
TXN00007517,U03826,M00624,911.84,2026-04-04 04:55:00,P2M,SUCCESS
TXN00046729,U02890,M00501,911.46,2026-05-06 12:28:00,P2M,SUCCESS
TXN00040338,U02652,M01160,911.38,2026-04-10 11:42:00,P2M,SUCCESS
TXN00032665,U00026,M00383,911.37,2026-01-16 05:48:00,P2M,PENDING
TXN00013845,U03524,M01089,911.16,2026-01-08 14:22:00,P2M,PENDING
TXN00003216,U02108,U04262,910.99,2026-05-05 11:32:00,P2P,SUCCESS
TXN00010064,U00139,U02530,910.90,2026-04-08 20:04:00,P2P,SUCCESS
TXN00037192,U01903,U01629,910.75,2026-02-16 05:11:00,P2P,SUCCESS
TXN00013529,U02675,M01361,910.68,2026-04-06 19:01:00,P2M,SUCCESS
TXN00027751,U00697,U00896,910.44,2026-01-02 18:19:00,P2P,SUCCESS
TXN00013953,U00577,M00664,910.09,2026-06-26 09:19:00,P2M,SUCCESS
TXN00015136,U01073,U01743,909.95,2026-03-13 15:14:00,P2P,SUCCESS
TXN00045451,U02008,M01463,909.78,2026-04-23 20:30:00,P2M,SUCCESS
TXN00044475,U01951,M01057,909.48,2026-04-17 11:06:00,P2M,SUCCESS
TXN00016655,U04646,U03186,909.33,2026-04-23 21:50:00,P2P,SUCCESS
TXN00027880,U02850,M00211,909.17,2026-06-01 00:44:00,P2M,SUCCESS
TXN00033913,U04502,U01095,908.96,2026-05-23 11:00:00,P2P,SUCCESS
TXN00026239,U00017,M01209,908.11,2026-04-26 11:19:00,P2M,SUCCESS
TXN00022247,U04486,U00241,907.95,2026-01-12 03:02:00,P2P,SUCCESS
TXN00040197,U00766,U02918,907.89,2026-02-17 01:28:00,P2P,SUCCESS
TXN00016954,U02893,M00893,907.78,2026-06-01 01:40:00,P2M,SUCCESS
TXN00011198,U02041,M00769,907.51,2026-04-22 22:18:00,P2M,SUCCESS
TXN00029645,U02807,M00198,906.73,2026-03-16 15:10:00,P2M,SUCCESS
TXN00021858,U01464,U04640,906.39,2026-06-01 19:50:00,P2P,SUCCESS
TXN00033417,U00616,M00969,906.19,2026-05-12 18:43:00,P2M,SUCCESS
TXN00007199,U00717,U01915,906.12,2026-02-11 22:58:00,P2P,SUCCESS
TXN00046220,U01811,M00077,906.09,2026-02-19 12:58:00,P2M,SUCCESS
TXN00001852,U03296,M00009,905.98,2026-06-10 01:55:00,P2M,SUCCESS
TXN00014467,U03506,M00513,905.77,2026-01-24 14:07:00,P2M,SUCCESS
TXN00025514,U02559,M00198,905.29,2026-03-20 15:46:00,P2M,SUCCESS
TXN00020132,U03125,U04476,905.15,2026-04-30 11:05:00,P2P,SUCCESS
TXN00037700,U02257,M00924,905.14,2026-06-11 07:49:00,P2M,SUCCESS
TXN00043549,U02783,U03826,904.96,2026-06-11 11:43:00,P2P,SUCCESS
TXN00026254,U01034,M00685,904.05,2026-03-06 17:22:00,P2M,SUCCESS
TXN00023351,U02795,U00312,903.77,2026-03-11 00:34:00,P2P,SUCCESS
TXN00001542,U00207,U02728,903.62,2026-01-17 00:58:00,P2P,SUCCESS
TXN00027708,U03125,U01579,903.50,2026-04-25 04:38:00,P2P,SUCCESS
TXN00016147,U01200,M01304,902.63,2026-05-30 06:18:00,P2M,SUCCESS
TXN00024987,U04316,M00118,902.57,2026-05-28 18:32:00,P2M,SUCCESS
TXN00000768,U03380,M00921,902.51,2026-01-19 06:33:00,P2M,SUCCESS
TXN00015172,U01311,U02200,902.39,2026-02-20 22:10:00,P2P,SUCCESS
TXN00039262,U04703,M01452,902.07,2026-01-12 14:44:00,P2M,SUCCESS
TXN00010171,U03543,M00962,901.83,2026-05-07 03:15:00,P2M,SUCCESS
TXN00043452,U00409,U02723,901.32,2026-06-19 14:02:00,P2P,SUCCESS
TXN00028005,U03516,U03974,901.18,2026-05-05 03:06:00,P2P,SUCCESS
TXN00038287,U02834,M00848,901.12,2026-05-06 14:42:00,P2M,SUCCESS
TXN00005448,U01650,U01230,900.49,2026-01-23 08:15:00,P2P,FAILED
TXN00014815,U01445,M00351,900.31,2026-04-29 02:07:00,P2M,SUCCESS
TXN00036368,U02881,M00627,900.02,2026-02-05 15:54:00,P2M,SUCCESS
TXN00046624,U01463,U03358,899.75,2026-01-31 22:41:00,P2P,SUCCESS
TXN00044845,U03245,M00312,899.70,2026-02-07 21:16:00,P2M,SUCCESS
TXN00005612,U03109,M00339,899.23,2026-06-05 23:59:00,P2M,SUCCESS
TXN00020172,U04275,U04091,899.02,2026-03-08 10:41:00,P2P,SUCCESS
TXN00040021,U02184,M00957,898.61,2026-02-11 22:51:00,P2M,SUCCESS
TXN00028001,U02557,M01039,898.52,2026-04-08 07:56:00,P2M,SUCCESS
TXN00019833,U04337,M00753,898.50,2026-05-26 11:53:00,P2M,SUCCESS
TXN00000249,U04703,U00746,898.42,2026-03-03 08:42:00,P2P,SUCCESS
TXN00044354,U03619,U01843,898.33,2026-05-12 17:21:00,P2P,SUCCESS
TXN00020442,U01747,M00859,898.05,2026-06-19 20:46:00,P2M,SUCCESS
TXN00007441,U01157,M01354,898.01,2026-03-18 14:03:00,P2M,SUCCESS
TXN00022423,U00266,M00215,897.98,2026-01-04 21:02:00,P2M,SUCCESS
TXN00010370,U04572,M00638,897.94,2026-04-06 11:26:00,P2M,SUCCESS
TXN00041697,U00390,U00043,897.60,2026-06-14 06:20:00,P2P,SUCCESS
TXN00028473,U03407,M00575,897.21,2026-01-21 23:08:00,P2M,SUCCESS
TXN00035462,U00548,U04238,897.02,2026-03-16 08:09:00,P2P,SUCCESS
TXN00025692,U04859,U02844,896.96,2026-03-22 13:24:00,P2P,SUCCESS
TXN00026755,U00611,M00264,896.94,2026-01-26 03:43:00,P2M,FAILED
TXN00018238,U02818,M01065,896.85,2026-06-13 21:24:00,P2M,SUCCESS
TXN00014323,U02131,M00343,896.77,2026-02-28 18:21:00,P2M,SUCCESS
TXN00024949,U02511,M00344,896.68,2026-01-20 06:51:00,P2M,SUCCESS
TXN00024258,U02247,U01054,896.66,2026-03-05 06:15:00,P2P,SUCCESS
TXN00031978,U00678,M00051,896.58,2026-04-13 21:32:00,P2M,SUCCESS
TXN00008917,U02754,M00429,896.53,2026-04-22 14:55:00,P2M,SUCCESS
TXN00041642,U03486,M00697,896.19,2026-04-05 13:29:00,P2M,SUCCESS
TXN00011692,U02947,M00754,896.14,2026-06-06 18:17:00,P2M,SUCCESS
TXN00016748,U03895,M00734,895.41,2026-06-04 00:27:00,P2M,SUCCESS
TXN00023856,U01875,M01257,895.33,2026-05-29 08:12:00,P2M,SUCCESS
TXN00003309,U04225,U04651,895.17,2026-04-25 01:59:00,P2P,SUCCESS
TXN00018433,U00687,M00518,894.74,2026-05-20 00:24:00,P2M,SUCCESS
TXN00027143,U00994,M00795,894.39,2026-04-04 23:46:00,P2M,FAILED
TXN00039633,U04359,M01123,894.36,2026-02-20 16:14:00,P2M,SUCCESS
TXN00025608,U01107,U02302,894.33,2026-02-12 16:54:00,P2P,SUCCESS
TXN00022439,U03772,M01087,894.30,2026-06-07 15:49:00,P2M,SUCCESS
TXN00030813,U04105,M00059,894.18,2026-05-10 04:06:00,P2M,SUCCESS
TXN00039848,U02731,M01166,893.98,2026-05-25 15:53:00,P2M,PENDING
TXN00037574,U02008,M00517,893.32,2026-01-28 23:33:00,P2M,SUCCESS
TXN00002580,U04943,M00823,893.22,2026-02-11 11:26:00,P2M,SUCCESS
TXN00018348,U04807,M00835,892.95,2026-01-22 01:38:00,P2M,SUCCESS
TXN00049079,U02203,M01423,892.69,2026-03-03 06:33:00,P2M,SUCCESS
TXN00017297,U00381,M00672,892.61,2026-05-20 02:55:00,P2M,SUCCESS
TXN00047851,U00781,U02160,892.58,2026-05-21 02:08:00,P2P,SUCCESS
TXN00039842,U03949,U04139,892.50,2026-06-26 12:05:00,P2P,SUCCESS
TXN00049367,U00357,M00490,892.22,2026-06-06 16:42:00,P2M,SUCCESS
TXN00026698,U02464,U00844,891.93,2026-02-03 06:26:00,P2P,SUCCESS
TXN00032975,U02716,M00065,891.88,2026-02-05 13:56:00,P2M,PENDING
TXN00021697,U01522,M01342,891.60,2026-02-15 03:37:00,P2M,FAILED
TXN00013667,U03789,M00934,891.51,2026-02-12 21:41:00,P2M,FAILED
TXN00042920,U04159,M00724,891.41,2026-03-14 08:49:00,P2M,SUCCESS
TXN00041898,U00259,M00213,891.39,2026-03-25 00:21:00,P2M,SUCCESS
TXN00012852,U04197,M01496,891.30,2026-04-10 17:52:00,P2M,SUCCESS
TXN00002751,U01268,M00605,890.83,2026-02-05 04:04:00,P2M,SUCCESS
TXN00045577,U01270,U01997,890.81,2026-01-19 21:18:00,P2P,FAILED
TXN00000422,U02029,U01517,890.73,2026-01-31 15:39:00,P2P,SUCCESS
TXN00018285,U00847,M01190,890.71,2026-01-27 15:02:00,P2M,SUCCESS
TXN00021775,U04550,M01021,890.53,2026-05-25 06:23:00,P2M,SUCCESS
TXN00003067,U00561,M00964,890.42,2026-06-09 04:41:00,P2M,SUCCESS
TXN00000708,U01780,M01194,890.31,2026-04-30 07:28:00,P2M,FAILED
TXN00043394,U02020,U01852,890.26,2026-02-12 21:17:00,P2P,SUCCESS
TXN00030518,U01712,M00158,890.15,2026-03-12 09:25:00,P2M,SUCCESS
TXN00025273,U01591,U00022,889.75,2026-02-11 01:22:00,P2P,SUCCESS
TXN00013652,U03670,M01115,889.24,2026-04-26 03:54:00,P2M,SUCCESS
TXN00007117,U02786,U00735,889.11,2026-06-23 01:58:00,P2P,SUCCESS
TXN00031613,U04547,U03595,888.53,2026-05-26 11:26:00,P2P,SUCCESS
TXN00024607,U03735,U03555,888.52,2026-05-30 00:51:00,P2P,SUCCESS
TXN00044481,U02351,M00666,888.50,2026-03-27 04:36:00,P2M,SUCCESS
TXN00008608,U01322,M00369,888.42,2026-03-28 13:01:00,P2M,SUCCESS
TXN00030710,U00353,M00436,888.41,2026-02-25 02:03:00,P2M,SUCCESS
TXN00000678,U04316,M00714,888.41,2026-05-20 15:00:00,P2M,SUCCESS
TXN00028051,U04050,U04627,888.14,2026-02-16 23:19:00,P2P,SUCCESS
TXN00032019,U03123,M00846,888.07,2026-06-22 07:59:00,P2M,FAILED
TXN00017543,U02116,M00045,887.76,2026-04-08 01:07:00,P2M,SUCCESS
TXN00038689,U00903,M00079,887.59,2026-03-18 07:53:00,P2M,SUCCESS
TXN00006919,U01279,M00631,887.39,2026-03-15 11:09:00,P2M,SUCCESS
TXN00048154,U01859,M01255,887.13,2026-06-06 23:54:00,P2M,SUCCESS
TXN00049343,U03431,M00143,886.78,2026-02-04 16:52:00,P2M,SUCCESS
TXN00015825,U04115,U02094,886.52,2026-05-11 11:24:00,P2P,SUCCESS
TXN00001210,U03992,M00132,886.38,2026-02-22 01:45:00,P2M,SUCCESS
TXN00002441,U04058,M00257,886.38,2026-06-08 07:55:00,P2M,SUCCESS
TXN00012792,U01488,U02387,885.29,2026-01-28 09:43:00,P2P,SUCCESS
TXN00004945,U04654,U03864,885.29,2026-01-14 01:21:00,P2P,SUCCESS
TXN00026716,U04247,M00765,885.22,2026-04-13 11:31:00,P2M,SUCCESS
TXN00048103,U01992,U01796,884.88,2026-03-29 16:47:00,P2P,SUCCESS
TXN00002956,U03115,M00854,884.71,2026-03-05 12:15:00,P2M,SUCCESS
TXN00034213,U04533,U00026,884.62,2026-01-14 21:49:00,P2P,SUCCESS
TXN00019959,U03986,U03169,884.61,2026-01-29 03:37:00,P2P,SUCCESS
TXN00045343,U00810,M00865,884.53,2026-05-18 21:40:00,P2M,SUCCESS
TXN00044183,U02060,M01036,884.52,2026-01-09 05:23:00,P2M,SUCCESS
TXN00046121,U00090,M00807,884.50,2026-03-26 17:11:00,P2M,SUCCESS
TXN00015812,U00092,U01147,884.48,2026-04-07 23:17:00,P2P,FAILED
TXN00018161,U04985,U03356,884.43,2026-01-31 19:27:00,P2P,SUCCESS
TXN00045339,U03956,U03720,884.09,2026-04-17 22:49:00,P2P,SUCCESS
TXN00009388,U02868,M00705,884.05,2026-01-12 00:49:00,P2M,SUCCESS
TXN00045097,U03191,M00389,883.87,2026-06-11 07:00:00,P2M,SUCCESS
TXN00031245,U00229,U02472,883.76,2026-06-21 14:03:00,P2P,SUCCESS
TXN00019369,U00376,M01295,883.74,2026-04-13 10:32:00,P2M,SUCCESS
TXN00018290,U00248,U03187,883.61,2026-04-23 08:22:00,P2P,SUCCESS
TXN00008167,U04381,U04521,883.58,2026-05-08 22:45:00,P2P,SUCCESS
TXN00041426,U02720,M00438,883.46,2026-05-30 18:45:00,P2M,SUCCESS
TXN00041979,U02042,M01466,883.06,2026-03-07 15:26:00,P2M,SUCCESS
TXN00049928,U03027,U04283,882.99,2026-02-23 17:21:00,P2P,SUCCESS
TXN00026677,U00908,M00136,882.93,2026-04-17 12:15:00,P2M,SUCCESS
TXN00007511,U02256,U02012,882.83,2026-05-14 22:29:00,P2P,SUCCESS
TXN00006719,U03684,M01015,882.62,2026-05-16 13:07:00,P2M,SUCCESS
TXN00013117,U02232,U03317,882.56,2026-05-14 01:23:00,P2P,SUCCESS
TXN00029117,U02558,M00309,882.54,2026-03-02 19:06:00,P2M,PENDING
TXN00038892,U03727,M00858,882.45,2026-01-29 13:05:00,P2M,SUCCESS
TXN00020875,U03847,M01464,882.42,2026-06-21 12:10:00,P2M,SUCCESS
TXN00008705,U04266,U01843,882.42,2026-05-27 00:09:00,P2P,SUCCESS
TXN00021704,U00836,M01490,882.31,2026-03-17 12:50:00,P2M,FAILED
TXN00011720,U03523,M01451,882.26,2026-03-16 23:48:00,P2M,SUCCESS
TXN00015034,U01626,U02045,882.19,2026-02-10 18:10:00,P2P,SUCCESS
TXN00029695,U00225,U03465,882.06,2026-04-21 09:26:00,P2P,SUCCESS
TXN00035326,U04149,M00507,882.06,2026-03-24 23:37:00,P2M,SUCCESS
TXN00046164,U04644,M00449,881.84,2026-03-29 22:04:00,P2M,SUCCESS
TXN00031086,U02974,M00820,881.76,2026-01-11 04:43:00,P2M,SUCCESS
TXN00044775,U02321,M01425,881.76,2026-01-25 12:19:00,P2M,SUCCESS
TXN00020508,U03403,M01407,881.33,2026-06-07 02:12:00,P2M,FAILED
TXN00046796,U03260,U02979,881.14,2026-04-20 15:46:00,P2P,SUCCESS
TXN00019848,U03786,M00836,880.63,2026-04-15 04:37:00,P2M,SUCCESS
TXN00046584,U04877,M00329,880.62,2026-05-19 17:39:00,P2M,SUCCESS
TXN00035106,U01582,U03119,880.57,2026-05-08 08:55:00,P2P,SUCCESS
TXN00020123,U02070,M00447,880.55,2026-03-06 23:06:00,P2M,SUCCESS
TXN00023487,U03285,M00129,880.43,2026-02-02 10:22:00,P2M,SUCCESS
TXN00012913,U04483,M01194,880.22,2026-01-08 16:10:00,P2M,SUCCESS
TXN00026579,U01118,M00018,880.14,2026-05-15 02:00:00,P2M,SUCCESS
TXN00041599,U03125,U02307,880.10,2026-01-04 12:06:00,P2P,SUCCESS
TXN00006600,U03528,M00733,879.89,2026-05-28 10:19:00,P2M,SUCCESS
TXN00019945,U02277,M00870,879.83,2026-02-07 12:21:00,P2M,SUCCESS
TXN00037083,U03294,U01960,879.53,2026-05-24 10:48:00,P2P,SUCCESS
TXN00026960,U04455,M00477,879.23,2026-02-20 22:11:00,P2M,SUCCESS
TXN00045168,U00509,M00524,878.66,2026-04-30 16:03:00,P2M,SUCCESS
TXN00030033,U01843,M01209,878.55,2026-02-20 07:46:00,P2M,SUCCESS
TXN00002291,U04723,U01734,878.37,2026-02-14 07:56:00,P2P,SUCCESS
TXN00002813,U02914,M00734,878.33,2026-01-14 02:19:00,P2M,SUCCESS
TXN00033594,U01124,U00745,877.83,2026-03-09 02:20:00,P2P,FAILED
TXN00008885,U04929,M01345,877.68,2026-02-27 23:01:00,P2M,SUCCESS
TXN00013043,U01599,U01376,877.62,2026-03-14 13:30:00,P2P,SUCCESS
TXN00042456,U02883,M00822,877.47,2026-05-09 17:44:00,P2M,SUCCESS
TXN00025502,U04025,U02472,876.45,2026-05-28 14:37:00,P2P,SUCCESS
TXN00001015,U02851,M01011,876.18,2026-01-14 06:24:00,P2M,SUCCESS
TXN00040473,U03920,M01222,875.67,2026-06-16 15:51:00,P2M,SUCCESS
TXN00049296,U03445,M00614,875.55,2026-06-09 01:32:00,P2M,SUCCESS
TXN00003055,U00832,M00601,875.41,2026-01-28 18:24:00,P2M,SUCCESS
TXN00012039,U02116,M01415,875.28,2026-04-19 04:24:00,P2M,SUCCESS
TXN00029390,U01621,U04244,875.01,2026-04-20 06:53:00,P2P,SUCCESS
TXN00009417,U01827,U00340,874.75,2026-02-16 12:20:00,P2P,SUCCESS
TXN00028716,U01612,U00334,874.70,2026-05-04 11:42:00,P2P,SUCCESS
TXN00021679,U00057,M00697,874.63,2026-01-04 23:03:00,P2M,SUCCESS
TXN00037082,U04427,M00872,874.57,2026-03-13 22:53:00,P2M,SUCCESS
TXN00016851,U01522,M00735,874.30,2026-04-09 02:13:00,P2M,SUCCESS
TXN00043374,U00717,M00948,873.99,2026-03-17 11:15:00,P2M,SUCCESS
TXN00036539,U03487,M00884,873.96,2026-03-12 11:14:00,P2M,SUCCESS
TXN00041439,U04715,U04968,873.78,2026-05-24 14:05:00,P2P,SUCCESS
TXN00034073,U04896,M00118,873.67,2026-05-13 16:00:00,P2M,SUCCESS
TXN00001911,U02777,U03769,873.61,2026-02-06 09:56:00,P2P,SUCCESS
TXN00030975,U00342,U04234,873.10,2026-04-01 00:55:00,P2P,SUCCESS
TXN00034092,U01323,M00622,873.00,2026-02-03 02:36:00,P2M,SUCCESS
TXN00045822,U04189,U00239,872.97,2026-02-07 06:04:00,P2P,SUCCESS
TXN00035431,U02659,M01137,872.68,2026-02-02 16:28:00,P2M,SUCCESS
TXN00028656,U00673,M01270,872.63,2026-02-04 14:42:00,P2M,SUCCESS
TXN00005190,U02896,M01078,872.61,2026-01-09 23:18:00,P2M,SUCCESS
TXN00019540,U03699,M00365,872.35,2026-02-27 05:03:00,P2M,SUCCESS
TXN00011082,U01196,M01371,872.13,2026-02-07 10:03:00,P2M,SUCCESS
TXN00007476,U04948,U02724,871.99,2026-03-17 05:48:00,P2P,SUCCESS
TXN00016615,U00509,M00603,871.83,2026-05-12 13:57:00,P2M,SUCCESS
TXN00034356,U04614,M00823,871.70,2026-04-29 03:05:00,P2M,PENDING
TXN00019819,U04056,M00589,871.59,2026-04-10 06:23:00,P2M,SUCCESS
TXN00049497,U04730,U04619,871.53,2026-04-01 23:54:00,P2P,SUCCESS
TXN00011799,U01082,M00058,871.23,2026-02-27 16:54:00,P2M,FAILED
TXN00048135,U00575,M00859,870.62,2026-01-08 06:29:00,P2M,SUCCESS
TXN00011758,U00742,M00866,870.51,2026-02-13 19:52:00,P2M,FAILED
TXN00027719,U00137,U03337,870.31,2026-02-07 06:15:00,P2P,SUCCESS
TXN00007367,U02517,M00365,870.24,2026-01-31 10:34:00,P2M,SUCCESS
TXN00039698,U01705,U00251,870.17,2026-04-25 10:39:00,P2P,FAILED
TXN00048151,U04953,M01073,870.14,2026-02-10 16:13:00,P2M,SUCCESS
TXN00001025,U04449,M01159,869.93,2026-06-06 01:12:00,P2M,SUCCESS
TXN00048832,U00125,M00056,869.78,2026-06-01 23:59:00,P2M,SUCCESS
TXN00044508,U03916,U01302,869.68,2026-03-18 16:38:00,P2P,SUCCESS
TXN00001483,U00186,U03447,869.50,2026-02-03 05:55:00,P2P,SUCCESS
TXN00025294,U02815,M01280,869.13,2026-03-13 17:47:00,P2M,SUCCESS
TXN00025302,U03663,M00456,869.04,2026-05-24 19:20:00,P2M,SUCCESS
TXN00043544,U02361,M01283,869.02,2026-05-12 04:41:00,P2M,SUCCESS
TXN00004622,U01092,U01608,868.96,2026-03-14 12:27:00,P2P,SUCCESS
TXN00016178,U01997,U00814,868.79,2026-02-06 11:32:00,P2P,SUCCESS
TXN00036922,U04062,M01073,868.76,2026-05-13 22:28:00,P2M,SUCCESS
TXN00007501,U03927,M00468,868.56,2026-01-15 05:42:00,P2M,SUCCESS
TXN00020528,U04287,U04880,868.43,2026-01-20 14:31:00,P2P,SUCCESS
TXN00029697,U02672,M00662,867.83,2026-06-25 08:22:00,P2M,SUCCESS
TXN00002898,U03688,U00150,867.83,2026-06-25 22:08:00,P2P,SUCCESS
TXN00021759,U03465,M01346,867.62,2026-04-22 11:21:00,P2M,SUCCESS
TXN00030282,U04127,U01047,867.52,2026-06-11 06:31:00,P2P,SUCCESS
TXN00023508,U03464,M01324,867.23,2026-05-25 16:21:00,P2M,SUCCESS
TXN00037015,U00119,U04179,866.64,2026-03-19 06:53:00,P2P,SUCCESS
TXN00007808,U02732,U01383,866.63,2026-01-19 11:06:00,P2P,SUCCESS
TXN00043062,U02833,M01260,866.44,2026-01-13 19:31:00,P2M,SUCCESS
TXN00019049,U02418,M00251,866.36,2026-06-26 23:43:00,P2M,SUCCESS
TXN00018119,U02779,M01007,866.30,2026-01-16 23:35:00,P2M,SUCCESS
TXN00017291,U01896,U00758,866.04,2026-06-28 08:36:00,P2P,PENDING
TXN00030805,U01528,U00566,866.01,2026-03-25 15:51:00,P2P,SUCCESS
TXN00005722,U03503,U01598,865.95,2026-05-07 05:15:00,P2P,SUCCESS
TXN00041043,U01636,U03010,865.91,2026-05-31 08:51:00,P2P,SUCCESS
TXN00047843,U02095,U04574,865.84,2026-05-02 00:08:00,P2P,SUCCESS
TXN00017389,U04338,M00421,865.81,2026-02-23 13:46:00,P2M,SUCCESS
TXN00020195,U00444,M00252,865.61,2026-01-22 21:36:00,P2M,PENDING
TXN00042021,U03447,U01093,865.42,2026-02-04 03:10:00,P2P,SUCCESS
TXN00044154,U03688,M00904,865.15,2026-01-24 00:00:00,P2M,SUCCESS
